Workbook
Name MANDARINA_SEASON: WEEKLY_TEAMS!$A$1:$CY$52
Name PLAYER_STAT_TABLE: PLAYER_STAT!$1:$984
Name LeagueStandingsTable: LEAGUE_STANDINGS!$B$13:$L$110

Sheet MATCH_DATES
B1: Season to start 9/4/25
A2: 45904 | B2: MATCH DAY 1
A3: 45911 | B3: MATCH DAY 2
A4: 45918 | B4: MATCH DAY 3
A5: 45925 | B5: MATCH DAY 4
A6: 45932 | B6: MATCH DAY 5
A7: 45939 | B7: MATCH DAY 6
A8: 45946 | B8: MATCH DAY 7
A9: 45953 | B9: MATCH DAY 8
A15: WHAT IS THE PRIORITY SORTING FOR THIS
A17: With the updated formula I provided, the priority sorting is as follows:
A19: Total Points (CQ) - Highest priority, sorted in descending order.
A21: Wins (CR) - Second priority, sorted in descending order.
A23: Draws (CS) - Third priority, sorted in descending order.
A25: Losses (CT) - Fourth priority, sorted in descending order.
A27: Goals (CU) - Fifth priority, sorted in descending order.
A29: Clean Sheets (CV) - Sixth priority, sorted in descending order.
A31: Attendance (Matches Played) (CP) - Last priority, sorted in descending order.
A33: This order ensures that Total Points will always take precedence, followed by the other criteria in the order specified. This way, even if a player or team has high values in goals or clean sheets, the primary sorting criterion will still be Total Points.

Sheet PLAYER_PROFILE
A1: Timestamp | B1: PlayerName | C1: Nickname | D1: MemberStatus | E1: Agreed
A2: 45897.806 | B2: Joseph Muro | D2: With a Buddy / Con un Buddy | E2: Yes
A3: 45897.808 | B3: Juan Pablo Valladares | C3: Juanpi | D3: Weekly Player / Jugador Semanal | E3: Yes
A4: 45897.81 | B4: Iury Da Silva | C4: Da Silva | D4: With a Buddy / Con un Buddy | E4: Yes
A5: 45897.812 | B5: José Blanco | C5: Isco | D5: Weekly Player / Jugador Semanal | E5: Yes
A6: 45897.812 | B6: Gerardo Mendizabal | D6: Weekly Player / Jugador Semanal | E6: Yes
A7: 45897.822 | B7: Carlos Haro | D7: With a Buddy / Con un Buddy | E7: Yes
A8: 45897.832 | B8: Carlos Silva | C8: Carlos | D8: Weekly Player / Jugador Semanal | E8: Yes
A9: 45897.836 | B9: Walter Acero | D9: Sub / Suplente | E9: Yes
A10: 45897.848 | B10: Fabian Munoz | D10: Weekly Player / Jugador Semanal | E10: Yes
A11: 45897.853 | B11: Jordan toledo | C11: Jordan | D11: Weekly Player / Jugador Semanal | E11: Yes
A12: 45897.854 | B12: Nicolas Galviz | D12: Weekly Player / Jugador Semanal | E12: Yes
A13: 45897.869 | B13: Jhony Sanchez | D13: Weekly Player / Jugador Semanal | E13: Yes
A14: 45897.927 | B14: Rudy Ramirez | D14: Weekly Player / Jugador Semanal | E14: Yes
A15: 45897.934 | B15: Jose Sarza | C15: Jose | D15: Weekly Player / Jugador Semanal | E15: Yes
A16: 45897.945 | B16: luis enrique martinez | C16: Cuñis | D16: Weekly Player / Jugador Semanal | E16: Yes
A17: 45897.962 | B17: Efrain Jauregui | C17: Poli | D17: Weekly Player / Jugador Semanal | E17: Yes
A18: 45897.968 | B18: Eder Martinez | C18: Eder | D18: With a Buddy / Con un Buddy | E18: Yes
A19: 45897.998 | B19: Victor Nizama | C19: Victor N | D19: Weekly Player / Jugador Semanal | E19: Yes
A20: 45898.035 | B20: David Toro | D20: Weekly Player / Jugador Semanal | E20: Yes
A21: 45898.501 | B21: C Valverde | C21: Valverde | D21: Weekly Player / Jugador Semanal | E21: Yes
A22: 45898.703 | B22: Jesus David | C22: Chuchin | D22: With a Buddy / Con un Buddy | E22: Yes
A23: 45898.821 | B23: Asdruval Villanueva | D23: Weekly Player / Jugador Semanal | E23: Yes
A24: 45898.857 | B24: Osmin DLeon | C24: Sobras | D24: Weekly Player / Jugador Semanal | E24: Yes
A25: 45899.54 | B25: Honorio Hernandez | C25: Honorio | D25: With a Buddy / Con un Buddy | E25: Yes
A26: 45901.523 | B26: Andres Aguayo | D26: With a Buddy / Con un Buddy | E26: Yes
A27: 45901.654 | B27: Roberto Carlos Cruz | C27: Presi | D27: Weekly Player / Jugador Semanal | E27: Yes
A28: 45902.54 | B28: Cesar Lopez | D28: With a Buddy / Con un Buddy | E28: Yes
A29: 45902.651 | B29: Jeff Arce | D29: Sub / Suplente | E29: Yes
A30: 45903.972 | B30: Jose Cerf | C30: Chato | D30: Weekly Player / Jugador Semanal | E30: Yes
A31: 45904.415 | B31: Luis De La Rosa | C31: Chavito/Taliban | D31: With a Buddy / Con un Buddy | E31: Yes
A32: 45904.423 | B32: Rodolfo Toledo | D32: Weekly Player / Jugador Semanal | E32: Yes
A33: 45904.512 | B33: Luis Urueta | C33: Javier | D33: Weekly Player / Jugador Semanal | E33: Yes
A34: 45904.518 | B34: Alex Meneses | D34: With a Buddy / Con un Buddy | E34: Yes
A35: 45904.526 | B35: Gabriel Alava | C35: Gabo | D35: Weekly Player / Jugador Semanal | E35: Yes
A36: 45904.53 | B36: Guillermo Lenz | C36: Bolivia | D36: With a Buddy / Con un Buddy | E36: Yes
A37: 45904.786 | B37: Crisanto Valencia | C37: Valencia | D37: Weekly Player / Jugador Semanal | E37: Yes
A38: 45904.872 | B38: Michael Enriquez | C38: Mikey | D38: Weekly Player / Jugador Semanal | E38: Yes
A39: 45904.874 | B39: Oscar Rosales | C39: Pirlo | D39: Weekly Player / Jugador Semanal | E39: Yes
A40: 45904.965 | B40: J Enerson | D40: Weekly Player / Jugador Semanal | E40: Yes
A41: 45905.012 | B41: Nicky Diaz | D41: Weekly Player / Jugador Semanal | E41: Yes
A42: 45906.895 | B42: Ruben’s B. | C42: Ruben’s | D42: Weekly Player / Jugador Semanal | E42: Yes

Sheet WEEKLY_TEAMS
C1: MATCHDAY 1 | O1: MATCHDAY 2 | AA1: MATCHDAY 3 | AM1: MATCHDAY 4 | AY1: MATCHDAY 5 | BK1: MATCHDAY 6 | BW1: MATCHDAY 7 | CI1: MATCHDAY 8
A2: STATUS | B2: PLAYER | C2: MD 1 TEAM | D2: MD 1 TOTAL POINTS | E2: MD 1 ATTENDANCE | F2: MD 1 POINTS | G2: MD 1 (W) | H2: MD 1 (D) | I2: MD 1 (L) | J2: MD 1 GOALS | K2: MD 1 GOALIE POINT | L2: MD 1 CLEAN SHEET | M2: MD 1 RANK | N2: MD 1 FORM | O2: MD 2 TEAM | P2: MD 2 ACCUMULATED POINTS | Q2: MD 2 ATTENDANCE | R2: MD 2 POINTS | S2: MD 2 (W) | T2: MD 2 (D) | U2: MD 2 (L) | V2: MD 2 GOALS | W2: MD 2 GOALIE POINT | X2: MD 2 Clean Sheet | Y2: MD 2 RANK | Z2: MD 2 FORM | AA2: MD 3 TEAM | AB2: MD 3 ACCUMULATED POINTS | AC2: MD 3 ATTENDANCE | AD2: MD 3 POINTS | AE2: MD 3 (W) | AF2: MD 3 (D) | AG2: MD 3 (L) | AH2: MD 3 GOALS | AI2: MD 3 GOALIE POINT | AJ2: MD 3 CLEAN SHEET | AK2: MD 3 RANK | AL2: MD 3 FORM | AM2: MD 4 TEAM | AN2: MD 4 ACCUMULATED POINTS | AO2: MD 4 ATTENDANCE | AP2: MD 4 POINTS | AQ2: MD 4 (W) | AR2: MD 4 (D) | AS2: MD 4 (L) | AT2: MD 4 GOALS | AU2: MD 4 GOALIE POINT | AV2: MD 4 Clean Sheet | AW2: MD 4 RANK | AX2: MD 4 FORM | AY2: MD 5 TEAM | AZ2: MD 5 ACCUMULATED POINTS | BA2: MD 5 ATTENDANCE | BB2: MD 5 POINTS | BC2: MD 5 (W) | BD2: MD 5 (D) | BE2: MD 5 (L) | BF2: MD 5 GOALS | BG2: MD 5 GOALIE POINT | BH2: MD 5 CLEAN SHEET | BI2: MD 5 RANK | BJ2: MD 5 FORM | BK2: MD 6 TEAM | BL2: MD 6 ACCUMULATED POINTS | BM2: MD 6 ATTENDANCE | BN2: MD 6 POINTS | BO2: MD 6 (W) | BP2: MD 6 (D) | BQ2: MD 6 (L) | BR2: MD 6 GOALS | BS2: MD 6 GOALIE POINT | BT2: MD 6 Clean Sheet | BU2: MD 6 RANK | BV2: MD 6 FORM | BW2: MD 7 TEAM | BX2: MD 7 ACCUMULATED POINTS | BY2: MD 7 ATTENDANCE | BZ2: MD 7 POINTS | CA2: MD 7 (W) | CB2: MD 7 (D) | CC2: MD 7 (L) | CD2: MD 7 GOALS | CE2: MD 7 GOALIE POINT | CF2: MD 7 CLEAN SHEET | CG2: MD 7 RANK | CH2: MD 7 FORM | CI2: MD 8 TEAM | CJ2: MD 8 ACCUMULATED POINTS | CK2: MD 8 ATTENDANCE | CL2: MD 8 POINTS | CM2: MD 8 (W) | CN2: MD 8 (D) | CO2: MD 8 (L) | CP2: MD 8 GOALS | CQ2: MD 8 GOALIE POINT | CR2: MD 8 Clean Sheet | CS2: MD 8 RANK | CT2: MD 8 FORM | CU2: POINTS FOR GAMES | CV2: SEASON STATUS | CW2: PLAYER_ | CX2: TOTAL POINTS | CY2: ATTENDANCE | CZ2: WINS | DA2: DRAWS | DB2: LOSSES | DC2: GOALS | DD2: GOALIE POINT | DE2: CLEAN SHEETS
A3: 🍂🎃 | B3: Alex 👬 Gus | C3: GREEN | D3: =SUM(E3:F3)+K3 -> 4 | E3: =COUNTA(C3)*2 -> 2 | F3: =(G3*2)+(H3*1) -> 2 | G3: =IF(C3<>"", COUNTIFS(MATCH_INPUT!$K$2:$K$5,C3), 0) -> 1 | H3: =IF(C3<>"", COUNTIFS(MATCH_INPUT!$F$2:$F$5, C3, MATCH_INPUT!$K$2:$K$5, "Draw") + COUNTIFS(MATCH_INPUT!$J$2:$J$5, C3, MATCH_INPUT!$K$2:$K$5, "Draw"), 0) -> 0 | I3: =IF(C3<>"", COUNTIFS(MATCH_INPUT!$F$2:$F$5, C3, MATCH_INPUT!$K$2:$K$5, "<>"&C3, MATCH_INPUT!$K$2:$K$5, "<>Draw", MATCH_INPUT!$K$2:$K$5, "<>""") + COUNTIFS(MATCH_INPUT!$J$2:$J$5, C3, MATCH_INPUT!$K$2:$K$5, "<>"&C3, MATCH_INPUT!$K$2:$K$5, "<>Draw", MATCH_INPUT!$K$2:$K$5, "<>"""), 0) -> 1 | J3: {=IFERROR( INDEX(PLAYER_STAT!E$2:E64, MATCH(1, (PLAYER_STAT!A$2:A64 = MATCH_DATES!$A$2) * (PLAYER_STAT!D$2:D64 = $B3), 0) ), "" )} | K3: {=IFERROR( INDEX(PLAYER_STAT!F$2:F64, MATCH(1, (PLAYER_STAT!A$2:A64 = MATCH_DATES!$A$2) * (PLAYER_STAT!D$2:D64 = $B3), 0) ), "" )} | L3: {=IFERROR( INDEX(PLAYER_STAT!G$2:G64, MATCH(1, (PLAYER_STAT!A$2:A64 = MATCH_DATES!$A$2) * (PLAYER_STAT!D$2:D64 = $B3), 0) ), "" )} | M3: =RANK(D3, D$3:D$39, 0) -> 11 | N3: =IF(M3<1, "↑", IF(M3>1, "↓", "=")) -> ↓ | O3: BLUE | P3: =SUM(Q3:R3)+D3+W3 -> 9 | Q3: =COUNTA(O3)*2 -> 2 | R3: =(S3*2)+(T3*1) -> 3 | S3: =IF(O3<>"", COUNTIFS(MATCH_INPUT!$K$6:$K$9,O3), 0) -> 1 | T3: =IF(O3<>"", COUNTIFS(MATCH_INPUT!$F$6:$F$9, O3, MATCH_INPUT!$K$6:$K$9, "Draw") + COUNTIFS(MATCH_INPUT!$J$6:$J$9, O3, MATCH_INPUT!$K$6:$K$9, "Draw"), 0) -> 1 | U3: =IF(O3<>"", COUNTIFS(MATCH_INPUT!$F$6:$F$9, O3, MATCH_INPUT!$K$6:$K$9, "<>"&O3, MATCH_INPUT!$K$6:$K$9, "<>Draw", MATCH_INPUT!$K$6:$K$9, "<>""") + COUNTIFS(MATCH_INPUT!$J$6:$J$9, O3, MATCH_INPUT!$K$6:$K$9, "<>"&O3, MATCH_INPUT!$K$6:$K$9, "<>Draw", MATCH_INPUT!$K$6:$K$9, "<>"""), 0) -> 0 | V3: {=IFERROR( INDEX(PLAYER_STAT!E$2:E64, MATCH(1, (PLAYER_STAT!A$2:A64 = MATCH_DATES!$A$3) * (PLAYER_STAT!D$2:D64 = $B3), 0) ), "" )} | W3: {=IFERROR( INDEX(PLAYER_STAT!F$2:F64, MATCH(1, (PLAYER_STAT!A$2:A64 = MATCH_DATES!$A$3) * (PLAYER_STAT!D$2:D64 = $B3), 0) ), "" )} | X3: {=IFERROR( INDEX(PLAYER_STAT!G$2:G64, MATCH(1, (PLAYER_STAT!A$2:A64 = MATCH_DATES!$A$3) * (PLAYER_STAT!D$2:D64 = $B3), 0) ), "" )} | Y3: =RANK(P3, P$3:P$38, 0) -> 9 | Z3: =IF(Y3<M3, "↑", IF(Y3>M3, "↓", "=")) -> ↑ | AA3: MAGENTA | AB3: =SUM(AC3:AD3)+P3+AI3 -> 13 | AC3: =COUNTA(AA3)*2 -> 2 | AD3: =SUM(AE3*2)+(AF3*1) -> 2 | AE3: =IF(AA3<>"", COUNTIFS(MATCH_INPUT!$K$10:$K$13,AA3), 0) -> 1 | AF3: =IF(AA3<>"", COUNTIFS(MATCH_INPUT!$F$10:$F$13, AA3, MATCH_INPUT!$K$10:$K$13, "Draw") + COUNTIFS(MATCH_INPUT!$J$10:$J$13, AA3, MATCH_INPUT!$K$10:$K$13, "Draw"), 0) -> 0 | AG3: =IF(AA3<>"", COUNTIFS(MATCH_INPUT!$F$10:$F$13, AA3, MATCH_INPUT!$K$10:$K$13, "<>"&AA3, MATCH_INPUT!$K$10:$K$13, "<>Draw", MATCH_INPUT!$K$10:$K$13, "<>""") + COUNTIFS(MATCH_INPUT!$J$10:$J$13, AA3, MATCH_INPUT!$K$10:$K$13, "<>"&AA3, MATCH_INPUT!$K$10:$K$13, "<>Draw", MATCH_INPUT!$K$10:$K$13, "<>"""), 0) -> 1 | AH3: {=IFERROR( INDEX(PLAYER_STAT!E$2:E64, MATCH(1, (PLAYER_STAT!A$2:A64 = MATCH_DATES!$A$4) * (PLAYER_STAT!D$2:D64 = $B3), 0) ), "" )} | AI3: {=IFERROR( INDEX(PLAYER_STAT!F$2:F64, MATCH(1, (PLAYER_STAT!A$2:A64 = MATCH_DATES!$A$4) * (PLAYER_STAT!D$2:D64 = $B3), 0) ), "" )} | AJ3: {=IFERROR( INDEX(PLAYER_STAT!G$2:G64, MATCH(1, (PLAYER_STAT!A$2:A64 = MATCH_DATES!$A$4) * (PLAYER_STAT!D$2:D64 = $B3), 0) ), "" )} | AK3: =RANK(AB3, AB$3:AB$38, 0) -> 10 | AL3: =IF(AK3<Y3, "↑", IF(AK3>Y3, "↓", "=")) -> ↓ | AM3: MAGENTA | AN3: =SUM(AO3:AP3)+AB3+AU3 -> 15 | AO3: =COUNTA(AM3)*2 -> 2 | AP3: =SUM(AQ3*2)+(AR3*1) -> 0 | AQ3: =IF(AM3<>"", COUNTIFS(MATCH_INPUT!$K$14:$K$17,AM3), 0) -> 0 | AR3: =IF(AM3<>"", COUNTIFS(MATCH_INPUT!$F$14:$F$17, AM3, MATCH_INPUT!$K$14:$K$17, "Draw") + COUNTIFS(MATCH_INPUT!$J$14:$J$17, AM3, MATCH_INPUT!$K$14:$K$17, "Draw"), 0) -> 0 | AS3: =IF(AM3<>"", COUNTIFS(MATCH_INPUT!$F$14:$F$17, AM3, MATCH_INPUT!$K$14:$K$17, "<>"&AM3, MATCH_INPUT!$K$14:$K$17, "<>Draw", MATCH_INPUT!$K$14:$K$17, "<>""") + COUNTIFS(MATCH_INPUT!$J$14:$J$17, AM3, MATCH_INPUT!$K$14:$K$17, "<>"&AM3, MATCH_INPUT!$K$14:$K$17, "<>Draw", MATCH_INPUT!$K$14:$K$17, "<>"""), 0) -> 2 | AT3: {=IFERROR( INDEX(PLAYER_STAT!E$2:E64, MATCH(1, (PLAYER_STAT!A$2:A64 = MATCH_DATES!$A$5) * (PLAYER_STAT!D$2:D64 = $B3), 0) ), "" )} | AU3: {=IFERROR( INDEX(PLAYER_STAT!F$2:F64, MATCH(1, (PLAYER_STAT!A$2:A64 = MATCH_DATES!$A$5) * (PLAYER_STAT!D$2:D64 = $B3), 0) ), "" )} | AV3: {=IFERROR( INDEX(PLAYER_STAT!G$2:G64, MATCH(1, (PLAYER_STAT!A$2:A64 = MATCH_DATES!$A$5) * (PLAYER_STAT!D$2:D64 = $B3), 0) ), "" )} | AW3: =RANK(AN3, AN$3:AN$38, 0) -> 16 | AX3: =IF(AW3<AK3, "↑", IF(AW3>AK3, "↓", "=")) -> ↓ | AY3: ORANGE | AZ3: =SUM(BA3:BB3)+BG3+AN3 -> 18 | BA3: =COUNTA(AY3)*2 -> 2 | BB3: =SUM(BC3*2) + (BD3*1) + SUMIFS(MATCH_INPUT!$G$18:$G$21, MATCH_INPUT!$F$18:$F$21, AY3) + SUMIFS(MATCH_INPUT!$I$18:$I$21, MATCH_INPUT!$J$18:$J$21, AY3) -> 1 | BC3: =IF(AY3<>"", COUNTIFS(MATCH_INPUT!$K$18:$K$21,AY3), 0) -> 0 | BD3: =IF(AY3<>"", COUNTIFS(MATCH_INPUT!$F$18:$F$21, AY3, MATCH_INPUT!$K$18:$K$21, "Draw") + COUNTIFS(MATCH_INPUT!$J$18:$J$21, AY3, MATCH_INPUT!$K$18:$K$21, "Draw"), 0) -> 0 | BE3: =IF(AY3<>"", COUNTIFS(MATCH_INPUT!$F$18:$F$21, AY3, MATCH_INPUT!$K$18:$K$21, "<>"&AY3, MATCH_INPUT!$K$18:$K$21, "<>Draw", MATCH_INPUT!$K$18:$K$21, "<>""") + COUNTIFS(MATCH_INPUT!$J$18:$J$21, AY3, MATCH_INPUT!$K$18:$K$21, "<>"&AY3, MATCH_INPUT!$K$18:$K$21, "<>Draw", MATCH_INPUT!$K$18:$K$21, "<>"""), 0) -> 2 | BF3: {=IFERROR( INDEX(PLAYER_STAT!E$2:E64, MATCH(1, (PLAYER_STAT!A$2:A64 = MATCH_DATES!$A$6) * (PLAYER_STAT!D$2:D64 = $B3), 0) ), "" )} | BG3: {=IFERROR( INDEX(PLAYER_STAT!F$2:F64, MATCH(1, (PLAYER_STAT!A$2:A64 = MATCH_DATES!$A$6) * (PLAYER_STAT!D$2:D64 = $B3), 0) ), "" )} | BH3: {=IFERROR( INDEX(PLAYER_STAT!G$2:G64, MATCH(1, (PLAYER_STAT!A$2:A64 = MATCH_DATES!$A$6) * (PLAYER_STAT!D$2:D64 = $B3), 0) ), "" )} | BI3: =RANK(AZ3, AZ$3:AZ$38, 0) -> 24 | BJ3: =IF(BI3<AW3, "↑", IF(BI3>AW3, "↓", "=")) -> ↓ | BK3: MAGENTA | BL3: =SUM(BM3:BN3)+BS3+AZ3 -> 27 | BM3: =COUNTA(BK3)*2 -> 2 | BN3: =SUM(BO3*2) + (BP3*1) + SUMIFS(MATCH_INPUT!$G$22:$G$25, MATCH_INPUT!$F$22:$F$25, BK3) + SUMIFS(MATCH_INPUT!$I$22:$I$25, MATCH_INPUT!$J$22:$J$25, BK3) -> 7 | BO3: =IF(BK3<>"", COUNTIFS(MATCH_INPUT!$K$22:$K$25,BK3), 0) -> 1 | BP3: =IF(BK3<>"", COUNTIFS(MATCH_INPUT!$F$22:$F$25, BK3, MATCH_INPUT!$K$22:$K$25, "Draw") + COUNTIFS(MATCH_INPUT!$J$22:$J$25, BK3, MATCH_INPUT!$K$22:$K$25, "Draw"), 0) -> 1 | BQ3: =IF(BK3<>"", COUNTIFS(MATCH_INPUT!$F$22:$F$25, BK3, MATCH_INPUT!$K$22:$K$25, "<>"&BK3, MATCH_INPUT!$K$22:$K$25, "<>Draw", MATCH_INPUT!$K$22:$K$25, "<>""") + COUNTIFS(MATCH_INPUT!$J$22:$J$25, BK3, MATCH_INPUT!$K$22:$K$25, "<>"&BK3, MATCH_INPUT!$K$22:$K$25, "<>Draw", MATCH_INPUT!$K$22:$K$25, "<>"""), 0) -> 0 | BR3: {=IFERROR( INDEX(PLAYER_STAT!E$2:E64, MATCH(1, (PLAYER_STAT!A$2:A64 = MATCH_DATES!$A$7) * (PLAYER_STAT!D$2:D64 = $B3), 0) ), "" )} | BS3: {=IFERROR( INDEX(PLAYER_STAT!F$2:F64, MATCH(1, (PLAYER_STAT!A$2:A64 = MATCH_DATES!$A$7) * (PLAYER_STAT!D$2:D64 = $B3), 0) ), "" )} | BT3: {=IFERROR( INDEX(PLAYER_STAT!G$2:G64, MATCH(1, (PLAYER_STAT!A$2:A64 = MATCH_DATES!$A$7) * (PLAYER_STAT!D$2:D64 = $B3), 0) ), "" )} | BU3: =RANK(BL3, BL$3:BL$38, 0) -> 23 | BV3: =IF(BU3<BI3, "↑", IF(BU3>BI3, "↓", "=")) -> ↑ | BW3: MAGENTA | BX3: =SUM(BY3:BZ3)+CE3+BL3 -> 30 | BY3: =COUNTA(BW3)*2 -> 2 | BZ3: =SUM(CA3*2)+(CB3*1) + SUMIFS(MATCH_INPUT!$G$26:$G$29, MATCH_INPUT!$F$26:$F$29, BW3) + SUMIFS(MATCH_INPUT!$I$26:$I$29, MATCH_INPUT!$J$26:$J$29, BW3) -> 1 | CA3: =IF(BW3<>"", COUNTIFS(MATCH_INPUT!$K$26:$K$29,BW3), 0) -> 0 | CB3: =IF(BW3<>"", COUNTIFS(MATCH_INPUT!$F$26:$F$29, BW3, MATCH_INPUT!$K$26:$K$29, "Draw") + COUNTIFS(MATCH_INPUT!$J$26:$J$29, BW3, MATCH_INPUT!$K$26:$K$29, "Draw"), 0) -> 0 | CC3: =IF(BW3<>"", COUNTIFS(MATCH_INPUT!$F$26:$F$29, BW3, MATCH_INPUT!$K$26:$K$29, "<>"&BW3, MATCH_INPUT!$K$26:$K$29, "<>Draw", MATCH_INPUT!$K$26:$K$29, "<>""") + COUNTIFS(MATCH_INPUT!$J$26:$J$29, BW3, MATCH_INPUT!$K$26:$K$29, "<>"&BW3, MATCH_INPUT!$K$26:$K$29, "<>Draw", MATCH_INPUT!$K$26:$K$29, "<>"""), 0) -> 2 | CD3: {=IFERROR( INDEX(PLAYER_STAT!E$2:E64, MATCH(1, (PLAYER_STAT!A$2:A64 = MATCH_DATES!$A$8) * (PLAYER_STAT!D$2:D64 = $B3), 0) ), "" )} | CE3: {=IFERROR( INDEX(PLAYER_STAT!F$2:F64, MATCH(1, (PLAYER_STAT!A$2:A64 = MATCH_DATES!$A$8) * (PLAYER_STAT!D$2:D64 = $B3), 0) ), "" )} | CF3: {=IFERROR( INDEX(PLAYER_STAT!G$2:G64, MATCH(1, (PLAYER_STAT!A$2:A64 = MATCH_DATES!$A$8) * (PLAYER_STAT!D$2:D64 = $B3), 0) ), "" )} | CG3: =RANK(BX3, BX$3:BX$38, 0) -> 25 | CH3: =IF(CG3<BU3, "↑", IF(CG3>BU3, "↓", "=")) -> ↓ | CI3: MAGENTA | CJ3: =SUM(CK3:CL3)+CQ3+BX3 -> 39 | CK3: =COUNTA(CI3)*2 -> 2 | CL3: =SUM(CM3*2)+(CN3*1) + SUMIFS(MATCH_INPUT!$G$30:$G$33, MATCH_INPUT!$F$30:$F$33, CI3) + SUMIFS(MATCH_INPUT!$I$30:$I$33, MATCH_INPUT!$J$30:$J$33, CI3) -> 7 | CM3: =IF(CI3<>"", COUNTIFS(MATCH_INPUT!$K$30:$K$33,CI3), 0) -> 1 | CN3: =IF(CI3<>"", COUNTIFS(MATCH_INPUT!$F$30:$F$33, CI3, MATCH_INPUT!$K$30:$K$33, "Draw") + COUNTIFS(MATCH_INPUT!$J$30:$J$33, CI3, MATCH_INPUT!$K$30:$K$33, "Draw"), 0) -> 1 | CO3: =IF(CI3<>"", COUNTIFS(MATCH_INPUT!$F$30:$F$33, CI3, MATCH_INPUT!$K$30:$K$33, "<>"&CI3, MATCH_INPUT!$K$30:$K$33, "<>Draw", MATCH_INPUT!$K$30:$K$33, "<>""") + COUNTIFS(MATCH_INPUT!$J$30:$J$33, CI3, MATCH_INPUT!$K$30:$K$33, "<>"&CI3, MATCH_INPUT!$K$30:$K$33, "<>Draw", MATCH_INPUT!$K$30:$K$33, "<>"""), 0) -> 0 | CP3: {=IFERROR( INDEX(PLAYER_STAT!E$2:E64, MATCH(1, (PLAYER_STAT!A$2:A64 = MATCH_DATES!$A$9) * (PLAYER_STAT!D$2:D64 = $B3), 0) ), "" )} | CQ3: {=IFERROR( INDEX(PLAYER_STAT!F$2:F64, MATCH(1, (PLAYER_STAT!A$2:A64 = MATCH_DATES!$A$9) * (PLAYER_STAT!D$2:D64 = $B3), 0) ), "" )} | CR3: {=IFERROR( INDEX(PLAYER_STAT!G$2:G64, MATCH(1, (PLAYER_STAT!A$2:A64 = MATCH_DATES!$A$9) * (PLAYER_STAT!D$2:D64 = $B3), 0) ), "" )} | CS3: =RANK(CJ3, CJ$3:CJ$38, 0) -> 25 | CT3: =IF(CS3<CG3, "↑", IF(CS3>CG3, "↓", "=")) -> = | CU3: =SUM(F3,R3,AD3,AP3,BB3,BN3,BZ3,CL3) -> 23 | CV3: =A3 -> 🍂🎃 | CW3: =B3 -> Alex 👬 Gus | CX3: =SUM(CU3,CY3,DD3) -> 39 | CY3: =SUM( IF(AND(MATCH_DATES!$A$2 <= TODAY(), NOW() >= MATCH_DATES!$A$2 + TIME(22, 0, 0)), E3, 0), IF(AND(MATCH_DATES!$A$3 <= TODAY(), NOW() >= MATCH_DATES!$A$3 + TIME(22, 0, 0)), Q3, 0), IF(AND(MATCH_DATES!$A$4 <= TODAY(), NOW() >= MATCH_DATES!$A$4 + TIME(22, 0, 0)), AC3, 0), IF(AND(MATCH_DATES!$A$5 <= TODAY(), NOW() >= MATCH_DATES!$A$5 + TIME(22, 0, 0)), AO3, 0), IF(AND(MATCH_DATES!$A$6 <= TODAY(), NOW() >= MATCH_DATES!$A$6 + TIME(22, 0, 0)), BA3, 0), IF(AND(MATCH_DATES!$A$7 <= TODAY(), NOW() >= MATCH_DATES!$A$7 + TIME(22, 0, 0)), BM3, 0), IF(AND(MATCH_DATES!$A$8 <= TODAY(), NOW() >= MATCH_DATES!$A$8 + TIME(22, 0, 0)), BY3, 0), IF(AND(MATCH_DATES!$A$9 <= TODAY(), NOW() >= MATCH_DATES!$A$9 + TIME(22, 0, 0)), CK3, 0) ) -> 16 | CZ3: =SUM(G3,S3,AE3,AQ3,BC3,BO3,CA3,CM3) -> 5 | DA3: =SUM(H3,T3,AF3,AR3,BD3,BP3,CB3,CN3) -> 3 | DB3: =SUM( IF(AND(MATCH_DATES!$A$2 <= TODAY(), NOW() >= MATCH_DATES!$A$2 + TIME(22, 0, 0)), I3, 0), IF(AND(MATCH_DATES!$A$3 <= TODAY(), NOW() >= MATCH_DATES!$A$3 + TIME(22, 0, 0)), U3, 0), IF(AND(MATCH_DATES!$A$4 <= TODAY(), NOW() >= MATCH_DATES!$A$4 + TIME(22, 0, 0)), AG3, 0), IF(AND(MATCH_DATES!$A$5 <= TODAY(), NOW() >= MATCH_DATES!$A$5 + TIME(22, 0, 0)), AS3, 0), IF(AND(MATCH_DATES!$A$6 <= TODAY(), NOW() >= MATCH_DATES!$A$6 + TIME(22, 0, 0)), BE3, 0), IF(AND(MATCH_DATES!$A$7 <= TODAY(), NOW() >= MATCH_DATES!$A$7 + TIME(22, 0, 0)), BQ3, 0), IF(AND(MATCH_DATES!$A$8 <= TODAY(), NOW() >= MATCH_DATES!$A$8 + TIME(22, 0, 0)), CC3, 0), IF(AND(MATCH_DATES!$A$9 <= TODAY(), NOW() >= MATCH_DATES!$A$9 + TIME(22, 0, 0)), CO3, 0) ) -> 8 | DC3: =sum(J3,V3,AH3,AT3,BF3,BR3,CD3,CP3) -> 0 | DD3: =SUM(K3,W3,AI3,AU3,BG3,BS3,CE3,CQ3) -> 0 | DE3: =SUM(L3,X3,AJ3,AV3,BH3,BT3,CF3,CR3) -> 0
A4: 🍂🎃 | B4: Andrés 👬 López | C4: BLUE | D4: =SUM(E4:F4)+K4 -> 4 | E4: =COUNTA(C4)*2 -> 2 | F4: =(G4*2)+(H4*1) -> 2 | G4: =IF(C4<>"", COUNTIFS(MATCH_INPUT!$K$2:$K$5,C4), 0) -> 1 | H4: =IF(C4<>"", COUNTIFS(MATCH_INPUT!$F$2:$F$5, C4, MATCH_INPUT!$K$2:$K$5, "Draw") + COUNTIFS(MATCH_INPUT!$J$2:$J$5, C4, MATCH_INPUT!$K$2:$K$5, "Draw"), 0) -> 0 | I4: =IF(C4<>"", COUNTIFS(MATCH_INPUT!$F$2:$F$5, C4, MATCH_INPUT!$K$2:$K$5, "<>"&C4, MATCH_INPUT!$K$2:$K$5, "<>Draw", MATCH_INPUT!$K$2:$K$5, "<>""") + COUNTIFS(MATCH_INPUT!$J$2:$J$5, C4, MATCH_INPUT!$K$2:$K$5, "<>"&C4, MATCH_INPUT!$K$2:$K$5, "<>Draw", MATCH_INPUT!$K$2:$K$5, "<>"""), 0) -> 1 | J4: {=IFERROR( INDEX(PLAYER_STAT!E$2:E64, MATCH(1, (PLAYER_STAT!A$2:A64 = MATCH_DATES!$A$2) * (PLAYER_STAT!D$2:D64 = $B4), 0) ), "" )} | K4: {=IFERROR( INDEX(PLAYER_STAT!F$2:F64, MATCH(1, (PLAYER_STAT!A$2:A64 = MATCH_DATES!$A$2) * (PLAYER_STAT!D$2:D64 = $B4), 0) ), "" )} | L4: {=IFERROR( INDEX(PLAYER_STAT!G$2:G64, MATCH(1, (PLAYER_STAT!A$2:A64 = MATCH_DATES!$A$2) * (PLAYER_STAT!D$2:D64 = $B4), 0) ), "" )} | M4: =RANK(D4, D$3:D$39, 0) -> 11 | N4: =IF(M4<1, "↑", IF(M4>1, "↓", "=")) -> ↓ | O4: GREEN | P4: =SUM(Q4:R4)+D4+W4 -> 7 | Q4: =COUNTA(O4)*2 -> 2 | R4: =(S4*2)+(T4*1) -> 1 | S4: =IF(O4<>"", COUNTIFS(MATCH_INPUT!$K$6:$K$9,O4), 0) -> 0 | T4: =IF(O4<>"", COUNTIFS(MATCH_INPUT!$F$6:$F$9, O4, MATCH_INPUT!$K$6:$K$9, "Draw") + COUNTIFS(MATCH_INPUT!$J$6:$J$9, O4, MATCH_INPUT!$K$6:$K$9, "Draw"), 0) -> 1 | U4: =IF(O4<>"", COUNTIFS(MATCH_INPUT!$F$6:$F$9, O4, MATCH_INPUT!$K$6:$K$9, "<>"&O4, MATCH_INPUT!$K$6:$K$9, "<>Draw", MATCH_INPUT!$K$6:$K$9, "<>""") + COUNTIFS(MATCH_INPUT!$J$6:$J$9, O4, MATCH_INPUT!$K$6:$K$9, "<>"&O4, MATCH_INPUT!$K$6:$K$9, "<>Draw", MATCH_INPUT!$K$6:$K$9, "<>"""), 0) -> 1 | V4: {=IFERROR( INDEX(PLAYER_STAT!E$2:E64, MATCH(1, (PLAYER_STAT!A$2:A64 = MATCH_DATES!$A$3) * (PLAYER_STAT!D$2:D64 = $B4), 0) ), "" )} | W4: {=IFERROR( INDEX(PLAYER_STAT!F$2:F64, MATCH(1, (PLAYER_STAT!A$2:A64 = MATCH_DATES!$A$3) * (PLAYER_STAT!D$2:D64 = $B4), 0) ), "" )} | X4: {=IFERROR( INDEX(PLAYER_STAT!G$2:G64, MATCH(1, (PLAYER_STAT!A$2:A64 = MATCH_DATES!$A$3) * (PLAYER_STAT!D$2:D64 = $B4), 0) ), "" )} | Y4: =RANK(P4, P$3:P$38, 0) -> 20 | Z4: =IF(Y4<M4, "↑", IF(Y4>M4, "↓", "=")) -> ↓ | AA4: ORANGE | AB4: =SUM(AC4:AD4)+P4+AI4 -> 9 | AC4: =COUNTA(AA4)*2 -> 2 | AD4: =SUM(AE4*2)+(AF4*1) -> 0 | AE4: =IF(AA4<>"", COUNTIFS(MATCH_INPUT!$K$10:$K$13,AA4), 0) -> 0 | AF4: =IF(AA4<>"", COUNTIFS(MATCH_INPUT!$F$10:$F$13, AA4, MATCH_INPUT!$K$10:$K$13, "Draw") + COUNTIFS(MATCH_INPUT!$J$10:$J$13, AA4, MATCH_INPUT!$K$10:$K$13, "Draw"), 0) -> 0 | AG4: =IF(AA4<>"", COUNTIFS(MATCH_INPUT!$F$10:$F$13, AA4, MATCH_INPUT!$K$10:$K$13, "<>"&AA4, MATCH_INPUT!$K$10:$K$13, "<>Draw", MATCH_INPUT!$K$10:$K$13, "<>""") + COUNTIFS(MATCH_INPUT!$J$10:$J$13, AA4, MATCH_INPUT!$K$10:$K$13, "<>"&AA4, MATCH_INPUT!$K$10:$K$13, "<>Draw", MATCH_INPUT!$K$10:$K$13, "<>"""), 0) -> 2 | AH4: {=IFERROR( INDEX(PLAYER_STAT!E$2:E64, MATCH(1, (PLAYER_STAT!A$2:A64 = MATCH_DATES!$A$4) * (PLAYER_STAT!D$2:D64 = $B4), 0) ), "" )} | AI4: {=IFERROR( INDEX(PLAYER_STAT!F$2:F64, MATCH(1, (PLAYER_STAT!A$2:A64 = MATCH_DATES!$A$4) * (PLAYER_STAT!D$2:D64 = $B4), 0) ), "" )} | AJ4: {=IFERROR( INDEX(PLAYER_STAT!G$2:G64, MATCH(1, (PLAYER_STAT!A$2:A64 = MATCH_DATES!$A$4) * (PLAYER_STAT!D$2:D64 = $B4), 0) ), "" )} | AK4: =RANK(AB4, AB$3:AB$38, 0) -> 29 | AL4: =IF(AK4<Y4, "↑", IF(AK4>Y4, "↓", "=")) -> ↓ | AN4: =SUM(AO4:AP4)+AB4+AU4 -> 9 | AO4: =COUNTA(AM4)*2 -> 0 | AP4: =SUM(AQ4*2)+(AR4*1) -> 0 | AQ4: =IF(AM4<>"", COUNTIFS(MATCH_INPUT!$K$14:$K$17,AM4), 0) -> 0 | AR4: =IF(AM4<>"", COUNTIFS(MATCH_INPUT!$F$14:$F$17, AM4, MATCH_INPUT!$K$14:$K$17, "Draw") + COUNTIFS(MATCH_INPUT!$J$14:$J$17, AM4, MATCH_INPUT!$K$14:$K$17, "Draw"), 0) -> 0 | AS4: =IF(AM4<>"", COUNTIFS(MATCH_INPUT!$F$14:$F$17, AM4, MATCH_INPUT!$K$14:$K$17, "<>"&AM4, MATCH_INPUT!$K$14:$K$17, "<>Draw", MATCH_INPUT!$K$14:$K$17, "<>""") + COUNTIFS(MATCH_INPUT!$J$14:$J$17, AM4, MATCH_INPUT!$K$14:$K$17, "<>"&AM4, MATCH_INPUT!$K$14:$K$17, "<>Draw", MATCH_INPUT!$K$14:$K$17, "<>"""), 0) -> 0 | AT4: {=IFERROR( INDEX(PLAYER_STAT!E$2:E64, MATCH(1, (PLAYER_STAT!A$2:A64 = MATCH_DATES!$A$5) * (PLAYER_STAT!D$2:D64 = $B4), 0) ), "" )} | AU4: {=IFERROR( INDEX(PLAYER_STAT!F$2:F64, MATCH(1, (PLAYER_STAT!A$2:A64 = MATCH_DATES!$A$5) * (PLAYER_STAT!D$2:D64 = $B4), 0) ), "" )} | AV4: {=IFERROR( INDEX(PLAYER_STAT!G$2:G64, MATCH(1, (PLAYER_STAT!A$2:A64 = MATCH_DATES!$A$5) * (PLAYER_STAT!D$2:D64 = $B4), 0) ), "" )} | AW4: =RANK(AN4, AN$3:AN$38, 0) -> 34 | AX4: =IF(AW4<AK4, "↑", IF(AW4>AK4, "↓", "=")) -> ↓ | AY4: BLUE | AZ4: =SUM(BA4:BB4)+BG4+AN4 -> 14 | BA4: =COUNTA(AY4)*2 -> 2 | BB4: =SUM(BC4*2) + (BD4*1) + SUMIFS(MATCH_INPUT!$G$18:$G$21, MATCH_INPUT!$F$18:$F$21, AY4) + SUMIFS(MATCH_INPUT!$I$18:$I$21, MATCH_INPUT!$J$18:$J$21, AY4) -> 2 | BC4: =IF(AY4<>"", COUNTIFS(MATCH_INPUT!$K$18:$K$21,AY4), 0) -> 0 | BD4: =IF(AY4<>"", COUNTIFS(MATCH_INPUT!$F$18:$F$21, AY4, MATCH_INPUT!$K$18:$K$21, "Draw") + COUNTIFS(MATCH_INPUT!$J$18:$J$21, AY4, MATCH_INPUT!$K$18:$K$21, "Draw"), 0) -> 1 | BE4: =IF(AY4<>"", COUNTIFS(MATCH_INPUT!$F$18:$F$21, AY4, MATCH_INPUT!$K$18:$K$21, "<>"&AY4, MATCH_INPUT!$K$18:$K$21, "<>Draw", MATCH_INPUT!$K$18:$K$21, "<>""") + COUNTIFS(MATCH_INPUT!$J$18:$J$21, AY4, MATCH_INPUT!$K$18:$K$21, "<>"&AY4, MATCH_INPUT!$K$18:$K$21, "<>Draw", MATCH_INPUT!$K$18:$K$21, "<>"""), 0) -> 1 | BF4: {=IFERROR( INDEX(PLAYER_STAT!E$2:E64, MATCH(1, (PLAYER_STAT!A$2:A64 = MATCH_DATES!$A$6) * (PLAYER_STAT!D$2:D64 = $B4), 0) ), "" )} -> 0 | BG4: {=IFERROR( INDEX(PLAYER_STAT!F$2:F64, MATCH(1, (PLAYER_STAT!A$2:A64 = MATCH_DATES!$A$6) * (PLAYER_STAT!D$2:D64 = $B4), 0) ), "" )} -> 1 | BH4: {=IFERROR( INDEX(PLAYER_STAT!G$2:G64, MATCH(1, (PLAYER_STAT!A$2:A64 = MATCH_DATES!$A$6) * (PLAYER_STAT!D$2:D64 = $B4), 0) ), "" )} -> 1 | BI4: =RANK(AZ4, AZ$3:AZ$38, 0) -> 32 | BJ4: =IF(BI4<AW4, "↑", IF(BI4>AW4, "↓", "=")) -> ↑ | BK4: GREEN | BL4: =SUM(BM4:BN4)+BS4+AZ4 -> 17 | BM4: =COUNTA(BK4)*2 -> 2 | BN4: =SUM(BO4*2) + (BP4*1) + SUMIFS(MATCH_INPUT!$G$22:$G$25, MATCH_INPUT!$F$22:$F$25, BK4) + SUMIFS(MATCH_INPUT!$I$22:$I$25, MATCH_INPUT!$J$22:$J$25, BK4) -> 0 | BO4: =IF(BK4<>"", COUNTIFS(MATCH_INPUT!$K$22:$K$25,BK4), 0) -> 0 | BP4: =IF(BK4<>"", COUNTIFS(MATCH_INPUT!$F$22:$F$25, BK4, MATCH_INPUT!$K$22:$K$25, "Draw") + COUNTIFS(MATCH_INPUT!$J$22:$J$25, BK4, MATCH_INPUT!$K$22:$K$25, "Draw"), 0) -> 0 | BQ4: =IF(BK4<>"", COUNTIFS(MATCH_INPUT!$F$22:$F$25, BK4, MATCH_INPUT!$K$22:$K$25, "<>"&BK4, MATCH_INPUT!$K$22:$K$25, "<>Draw", MATCH_INPUT!$K$22:$K$25, "<>""") + COUNTIFS(MATCH_INPUT!$J$22:$J$25, BK4, MATCH_INPUT!$K$22:$K$25, "<>"&BK4, MATCH_INPUT!$K$22:$K$25, "<>Draw", MATCH_INPUT!$K$22:$K$25, "<>"""), 0) -> 2 | BR4: {=IFERROR( INDEX(PLAYER_STAT!E$2:E64, MATCH(1, (PLAYER_STAT!A$2:A64 = MATCH_DATES!$A$7) * (PLAYER_STAT!D$2:D64 = $B4), 0) ), "" )} -> 0 | BS4: {=IFERROR( INDEX(PLAYER_STAT!F$2:F64, MATCH(1, (PLAYER_STAT!A$2:A64 = MATCH_DATES!$A$7) * (PLAYER_STAT!D$2:D64 = $B4), 0) ), "" )} -> 1 | BT4: {=IFERROR( INDEX(PLAYER_STAT!G$2:G64, MATCH(1, (PLAYER_STAT!A$2:A64 = MATCH_DATES!$A$7) * (PLAYER_STAT!D$2:D64 = $B4), 0) ), "" )} -> 0 | BU4: =RANK(BL4, BL$3:BL$38, 0) -> 33 | BV4: =IF(BU4<BI4, "↑", IF(BU4>BI4, "↓", "=")) -> ↓ | BX4: =SUM(BY4:BZ4)+CE4+BL4 -> 17 | BY4: =COUNTA(BW4)*2 -> 0 | BZ4: =SUM(CA4*2)+(CB4*1) + SUMIFS(MATCH_INPUT!$G$26:$G$29, MATCH_INPUT!$F$26:$F$29, BW4) + SUMIFS(MATCH_INPUT!$I$26:$I$29, MATCH_INPUT!$J$26:$J$29, BW4) -> 0 | CA4: =IF(BW4<>"", COUNTIFS(MATCH_INPUT!$K$26:$K$29,BW4), 0) -> 0 | CB4: =IF(BW4<>"", COUNTIFS(MATCH_INPUT!$F$26:$F$29, BW4, MATCH_INPUT!$K$26:$K$29, "Draw") + COUNTIFS(MATCH_INPUT!$J$26:$J$29, BW4, MATCH_INPUT!$K$26:$K$29, "Draw"), 0) -> 0 | CC4: =IF(BW4<>"", COUNTIFS(MATCH_INPUT!$F$26:$F$29, BW4, MATCH_INPUT!$K$26:$K$29, "<>"&BW4, MATCH_INPUT!$K$26:$K$29, "<>Draw", MATCH_INPUT!$K$26:$K$29, "<>""") + COUNTIFS(MATCH_INPUT!$J$26:$J$29, BW4, MATCH_INPUT!$K$26:$K$29, "<>"&BW4, MATCH_INPUT!$K$26:$K$29, "<>Draw", MATCH_INPUT!$K$26:$K$29, "<>"""), 0) -> 0 | CD4: {=IFERROR( INDEX(PLAYER_STAT!E$2:E64, MATCH(1, (PLAYER_STAT!A$2:A64 = MATCH_DATES!$A$8) * (PLAYER_STAT!D$2:D64 = $B4), 0) ), "" )} | CE4: {=IFERROR( INDEX(PLAYER_STAT!F$2:F64, MATCH(1, (PLAYER_STAT!A$2:A64 = MATCH_DATES!$A$8) * (PLAYER_STAT!D$2:D64 = $B4), 0) ), "" )} | CF4: {=IFERROR( INDEX(PLAYER_STAT!G$2:G64, MATCH(1, (PLAYER_STAT!A$2:A64 = MATCH_DATES!$A$8) * (PLAYER_STAT!D$2:D64 = $B4), 0) ), "" )} | CG4: =RANK(BX4, BX$3:BX$38, 0) -> 35 | CH4: =IF(CG4<BU4, "↑", IF(CG4>BU4, "↓", "=")) -> ↓ | CI4: GREEN | CJ4: =SUM(CK4:CL4)+CQ4+BX4 -> 28 | CK4: =COUNTA(CI4)*2 -> 2 | CL4: =SUM(CM4*2)+(CN4*1) + SUMIFS(MATCH_INPUT!$G$30:$G$33, MATCH_INPUT!$F$30:$F$33, CI4) + SUMIFS(MATCH_INPUT!$I$30:$I$33, MATCH_INPUT!$J$30:$J$33, CI4) -> 9 | CM4: =IF(CI4<>"", COUNTIFS(MATCH_INPUT!$K$30:$K$33,CI4), 0) -> 1 | CN4: =IF(CI4<>"", COUNTIFS(MATCH_INPUT!$F$30:$F$33, CI4, MATCH_INPUT!$K$30:$K$33, "Draw") + COUNTIFS(MATCH_INPUT!$J$30:$J$33, CI4, MATCH_INPUT!$K$30:$K$33, "Draw"), 0) -> 1 | CO4: =IF(CI4<>"", COUNTIFS(MATCH_INPUT!$F$30:$F$33, CI4, MATCH_INPUT!$K$30:$K$33, "<>"&CI4, MATCH_INPUT!$K$30:$K$33, "<>Draw", MATCH_INPUT!$K$30:$K$33, "<>""") + COUNTIFS(MATCH_INPUT!$J$30:$J$33, CI4, MATCH_INPUT!$K$30:$K$33, "<>"&CI4, MATCH_INPUT!$K$30:$K$33, "<>Draw", MATCH_INPUT!$K$30:$K$33, "<>"""), 0) -> 0 | CP4: {=IFERROR( INDEX(PLAYER_STAT!E$2:E64, MATCH(1, (PLAYER_STAT!A$2:A64 = MATCH_DATES!$A$9) * (PLAYER_STAT!D$2:D64 = $B4), 0) ), "" )} | CQ4: {=IFERROR( INDEX(PLAYER_STAT!F$2:F64, MATCH(1, (PLAYER_STAT!A$2:A64 = MATCH_DATES!$A$9) * (PLAYER_STAT!D$2:D64 = $B4), 0) ), "" )} | CR4: {=IFERROR( INDEX(PLAYER_STAT!G$2:G64, MATCH(1, (PLAYER_STAT!A$2:A64 = MATCH_DATES!$A$9) * (PLAYER_STAT!D$2:D64 = $B4), 0) ), "" )} | CS4: =RANK(CJ4, CJ$3:CJ$38, 0) -> 34 | CT4: =IF(CS4<CG4, "↑", IF(CS4>CG4, "↓", "=")) -> ↑ | CU4: =SUM(F4,R4,AD4,AP4,BB4,BN4,BZ4,CL4) -> 14 | CV4: =A4 -> 🍂🎃 | CW4: =B4 -> Andrés 👬 López | CX4: =SUM(CU4,CY4,DD4) -> 28 | CY4: =SUM( IF(AND(MATCH_DATES!$A$2 <= TODAY(), NOW() >= MATCH_DATES!$A$2 + TIME(22, 0, 0)), E4, 0), IF(AND(MATCH_DATES!$A$3 <= TODAY(), NOW() >= MATCH_DATES!$A$3 + TIME(22, 0, 0)), Q4, 0), IF(AND(MATCH_DATES!$A$4 <= TODAY(), NOW() >= MATCH_DATES!$A$4 + TIME(22, 0, 0)), AC4, 0), IF(AND(MATCH_DATES!$A$5 <= TODAY(), NOW() >= MATCH_DATES!$A$5 + TIME(22, 0, 0)), AO4, 0), IF(AND(MATCH_DATES!$A$6 <= TODAY(), NOW() >= MATCH_DATES!$A$6 + TIME(22, 0, 0)), BA4, 0), IF(AND(MATCH_DATES!$A$7 <= TODAY(), NOW() >= MATCH_DATES!$A$7 + TIME(22, 0, 0)), BM4, 0), IF(AND(MATCH_DATES!$A$8 <= TODAY(), NOW() >= MATCH_DATES!$A$8 + TIME(22, 0, 0)), BY4, 0), IF(AND(MATCH_DATES!$A$9 <= TODAY(), NOW() >= MATCH_DATES!$A$9 + TIME(22, 0, 0)), CK4, 0) ) -> 12 | CZ4: =SUM(G4,S4,AE4,AQ4,BC4,BO4,CA4,CM4) -> 2 | DA4: =SUM(H4,T4,AF4,AR4,BD4,BP4,CB4,CN4) -> 3 | DB4: =SUM( IF(AND(MATCH_DATES!$A$2 <= TODAY(), NOW() >= MATCH_DATES!$A$2 + TIME(22, 0, 0)), I4, 0), IF(AND(MATCH_DATES!$A$3 <= TODAY(), NOW() >= MATCH_DATES!$A$3 + TIME(22, 0, 0)), U4, 0), IF(AND(MATCH_DATES!$A$4 <= TODAY(), NOW() >= MATCH_DATES!$A$4 + TIME(22, 0, 0)), AG4, 0), IF(AND(MATCH_DATES!$A$5 <= TODAY(), NOW() >= MATCH_DATES!$A$5 + TIME(22, 0, 0)), AS4, 0), IF(AND(MATCH_DATES!$A$6 <= TODAY(), NOW() >= MATCH_DATES!$A$6 + TIME(22, 0, 0)), BE4, 0), IF(AND(MATCH_DATES!$A$7 <= TODAY(), NOW() >= MATCH_DATES!$A$7 + TIME(22, 0, 0)), BQ4, 0), IF(AND(MATCH_DATES!$A$8 <= TODAY(), NOW() >= MATCH_DATES!$A$8 + TIME(22, 0, 0)), CC4, 0), IF(AND(MATCH_DATES!$A$9 <= TODAY(), NOW() >= MATCH_DATES!$A$9 + TIME(22, 0, 0)), CO4, 0) ) -> 7 | DC4: =sum(J4,V4,AH4,AT4,BF4,BR4,CD4,CP4) -> 0 | DD4: =SUM(K4,W4,AI4,AU4,BG4,BS4,CE4,CQ4) -> 2 | DE4: =SUM(L4,X4,AJ4,AV4,BH4,BT4,CF4,CR4) -> 1
A5: 🍂🎃 | B5: Carlos S | C5: ORANGE | D5: =SUM(E5:F5)+K5 -> 2 | E5: =COUNTA(C5)*2 -> 2 | F5: =(G5*2)+(H5*1) -> 0 | G5: =IF(C5<>"", COUNTIFS(MATCH_INPUT!$K$2:$K$5,C5), 0) -> 0 | H5: =IF(C5<>"", COUNTIFS(MATCH_INPUT!$F$2:$F$5, C5, MATCH_INPUT!$K$2:$K$5, "Draw") + COUNTIFS(MATCH_INPUT!$J$2:$J$5, C5, MATCH_INPUT!$K$2:$K$5, "Draw"), 0) -> 0 | I5: =IF(C5<>"", COUNTIFS(MATCH_INPUT!$F$2:$F$5, C5, MATCH_INPUT!$K$2:$K$5, "<>"&C5, MATCH_INPUT!$K$2:$K$5, "<>Draw", MATCH_INPUT!$K$2:$K$5, "<>""") + COUNTIFS(MATCH_INPUT!$J$2:$J$5, C5, MATCH_INPUT!$K$2:$K$5, "<>"&C5, MATCH_INPUT!$K$2:$K$5, "<>Draw", MATCH_INPUT!$K$2:$K$5, "<>"""), 0) -> 2 | J5: {=IFERROR( INDEX(PLAYER_STAT!E$2:E64, MATCH(1, (PLAYER_STAT!A$2:A64 = MATCH_DATES!$A$2) * (PLAYER_STAT!D$2:D64 = $B5), 0) ), "" )} | K5: {=IFERROR( INDEX(PLAYER_STAT!F$2:F64, MATCH(1, (PLAYER_STAT!A$2:A64 = MATCH_DATES!$A$2) * (PLAYER_STAT!D$2:D64 = $B5), 0) ), "" )} | L5: {=IFERROR( INDEX(PLAYER_STAT!G$2:G64, MATCH(1, (PLAYER_STAT!A$2:A64 = MATCH_DATES!$A$2) * (PLAYER_STAT!D$2:D64 = $B5), 0) ), "" )} | M5: =RANK(D5, D$3:D$39, 0) -> 26 | N5: =IF(M5<1, "↑", IF(M5>1, "↓", "=")) -> ↓ | O5: BLUE | P5: =SUM(Q5:R5)+D5+W5 -> 7 | Q5: =COUNTA(O5)*2 -> 2 | R5: =(S5*2)+(T5*1) -> 3 | S5: =IF(O5<>"", COUNTIFS(MATCH_INPUT!$K$6:$K$9,O5), 0) -> 1 | T5: =IF(O5<>"", COUNTIFS(MATCH_INPUT!$F$6:$F$9, O5, MATCH_INPUT!$K$6:$K$9, "Draw") + COUNTIFS(MATCH_INPUT!$J$6:$J$9, O5, MATCH_INPUT!$K$6:$K$9, "Draw"), 0) -> 1 | U5: =IF(O5<>"", COUNTIFS(MATCH_INPUT!$F$6:$F$9, O5, MATCH_INPUT!$K$6:$K$9, "<>"&O5, MATCH_INPUT!$K$6:$K$9, "<>Draw", MATCH_INPUT!$K$6:$K$9, "<>""") + COUNTIFS(MATCH_INPUT!$J$6:$J$9, O5, MATCH_INPUT!$K$6:$K$9, "<>"&O5, MATCH_INPUT!$K$6:$K$9, "<>Draw", MATCH_INPUT!$K$6:$K$9, "<>"""), 0) -> 0 | V5: {=IFERROR( INDEX(PLAYER_STAT!E$2:E64, MATCH(1, (PLAYER_STAT!A$2:A64 = MATCH_DATES!$A$3) * (PLAYER_STAT!D$2:D64 = $B5), 0) ), "" )} -> 1 | W5: {=IFERROR( INDEX(PLAYER_STAT!F$2:F64, MATCH(1, (PLAYER_STAT!A$2:A64 = MATCH_DATES!$A$3) * (PLAYER_STAT!D$2:D64 = $B5), 0) ), "" )} -> 0 | X5: {=IFERROR( INDEX(PLAYER_STAT!G$2:G64, MATCH(1, (PLAYER_STAT!A$2:A64 = MATCH_DATES!$A$3) * (PLAYER_STAT!D$2:D64 = $B5), 0) ), "" )} -> 0 | Y5: =RANK(P5, P$3:P$38, 0) -> 20 | Z5: =IF(Y5<M5, "↑", IF(Y5>M5, "↓", "=")) -> ↑ | AA5: GREEN | AB5: =SUM(AC5:AD5)+P5+AI5 -> 13 | AC5: =COUNTA(AA5)*2 -> 2 | AD5: =SUM(AE5*2)+(AF5*1) -> 4 | AE5: =IF(AA5<>"", COUNTIFS(MATCH_INPUT!$K$10:$K$13,AA5), 0) -> 2 | AF5: =IF(AA5<>"", COUNTIFS(MATCH_INPUT!$F$10:$F$13, AA5, MATCH_INPUT!$K$10:$K$13, "Draw") + COUNTIFS(MATCH_INPUT!$J$10:$J$13, AA5, MATCH_INPUT!$K$10:$K$13, "Draw"), 0) -> 0 | AG5: =IF(AA5<>"", COUNTIFS(MATCH_INPUT!$F$10:$F$13, AA5, MATCH_INPUT!$K$10:$K$13, "<>"&AA5, MATCH_INPUT!$K$10:$K$13, "<>Draw", MATCH_INPUT!$K$10:$K$13, "<>""") + COUNTIFS(MATCH_INPUT!$J$10:$J$13, AA5, MATCH_INPUT!$K$10:$K$13, "<>"&AA5, MATCH_INPUT!$K$10:$K$13, "<>Draw", MATCH_INPUT!$K$10:$K$13, "<>"""), 0) -> 0 | AH5: {=IFERROR( INDEX(PLAYER_STAT!E$2:E64, MATCH(1, (PLAYER_STAT!A$2:A64 = MATCH_DATES!$A$4) * (PLAYER_STAT!D$2:D64 = $B5), 0) ), "" )} -> 2 | AI5: {=IFERROR( INDEX(PLAYER_STAT!F$2:F64, MATCH(1, (PLAYER_STAT!A$2:A64 = MATCH_DATES!$A$4) * (PLAYER_STAT!D$2:D64 = $B5), 0) ), "" )} -> 0 | AJ5: {=IFERROR( INDEX(PLAYER_STAT!G$2:G64, MATCH(1, (PLAYER_STAT!A$2:A64 = MATCH_DATES!$A$4) * (PLAYER_STAT!D$2:D64 = $B5), 0) ), "" )} -> 0 | AK5: =RANK(AB5, AB$3:AB$38, 0) -> 10 | AL5: =IF(AK5<Y5, "↑", IF(AK5>Y5, "↓", "=")) -> ↑ | AM5: MAGENTA | AN5: =SUM(AO5:AP5)+AB5+AU5 -> 15 | AO5: =COUNTA(AM5)*2 -> 2 | AP5: =SUM(AQ5*2)+(AR5*1) -> 0 | AQ5: =IF(AM5<>"", COUNTIFS(MATCH_INPUT!$K$14:$K$17,AM5), 0) -> 0 | AR5: =IF(AM5<>"", COUNTIFS(MATCH_INPUT!$F$14:$F$17, AM5, MATCH_INPUT!$K$14:$K$17, "Draw") + COUNTIFS(MATCH_INPUT!$J$14:$J$17, AM5, MATCH_INPUT!$K$14:$K$17, "Draw"), 0) -> 0 | AS5: =IF(AM5<>"", COUNTIFS(MATCH_INPUT!$F$14:$F$17, AM5, MATCH_INPUT!$K$14:$K$17, "<>"&AM5, MATCH_INPUT!$K$14:$K$17, "<>Draw", MATCH_INPUT!$K$14:$K$17, "<>""") + COUNTIFS(MATCH_INPUT!$J$14:$J$17, AM5, MATCH_INPUT!$K$14:$K$17, "<>"&AM5, MATCH_INPUT!$K$14:$K$17, "<>Draw", MATCH_INPUT!$K$14:$K$17, "<>"""), 0) -> 2 | AT5: {=IFERROR( INDEX(PLAYER_STAT!E$2:E64, MATCH(1, (PLAYER_STAT!A$2:A64 = MATCH_DATES!$A$5) * (PLAYER_STAT!D$2:D64 = $B5), 0) ), "" )} -> 1 | AU5: {=IFERROR( INDEX(PLAYER_STAT!F$2:F64, MATCH(1, (PLAYER_STAT!A$2:A64 = MATCH_DATES!$A$5) * (PLAYER_STAT!D$2:D64 = $B5), 0) ), "" )} -> 0 | AV5: {=IFERROR( INDEX(PLAYER_STAT!G$2:G64, MATCH(1, (PLAYER_STAT!A$2:A64 = MATCH_DATES!$A$5) * (PLAYER_STAT!D$2:D64 = $B5), 0) ), "" )} -> 0 | AW5: =RANK(AN5, AN$3:AN$38, 0) -> 16 | AX5: =IF(AW5<AK5, "↑", IF(AW5>AK5, "↓", "=")) -> ↓ | AY5: ORANGE | AZ5: =SUM(BA5:BB5)+BG5+AN5 -> 18 | BA5: =COUNTA(AY5)*2 -> 2 | BB5: =SUM(BC5*2) + (BD5*1) + SUMIFS(MATCH_INPUT!$G$18:$G$21, MATCH_INPUT!$F$18:$F$21, AY5) + SUMIFS(MATCH_INPUT!$I$18:$I$21, MATCH_INPUT!$J$18:$J$21, AY5) -> 1 | BC5: =IF(AY5<>"", COUNTIFS(MATCH_INPUT!$K$18:$K$21,AY5), 0) -> 0 | BD5: =IF(AY5<>"", COUNTIFS(MATCH_INPUT!$F$18:$F$21, AY5, MATCH_INPUT!$K$18:$K$21, "Draw") + COUNTIFS(MATCH_INPUT!$J$18:$J$21, AY5, MATCH_INPUT!$K$18:$K$21, "Draw"), 0) -> 0 | BE5: =IF(AY5<>"", COUNTIFS(MATCH_INPUT!$F$18:$F$21, AY5, MATCH_INPUT!$K$18:$K$21, "<>"&AY5, MATCH_INPUT!$K$18:$K$21, "<>Draw", MATCH_INPUT!$K$18:$K$21, "<>""") + COUNTIFS(MATCH_INPUT!$J$18:$J$21, AY5, MATCH_INPUT!$K$18:$K$21, "<>"&AY5, MATCH_INPUT!$K$18:$K$21, "<>Draw", MATCH_INPUT!$K$18:$K$21, "<>"""), 0) -> 2 | BF5: {=IFERROR( INDEX(PLAYER_STAT!E$2:E64, MATCH(1, (PLAYER_STAT!A$2:A64 = MATCH_DATES!$A$6) * (PLAYER_STAT!D$2:D64 = $B5), 0) ), "" )} | BG5: {=IFERROR( INDEX(PLAYER_STAT!F$2:F64, MATCH(1, (PLAYER_STAT!A$2:A64 = MATCH_DATES!$A$6) * (PLAYER_STAT!D$2:D64 = $B5), 0) ), "" )} | BH5: {=IFERROR( INDEX(PLAYER_STAT!G$2:G64, MATCH(1, (PLAYER_STAT!A$2:A64 = MATCH_DATES!$A$6) * (PLAYER_STAT!D$2:D64 = $B5), 0) ), "" )} | BI5: =RANK(AZ5, AZ$3:AZ$38, 0) -> 24 | BJ5: =IF(BI5<AW5, "↑", IF(BI5>AW5, "↓", "=")) -> ↓ | BK5: ORANGE | BL5: =SUM(BM5:BN5)+BS5+AZ5 -> 32 | BM5: =COUNTA(BK5)*2 -> 2 | BN5: =SUM(BO5*2) + (BP5*1) + SUMIFS(MATCH_INPUT!$G$22:$G$25, MATCH_INPUT!$F$22:$F$25, BK5) + SUMIFS(MATCH_INPUT!$I$22:$I$25, MATCH_INPUT!$J$22:$J$25, BK5) -> 12 | BO5: =IF(BK5<>"", COUNTIFS(MATCH_INPUT!$K$22:$K$25,BK5), 0) -> 2 | BP5: =IF(BK5<>"", COUNTIFS(MATCH_INPUT!$F$22:$F$25, BK5, MATCH_INPUT!$K$22:$K$25, "Draw") + COUNTIFS(MATCH_INPUT!$J$22:$J$25, BK5, MATCH_INPUT!$K$22:$K$25, "Draw"), 0) -> 0 | BQ5: =IF(BK5<>"", COUNTIFS(MATCH_INPUT!$F$22:$F$25, BK5, MATCH_INPUT!$K$22:$K$25, "<>"&BK5, MATCH_INPUT!$K$22:$K$25, "<>Draw", MATCH_INPUT!$K$22:$K$25, "<>""") + COUNTIFS(MATCH_INPUT!$J$22:$J$25, BK5, MATCH_INPUT!$K$22:$K$25, "<>"&BK5, MATCH_INPUT!$K$22:$K$25, "<>Draw", MATCH_INPUT!$K$22:$K$25, "<>"""), 0) -> 0 | BR5: {=IFERROR( INDEX(PLAYER_STAT!E$2:E64, MATCH(1, (PLAYER_STAT!A$2:A64 = MATCH_DATES!$A$7) * (PLAYER_STAT!D$2:D64 = $B5), 0) ), "" )} | BS5: {=IFERROR( INDEX(PLAYER_STAT!F$2:F64, MATCH(1, (PLAYER_STAT!A$2:A64 = MATCH_DATES!$A$7) * (PLAYER_STAT!D$2:D64 = $B5), 0) ), "" )} | BT5: {=IFERROR( INDEX(PLAYER_STAT!G$2:G64, MATCH(1, (PLAYER_STAT!A$2:A64 = MATCH_DATES!$A$7) * (PLAYER_STAT!D$2:D64 = $B5), 0) ), "" )} | BU5: =RANK(BL5, BL$3:BL$38, 0) -> 15 | BV5: =IF(BU5<BI5, "↑", IF(BU5>BI5, "↓", "=")) -> ↑ | BW5: ORANGE | BX5: =SUM(BY5:BZ5)+CE5+BL5 -> 39 | BY5: =COUNTA(BW5)*2 -> 2 | BZ5: =SUM(CA5*2)+(CB5*1) + SUMIFS(MATCH_INPUT!$G$26:$G$29, MATCH_INPUT!$F$26:$F$29, BW5) + SUMIFS(MATCH_INPUT!$I$26:$I$29, MATCH_INPUT!$J$26:$J$29, BW5) -> 5 | CA5: =IF(BW5<>"", COUNTIFS(MATCH_INPUT!$K$26:$K$29,BW5), 0) -> 0 | CB5: =IF(BW5<>"", COUNTIFS(MATCH_INPUT!$F$26:$F$29, BW5, MATCH_INPUT!$K$26:$K$29, "Draw") + COUNTIFS(MATCH_INPUT!$J$26:$J$29, BW5, MATCH_INPUT!$K$26:$K$29, "Draw"), 0) -> 1 | CC5: =IF(BW5<>"", COUNTIFS(MATCH_INPUT!$F$26:$F$29, BW5, MATCH_INPUT!$K$26:$K$29, "<>"&BW5, MATCH_INPUT!$K$26:$K$29, "<>Draw", MATCH_INPUT!$K$26:$K$29, "<>""") + COUNTIFS(MATCH_INPUT!$J$26:$J$29, BW5, MATCH_INPUT!$K$26:$K$29, "<>"&BW5, MATCH_INPUT!$K$26:$K$29, "<>Draw", MATCH_INPUT!$K$26:$K$29, "<>"""), 0) -> 1 | CD5: {=IFERROR( INDEX(PLAYER_STAT!E$2:E64, MATCH(1, (PLAYER_STAT!A$2:A64 = MATCH_DATES!$A$8) * (PLAYER_STAT!D$2:D64 = $B5), 0) ), "" )} | CE5: {=IFERROR( INDEX(PLAYER_STAT!F$2:F64, MATCH(1, (PLAYER_STAT!A$2:A64 = MATCH_DATES!$A$8) * (PLAYER_STAT!D$2:D64 = $B5), 0) ), "" )} | CF5: {=IFERROR( INDEX(PLAYER_STAT!G$2:G64, MATCH(1, (PLAYER_STAT!A$2:A64 = MATCH_DATES!$A$8) * (PLAYER_STAT!D$2:D64 = $B5), 0) ), "" )} | CG5: =RANK(BX5, BX$3:BX$38, 0) -> 16 | CH5: =IF(CG5<BU5, "↑", IF(CG5>BU5, "↓", "=")) -> ↓ | CI5: MAGENTA | CJ5: =SUM(CK5:CL5)+CQ5+BX5 -> 48 | CK5: =COUNTA(CI5)*2 -> 2 | CL5: =SUM(CM5*2)+(CN5*1) + SUMIFS(MATCH_INPUT!$G$30:$G$33, MATCH_INPUT!$F$30:$F$33, CI5) + SUMIFS(MATCH_INPUT!$I$30:$I$33, MATCH_INPUT!$J$30:$J$33, CI5) -> 7 | CM5: =IF(CI5<>"", COUNTIFS(MATCH_INPUT!$K$30:$K$33,CI5), 0) -> 1 | CN5: =IF(CI5<>"", COUNTIFS(MATCH_INPUT!$F$30:$F$33, CI5, MATCH_INPUT!$K$30:$K$33, "Draw") + COUNTIFS(MATCH_INPUT!$J$30:$J$33, CI5, MATCH_INPUT!$K$30:$K$33, "Draw"), 0) -> 1 | CO5: =IF(CI5<>"", COUNTIFS(MATCH_INPUT!$F$30:$F$33, CI5, MATCH_INPUT!$K$30:$K$33, "<>"&CI5, MATCH_INPUT!$K$30:$K$33, "<>Draw", MATCH_INPUT!$K$30:$K$33, "<>""") + COUNTIFS(MATCH_INPUT!$J$30:$J$33, CI5, MATCH_INPUT!$K$30:$K$33, "<>"&CI5, MATCH_INPUT!$K$30:$K$33, "<>Draw", MATCH_INPUT!$K$30:$K$33, "<>"""), 0) -> 0 | CP5: {=IFERROR( INDEX(PLAYER_STAT!E$2:E64, MATCH(1, (PLAYER_STAT!A$2:A64 = MATCH_DATES!$A$9) * (PLAYER_STAT!D$2:D64 = $B5), 0) ), "" )} | CQ5: {=IFERROR( INDEX(PLAYER_STAT!F$2:F64, MATCH(1, (PLAYER_STAT!A$2:A64 = MATCH_DATES!$A$9) * (PLAYER_STAT!D$2:D64 = $B5), 0) ), "" )} | CR5: {=IFERROR( INDEX(PLAYER_STAT!G$2:G64, MATCH(1, (PLAYER_STAT!A$2:A64 = MATCH_DATES!$A$9) * (PLAYER_STAT!D$2:D64 = $B5), 0) ), "" )} | CS5: =RANK(CJ5, CJ$3:CJ$38, 0) -> 16 | CT5: =IF(CS5<CG5, "↑", IF(CS5>CG5, "↓", "=")) -> = | CU5: =SUM(F5,R5,AD5,AP5,BB5,BN5,BZ5,CL5) -> 32 | CV5: =A5 -> 🍂🎃 | CW5: =B5 -> Carlos S | CX5: =SUM(CU5,CY5,DD5) -> 48 | CY5: =SUM( IF(AND(MATCH_DATES!$A$2 <= TODAY(), NOW() >= MATCH_DATES!$A$2 + TIME(22, 0, 0)), E5, 0), IF(AND(MATCH_DATES!$A$3 <= TODAY(), NOW() >= MATCH_DATES!$A$3 + TIME(22, 0, 0)), Q5, 0), IF(AND(MATCH_DATES!$A$4 <= TODAY(), NOW() >= MATCH_DATES!$A$4 + TIME(22, 0, 0)), AC5, 0), IF(AND(MATCH_DATES!$A$5 <= TODAY(), NOW() >= MATCH_DATES!$A$5 + TIME(22, 0, 0)), AO5, 0), IF(AND(MATCH_DATES!$A$6 <= TODAY(), NOW() >= MATCH_DATES!$A$6 + TIME(22, 0, 0)), BA5, 0), IF(AND(MATCH_DATES!$A$7 <= TODAY(), NOW() >= MATCH_DATES!$A$7 + TIME(22, 0, 0)), BM5, 0), IF(AND(MATCH_DATES!$A$8 <= TODAY(), NOW() >= MATCH_DATES!$A$8 + TIME(22, 0, 0)), BY5, 0), IF(AND(MATCH_DATES!$A$9 <= TODAY(), NOW() >= MATCH_DATES!$A$9 + TIME(22, 0, 0)), CK5, 0) ) -> 16 | CZ5: =SUM(G5,S5,AE5,AQ5,BC5,BO5,CA5,CM5) -> 6 | DA5: =SUM(H5,T5,AF5,AR5,BD5,BP5,CB5,CN5) -> 3 | DB5: =SUM( IF(AND(MATCH_DATES!$A$2 <= TODAY(), NOW() >= MATCH_DATES!$A$2 + TIME(22, 0, 0)), I5, 0), IF(AND(MATCH_DATES!$A$3 <= TODAY(), NOW() >= MATCH_DATES!$A$3 + TIME(22, 0, 0)), U5, 0), IF(AND(MATCH_DATES!$A$4 <= TODAY(), NOW() >= MATCH_DATES!$A$4 + TIME(22, 0, 0)), AG5, 0), IF(AND(MATCH_DATES!$A$5 <= TODAY(), NOW() >= MATCH_DATES!$A$5 + TIME(22, 0, 0)), AS5, 0), IF(AND(MATCH_DATES!$A$6 <= TODAY(), NOW() >= MATCH_DATES!$A$6 + TIME(22, 0, 0)), BE5, 0), IF(AND(MATCH_DATES!$A$7 <= TODAY(), NOW() >= MATCH_DATES!$A$7 + TIME(22, 0, 0)), BQ5, 0), IF(AND(MATCH_DATES!$A$8 <= TODAY(), NOW() >= MATCH_DATES!$A$8 + TIME(22, 0, 0)), CC5, 0), IF(AND(MATCH_DATES!$A$9 <= TODAY(), NOW() >= MATCH_DATES!$A$9 + TIME(22, 0, 0)), CO5, 0) ) -> 7 | DC5: =sum(J5,V5,AH5,AT5,BF5,BR5,CD5,CP5) -> 4 | DD5: =SUM(K5,W5,AI5,AU5,BG5,BS5,CE5,CQ5) -> 0 | DE5: =SUM(L5,X5,AJ5,AV5,BH5,BT5,CF5,CR5) -> 0
A6: 🍂🎃 | B6: Chato | C6: ORANGE | D6: =SUM(E6:F6)+K6 -> 2 | E6: =COUNTA(C6)*2 -> 2 | F6: =(G6*2)+(H6*1) -> 0 | G6: =IF(C6<>"", COUNTIFS(MATCH_INPUT!$K$2:$K$5,C6), 0) -> 0 | H6: =IF(C6<>"", COUNTIFS(MATCH_INPUT!$F$2:$F$5, C6, MATCH_INPUT!$K$2:$K$5, "Draw") + COUNTIFS(MATCH_INPUT!$J$2:$J$5, C6, MATCH_INPUT!$K$2:$K$5, "Draw"), 0) -> 0 | I6: =IF(C6<>"", COUNTIFS(MATCH_INPUT!$F$2:$F$5, C6, MATCH_INPUT!$K$2:$K$5, "<>"&C6, MATCH_INPUT!$K$2:$K$5, "<>Draw", MATCH_INPUT!$K$2:$K$5, "<>""") + COUNTIFS(MATCH_INPUT!$J$2:$J$5, C6, MATCH_INPUT!$K$2:$K$5, "<>"&C6, MATCH_INPUT!$K$2:$K$5, "<>Draw", MATCH_INPUT!$K$2:$K$5, "<>"""), 0) -> 2 | J6: {=IFERROR( INDEX(PLAYER_STAT!E$2:E64, MATCH(1, (PLAYER_STAT!A$2:A64 = MATCH_DATES!$A$2) * (PLAYER_STAT!D$2:D64 = $B6), 0) ), "" )} -> 1 | K6: {=IFERROR( INDEX(PLAYER_STAT!F$2:F64, MATCH(1, (PLAYER_STAT!A$2:A64 = MATCH_DATES!$A$2) * (PLAYER_STAT!D$2:D64 = $B6), 0) ), "" )} -> 0 | L6: {=IFERROR( INDEX(PLAYER_STAT!G$2:G64, MATCH(1, (PLAYER_STAT!A$2:A64 = MATCH_DATES!$A$2) * (PLAYER_STAT!D$2:D64 = $B6), 0) ), "" )} -> 0 | M6: =RANK(D6, D$3:D$39, 0) -> 26 | N6: =IF(M6<1, "↑", IF(M6>1, "↓", "=")) -> ↓ | O6: BLUE | P6: =SUM(Q6:R6)+D6+W6 -> 7 | Q6: =COUNTA(O6)*2 -> 2 | R6: =(S6*2)+(T6*1) -> 3 | S6: =IF(O6<>"", COUNTIFS(MATCH_INPUT!$K$6:$K$9,O6), 0) -> 1 | T6: =IF(O6<>"", COUNTIFS(MATCH_INPUT!$F$6:$F$9, O6, MATCH_INPUT!$K$6:$K$9, "Draw") + COUNTIFS(MATCH_INPUT!$J$6:$J$9, O6, MATCH_INPUT!$K$6:$K$9, "Draw"), 0) -> 1 | U6: =IF(O6<>"", COUNTIFS(MATCH_INPUT!$F$6:$F$9, O6, MATCH_INPUT!$K$6:$K$9, "<>"&O6, MATCH_INPUT!$K$6:$K$9, "<>Draw", MATCH_INPUT!$K$6:$K$9, "<>""") + COUNTIFS(MATCH_INPUT!$J$6:$J$9, O6, MATCH_INPUT!$K$6:$K$9, "<>"&O6, MATCH_INPUT!$K$6:$K$9, "<>Draw", MATCH_INPUT!$K$6:$K$9, "<>"""), 0) -> 0 | V6: {=IFERROR( INDEX(PLAYER_STAT!E$2:E64, MATCH(1, (PLAYER_STAT!A$2:A64 = MATCH_DATES!$A$3) * (PLAYER_STAT!D$2:D64 = $B6), 0) ), "" )} | W6: {=IFERROR( INDEX(PLAYER_STAT!F$2:F64, MATCH(1, (PLAYER_STAT!A$2:A64 = MATCH_DATES!$A$3) * (PLAYER_STAT!D$2:D64 = $B6), 0) ), "" )} | X6: {=IFERROR( INDEX(PLAYER_STAT!G$2:G64, MATCH(1, (PLAYER_STAT!A$2:A64 = MATCH_DATES!$A$3) * (PLAYER_STAT!D$2:D64 = $B6), 0) ), "" )} | Y6: =RANK(P6, P$3:P$38, 0) -> 20 | Z6: =IF(Y6<M6, "↑", IF(Y6>M6, "↓", "=")) -> ↑ | AA6: GREEN | AB6: =SUM(AC6:AD6)+P6+AI6 -> 13 | AC6: =COUNTA(AA6)*2 -> 2 | AD6: =SUM(AE6*2)+(AF6*1) -> 4 | AE6: =IF(AA6<>"", COUNTIFS(MATCH_INPUT!$K$10:$K$13,AA6), 0) -> 2 | AF6: =IF(AA6<>"", COUNTIFS(MATCH_INPUT!$F$10:$F$13, AA6, MATCH_INPUT!$K$10:$K$13, "Draw") + COUNTIFS(MATCH_INPUT!$J$10:$J$13, AA6, MATCH_INPUT!$K$10:$K$13, "Draw"), 0) -> 0 | AG6: =IF(AA6<>"", COUNTIFS(MATCH_INPUT!$F$10:$F$13, AA6, MATCH_INPUT!$K$10:$K$13, "<>"&AA6, MATCH_INPUT!$K$10:$K$13, "<>Draw", MATCH_INPUT!$K$10:$K$13, "<>""") + COUNTIFS(MATCH_INPUT!$J$10:$J$13, AA6, MATCH_INPUT!$K$10:$K$13, "<>"&AA6, MATCH_INPUT!$K$10:$K$13, "<>Draw", MATCH_INPUT!$K$10:$K$13, "<>"""), 0) -> 0 | AH6: {=IFERROR( INDEX(PLAYER_STAT!E$2:E64, MATCH(1, (PLAYER_STAT!A$2:A64 = MATCH_DATES!$A$4) * (PLAYER_STAT!D$2:D64 = $B6), 0) ), "" )} -> 1 | AI6: {=IFERROR( INDEX(PLAYER_STAT!F$2:F64, MATCH(1, (PLAYER_STAT!A$2:A64 = MATCH_DATES!$A$4) * (PLAYER_STAT!D$2:D64 = $B6), 0) ), "" )} -> 0 | AJ6: {=IFERROR( INDEX(PLAYER_STAT!G$2:G64, MATCH(1, (PLAYER_STAT!A$2:A64 = MATCH_DATES!$A$4) * (PLAYER_STAT!D$2:D64 = $B6), 0) ), "" )} -> 0 | AK6: =RANK(AB6, AB$3:AB$38, 0) -> 10 | AL6: =IF(AK6<Y6, "↑", IF(AK6>Y6, "↓", "=")) -> ↑ | AM6: ORANGE | AN6: =SUM(AO6:AP6)+AB6+AU6 -> 17 | AO6: =COUNTA(AM6)*2 -> 2 | AP6: =SUM(AQ6*2)+(AR6*1) -> 2 | AQ6: =IF(AM6<>"", COUNTIFS(MATCH_INPUT!$K$14:$K$17,AM6), 0) -> 1 | AR6: =IF(AM6<>"", COUNTIFS(MATCH_INPUT!$F$14:$F$17, AM6, MATCH_INPUT!$K$14:$K$17, "Draw") + COUNTIFS(MATCH_INPUT!$J$14:$J$17, AM6, MATCH_INPUT!$K$14:$K$17, "Draw"), 0) -> 0 | AS6: =IF(AM6<>"", COUNTIFS(MATCH_INPUT!$F$14:$F$17, AM6, MATCH_INPUT!$K$14:$K$17, "<>"&AM6, MATCH_INPUT!$K$14:$K$17, "<>Draw", MATCH_INPUT!$K$14:$K$17, "<>""") + COUNTIFS(MATCH_INPUT!$J$14:$J$17, AM6, MATCH_INPUT!$K$14:$K$17, "<>"&AM6, MATCH_INPUT!$K$14:$K$17, "<>Draw", MATCH_INPUT!$K$14:$K$17, "<>"""), 0) -> 1 | AT6: {=IFERROR( INDEX(PLAYER_STAT!E$2:E64, MATCH(1, (PLAYER_STAT!A$2:A64 = MATCH_DATES!$A$5) * (PLAYER_STAT!D$2:D64 = $B6), 0) ), "" )} -> 1 | AU6: {=IFERROR( INDEX(PLAYER_STAT!F$2:F64, MATCH(1, (PLAYER_STAT!A$2:A64 = MATCH_DATES!$A$5) * (PLAYER_STAT!D$2:D64 = $B6), 0) ), "" )} -> 0 | AV6: {=IFERROR( INDEX(PLAYER_STAT!G$2:G64, MATCH(1, (PLAYER_STAT!A$2:A64 = MATCH_DATES!$A$5) * (PLAYER_STAT!D$2:D64 = $B6), 0) ), "" )} -> 0 | AW6: =RANK(AN6, AN$3:AN$38, 0) -> 11 | AX6: =IF(AW6<AK6, "↑", IF(AW6>AK6, "↓", "=")) -> ↓ | AY6: MAGENTA | AZ6: =SUM(BA6:BB6)+BG6+AN6 -> 28 | BA6: =COUNTA(AY6)*2 -> 2 | BB6: =SUM(BC6*2) + (BD6*1) + SUMIFS(MATCH_INPUT!$G$18:$G$21, MATCH_INPUT!$F$18:$F$21, AY6) + SUMIFS(MATCH_INPUT!$I$18:$I$21, MATCH_INPUT!$J$18:$J$21, AY6) -> 9 | BC6: =IF(AY6<>"", COUNTIFS(MATCH_INPUT!$K$18:$K$21,AY6), 0) -> 1 | BD6: =IF(AY6<>"", COUNTIFS(MATCH_INPUT!$F$18:$F$21, AY6, MATCH_INPUT!$K$18:$K$21, "Draw") + COUNTIFS(MATCH_INPUT!$J$18:$J$21, AY6, MATCH_INPUT!$K$18:$K$21, "Draw"), 0) -> 1 | BE6: =IF(AY6<>"", COUNTIFS(MATCH_INPUT!$F$18:$F$21, AY6, MATCH_INPUT!$K$18:$K$21, "<>"&AY6, MATCH_INPUT!$K$18:$K$21, "<>Draw", MATCH_INPUT!$K$18:$K$21, "<>""") + COUNTIFS(MATCH_INPUT!$J$18:$J$21, AY6, MATCH_INPUT!$K$18:$K$21, "<>"&AY6, MATCH_INPUT!$K$18:$K$21, "<>Draw", MATCH_INPUT!$K$18:$K$21, "<>"""), 0) -> 0 | BF6: {=IFERROR( INDEX(PLAYER_STAT!E$2:E64, MATCH(1, (PLAYER_STAT!A$2:A64 = MATCH_DATES!$A$6) * (PLAYER_STAT!D$2:D64 = $B6), 0) ), "" )} -> 2 | BG6: {=IFERROR( INDEX(PLAYER_STAT!F$2:F64, MATCH(1, (PLAYER_STAT!A$2:A64 = MATCH_DATES!$A$6) * (PLAYER_STAT!D$2:D64 = $B6), 0) ), "" )} -> 0 | BH6: {=IFERROR( INDEX(PLAYER_STAT!G$2:G64, MATCH(1, (PLAYER_STAT!A$2:A64 = MATCH_DATES!$A$6) * (PLAYER_STAT!D$2:D64 = $B6), 0) ), "" )} -> 0 | BI6: =RANK(AZ6, AZ$3:AZ$38, 0) -> 7 | BJ6: =IF(BI6<AW6, "↑", IF(BI6>AW6, "↓", "=")) -> ↑ | BK6: GREEN | BL6: =SUM(BM6:BN6)+BS6+AZ6 -> 30 | BM6: =COUNTA(BK6)*2 -> 2 | BN6: =SUM(BO6*2) + (BP6*1) + SUMIFS(MATCH_INPUT!$G$22:$G$25, MATCH_INPUT!$F$22:$F$25, BK6) + SUMIFS(MATCH_INPUT!$I$22:$I$25, MATCH_INPUT!$J$22:$J$25, BK6) -> 0 | BO6: =IF(BK6<>"", COUNTIFS(MATCH_INPUT!$K$22:$K$25,BK6), 0) -> 0 | BP6: =IF(BK6<>"", COUNTIFS(MATCH_INPUT!$F$22:$F$25, BK6, MATCH_INPUT!$K$22:$K$25, "Draw") + COUNTIFS(MATCH_INPUT!$J$22:$J$25, BK6, MATCH_INPUT!$K$22:$K$25, "Draw"), 0) -> 0 | BQ6: =IF(BK6<>"", COUNTIFS(MATCH_INPUT!$F$22:$F$25, BK6, MATCH_INPUT!$K$22:$K$25, "<>"&BK6, MATCH_INPUT!$K$22:$K$25, "<>Draw", MATCH_INPUT!$K$22:$K$25, "<>""") + COUNTIFS(MATCH_INPUT!$J$22:$J$25, BK6, MATCH_INPUT!$K$22:$K$25, "<>"&BK6, MATCH_INPUT!$K$22:$K$25, "<>Draw", MATCH_INPUT!$K$22:$K$25, "<>"""), 0) -> 2 | BR6: {=IFERROR( INDEX(PLAYER_STAT!E$2:E64, MATCH(1, (PLAYER_STAT!A$2:A64 = MATCH_DATES!$A$7) * (PLAYER_STAT!D$2:D64 = $B6), 0) ), "" )} | BS6: {=IFERROR( INDEX(PLAYER_STAT!F$2:F64, MATCH(1, (PLAYER_STAT!A$2:A64 = MATCH_DATES!$A$7) * (PLAYER_STAT!D$2:D64 = $B6), 0) ), "" )} | BT6: {=IFERROR( INDEX(PLAYER_STAT!G$2:G64, MATCH(1, (PLAYER_STAT!A$2:A64 = MATCH_DATES!$A$7) * (PLAYER_STAT!D$2:D64 = $B6), 0) ), "" )} | BU6: =RANK(BL6, BL$3:BL$38, 0) -> 17 | BV6: =IF(BU6<BI6, "↑", IF(BU6>BI6, "↓", "=")) -> ↓ | BW6: MAGENTA | BX6: =SUM(BY6:BZ6)+CE6+BL6 -> 33 | BY6: =COUNTA(BW6)*2 -> 2 | BZ6: =SUM(CA6*2)+(CB6*1) + SUMIFS(MATCH_INPUT!$G$26:$G$29, MATCH_INPUT!$F$26:$F$29, BW6) + SUMIFS(MATCH_INPUT!$I$26:$I$29, MATCH_INPUT!$J$26:$J$29, BW6) -> 1 | CA6: =IF(BW6<>"", COUNTIFS(MATCH_INPUT!$K$26:$K$29,BW6), 0) -> 0 | CB6: =IF(BW6<>"", COUNTIFS(MATCH_INPUT!$F$26:$F$29, BW6, MATCH_INPUT!$K$26:$K$29, "Draw") + COUNTIFS(MATCH_INPUT!$J$26:$J$29, BW6, MATCH_INPUT!$K$26:$K$29, "Draw"), 0) -> 0 | CC6: =IF(BW6<>"", COUNTIFS(MATCH_INPUT!$F$26:$F$29, BW6, MATCH_INPUT!$K$26:$K$29, "<>"&BW6, MATCH_INPUT!$K$26:$K$29, "<>Draw", MATCH_INPUT!$K$26:$K$29, "<>""") + COUNTIFS(MATCH_INPUT!$J$26:$J$29, BW6, MATCH_INPUT!$K$26:$K$29, "<>"&BW6, MATCH_INPUT!$K$26:$K$29, "<>Draw", MATCH_INPUT!$K$26:$K$29, "<>"""), 0) -> 2 | CD6: {=IFERROR( INDEX(PLAYER_STAT!E$2:E64, MATCH(1, (PLAYER_STAT!A$2:A64 = MATCH_DATES!$A$8) * (PLAYER_STAT!D$2:D64 = $B6), 0) ), "" )} | CE6: {=IFERROR( INDEX(PLAYER_STAT!F$2:F64, MATCH(1, (PLAYER_STAT!A$2:A64 = MATCH_DATES!$A$8) * (PLAYER_STAT!D$2:D64 = $B6), 0) ), "" )} | CF6: {=IFERROR( INDEX(PLAYER_STAT!G$2:G64, MATCH(1, (PLAYER_STAT!A$2:A64 = MATCH_DATES!$A$8) * (PLAYER_STAT!D$2:D64 = $B6), 0) ), "" )} | CG6: =RANK(BX6, BX$3:BX$38, 0) -> 23 | CH6: =IF(CG6<BU6, "↑", IF(CG6>BU6, "↓", "=")) -> ↓ | CI6: BLUE | CJ6: =SUM(CK6:CL6)+CQ6+BX6 -> 43 | CK6: =COUNTA(CI6)*2 -> 2 | CL6: =SUM(CM6*2)+(CN6*1) + SUMIFS(MATCH_INPUT!$G$30:$G$33, MATCH_INPUT!$F$30:$F$33, CI6) + SUMIFS(MATCH_INPUT!$I$30:$I$33, MATCH_INPUT!$J$30:$J$33, CI6) -> 8 | CM6: =IF(CI6<>"", COUNTIFS(MATCH_INPUT!$K$30:$K$33,CI6), 0) -> 1 | CN6: =IF(CI6<>"", COUNTIFS(MATCH_INPUT!$F$30:$F$33, CI6, MATCH_INPUT!$K$30:$K$33, "Draw") + COUNTIFS(MATCH_INPUT!$J$30:$J$33, CI6, MATCH_INPUT!$K$30:$K$33, "Draw"), 0) -> 0 | CO6: =IF(CI6<>"", COUNTIFS(MATCH_INPUT!$F$30:$F$33, CI6, MATCH_INPUT!$K$30:$K$33, "<>"&CI6, MATCH_INPUT!$K$30:$K$33, "<>Draw", MATCH_INPUT!$K$30:$K$33, "<>""") + COUNTIFS(MATCH_INPUT!$J$30:$J$33, CI6, MATCH_INPUT!$K$30:$K$33, "<>"&CI6, MATCH_INPUT!$K$30:$K$33, "<>Draw", MATCH_INPUT!$K$30:$K$33, "<>"""), 0) -> 1 | CP6: {=IFERROR( INDEX(PLAYER_STAT!E$2:E64, MATCH(1, (PLAYER_STAT!A$2:A64 = MATCH_DATES!$A$9) * (PLAYER_STAT!D$2:D64 = $B6), 0) ), "" )} | CQ6: {=IFERROR( INDEX(PLAYER_STAT!F$2:F64, MATCH(1, (PLAYER_STAT!A$2:A64 = MATCH_DATES!$A$9) * (PLAYER_STAT!D$2:D64 = $B6), 0) ), "" )} | CR6: {=IFERROR( INDEX(PLAYER_STAT!G$2:G64, MATCH(1, (PLAYER_STAT!A$2:A64 = MATCH_DATES!$A$9) * (PLAYER_STAT!D$2:D64 = $B6), 0) ), "" )} | CS6: =RANK(CJ6, CJ$3:CJ$38, 0) -> 21 | CT6: =IF(CS6<CG6, "↑", IF(CS6>CG6, "↓", "=")) -> ↑ | CU6: =SUM(F6,R6,AD6,AP6,BB6,BN6,BZ6,CL6) -> 27 | CV6: =A6 -> 🍂🎃 | CW6: =B6 -> Chato | CX6: =SUM(CU6,CY6,DD6) -> 43 | CY6: =SUM( IF(AND(MATCH_DATES!$A$2 <= TODAY(), NOW() >= MATCH_DATES!$A$2 + TIME(22, 0, 0)), E6, 0), IF(AND(MATCH_DATES!$A$3 <= TODAY(), NOW() >= MATCH_DATES!$A$3 + TIME(22, 0, 0)), Q6, 0), IF(AND(MATCH_DATES!$A$4 <= TODAY(), NOW() >= MATCH_DATES!$A$4 + TIME(22, 0, 0)), AC6, 0), IF(AND(MATCH_DATES!$A$5 <= TODAY(), NOW() >= MATCH_DATES!$A$5 + TIME(22, 0, 0)), AO6, 0), IF(AND(MATCH_DATES!$A$6 <= TODAY(), NOW() >= MATCH_DATES!$A$6 + TIME(22, 0, 0)), BA6, 0), IF(AND(MATCH_DATES!$A$7 <= TODAY(), NOW() >= MATCH_DATES!$A$7 + TIME(22, 0, 0)), BM6, 0), IF(AND(MATCH_DATES!$A$8 <= TODAY(), NOW() >= MATCH_DATES!$A$8 + TIME(22, 0, 0)), BY6, 0), IF(AND(MATCH_DATES!$A$9 <= TODAY(), NOW() >= MATCH_DATES!$A$9 + TIME(22, 0, 0)), CK6, 0) ) -> 16 | CZ6: =SUM(G6,S6,AE6,AQ6,BC6,BO6,CA6,CM6) -> 6 | DA6: =SUM(H6,T6,AF6,AR6,BD6,BP6,CB6,CN6) -> 2 | DB6: =SUM( IF(AND(MATCH_DATES!$A$2 <= TODAY(), NOW() >= MATCH_DATES!$A$2 + TIME(22, 0, 0)), I6, 0), IF(AND(MATCH_DATES!$A$3 <= TODAY(), NOW() >= MATCH_DATES!$A$3 + TIME(22, 0, 0)), U6, 0), IF(AND(MATCH_DATES!$A$4 <= TODAY(), NOW() >= MATCH_DATES!$A$4 + TIME(22, 0, 0)), AG6, 0), IF(AND(MATCH_DATES!$A$5 <= TODAY(), NOW() >= MATCH_DATES!$A$5 + TIME(22, 0, 0)), AS6, 0), IF(AND(MATCH_DATES!$A$6 <= TODAY(), NOW() >= MATCH_DATES!$A$6 + TIME(22, 0, 0)), BE6, 0), IF(AND(MATCH_DATES!$A$7 <= TODAY(), NOW() >= MATCH_DATES!$A$7 + TIME(22, 0, 0)), BQ6, 0), IF(AND(MATCH_DATES!$A$8 <= TODAY(), NOW() >= MATCH_DATES!$A$8 + TIME(22, 0, 0)), CC6, 0), IF(AND(MATCH_DATES!$A$9 <= TODAY(), NOW() >= MATCH_DATES!$A$9 + TIME(22, 0, 0)), CO6, 0) ) -> 8 | DC6: =sum(J6,V6,AH6,AT6,BF6,BR6,CD6,CP6) -> 5 | DD6: =SUM(K6,W6,AI6,AU6,BG6,BS6,CE6,CQ6) -> 0 | DE6: =SUM(L6,X6,AJ6,AV6,BH6,BT6,CF6,CR6) -> 0
A7: 🍂🎃 | B7: Chavito 👬 Coti | D7: =SUM(E7:F7)+K7 -> 0 | E7: =COUNTA(C7)*2 -> 0 | F7: =(G7*2)+(H7*1) -> 0 | G7: =IF(C7<>"", COUNTIFS(MATCH_INPUT!$K$2:$K$5,C7), 0) -> 0 | H7: =IF(C7<>"", COUNTIFS(MATCH_INPUT!$F$2:$F$5, C7, MATCH_INPUT!$K$2:$K$5, "Draw") + COUNTIFS(MATCH_INPUT!$J$2:$J$5, C7, MATCH_INPUT!$K$2:$K$5, "Draw"), 0) -> 0 | I7: =IF(C7<>"", COUNTIFS(MATCH_INPUT!$F$2:$F$5, C7, MATCH_INPUT!$K$2:$K$5, "<>"&C7, MATCH_INPUT!$K$2:$K$5, "<>Draw", MATCH_INPUT!$K$2:$K$5, "<>""") + COUNTIFS(MATCH_INPUT!$J$2:$J$5, C7, MATCH_INPUT!$K$2:$K$5, "<>"&C7, MATCH_INPUT!$K$2:$K$5, "<>Draw", MATCH_INPUT!$K$2:$K$5, "<>"""), 0) -> 0 | J7: {=IFERROR( INDEX(PLAYER_STAT!E$2:E64, MATCH(1, (PLAYER_STAT!A$2:A64 = MATCH_DATES!$A$2) * (PLAYER_STAT!D$2:D64 = $B7), 0) ), "" )} | K7: {=IFERROR( INDEX(PLAYER_STAT!F$2:F64, MATCH(1, (PLAYER_STAT!A$2:A64 = MATCH_DATES!$A$2) * (PLAYER_STAT!D$2:D64 = $B7), 0) ), "" )} | L7: {=IFERROR( INDEX(PLAYER_STAT!G$2:G64, MATCH(1, (PLAYER_STAT!A$2:A64 = MATCH_DATES!$A$2) * (PLAYER_STAT!D$2:D64 = $B7), 0) ), "" )} | M7: =RANK(D7, D$3:D$39, 0) -> 33 | N7: =IF(M7<1, "↑", IF(M7>1, "↓", "=")) -> ↓ | O7: GREEN | P7: =SUM(Q7:R7)+D7+W7 -> 3 | Q7: =COUNTA(O7)*2 -> 2 | R7: =(S7*2)+(T7*1) -> 1 | S7: =IF(O7<>"", COUNTIFS(MATCH_INPUT!$K$6:$K$9,O7), 0) -> 0 | T7: =IF(O7<>"", COUNTIFS(MATCH_INPUT!$F$6:$F$9, O7, MATCH_INPUT!$K$6:$K$9, "Draw") + COUNTIFS(MATCH_INPUT!$J$6:$J$9, O7, MATCH_INPUT!$K$6:$K$9, "Draw"), 0) -> 1 | U7: =IF(O7<>"", COUNTIFS(MATCH_INPUT!$F$6:$F$9, O7, MATCH_INPUT!$K$6:$K$9, "<>"&O7, MATCH_INPUT!$K$6:$K$9, "<>Draw", MATCH_INPUT!$K$6:$K$9, "<>""") + COUNTIFS(MATCH_INPUT!$J$6:$J$9, O7, MATCH_INPUT!$K$6:$K$9, "<>"&O7, MATCH_INPUT!$K$6:$K$9, "<>Draw", MATCH_INPUT!$K$6:$K$9, "<>"""), 0) -> 1 | V7: {=IFERROR( INDEX(PLAYER_STAT!E$2:E64, MATCH(1, (PLAYER_STAT!A$2:A64 = MATCH_DATES!$A$3) * (PLAYER_STAT!D$2:D64 = $B7), 0) ), "" )} | W7: {=IFERROR( INDEX(PLAYER_STAT!F$2:F64, MATCH(1, (PLAYER_STAT!A$2:A64 = MATCH_DATES!$A$3) * (PLAYER_STAT!D$2:D64 = $B7), 0) ), "" )} | X7: {=IFERROR( INDEX(PLAYER_STAT!G$2:G64, MATCH(1, (PLAYER_STAT!A$2:A64 = MATCH_DATES!$A$3) * (PLAYER_STAT!D$2:D64 = $B7), 0) ), "" )} | Y7: =RANK(P7, P$3:P$38, 0) -> 34 | Z7: =IF(Y7<M7, "↑", IF(Y7>M7, "↓", "=")) -> ↓ | AB7: =SUM(AC7:AD7)+P7+AI7 -> 3 | AC7: =COUNTA(AA7)*2 -> 0 | AD7: =SUM(AE7*2)+(AF7*1) -> 0 | AE7: =IF(AA7<>"", COUNTIFS(MATCH_INPUT!$K$10:$K$13,AA7), 0) -> 0 | AF7: =IF(AA7<>"", COUNTIFS(MATCH_INPUT!$F$10:$F$13, AA7, MATCH_INPUT!$K$10:$K$13, "Draw") + COUNTIFS(MATCH_INPUT!$J$10:$J$13, AA7, MATCH_INPUT!$K$10:$K$13, "Draw"), 0) -> 0 | AG7: =IF(AA7<>"", COUNTIFS(MATCH_INPUT!$F$10:$F$13, AA7, MATCH_INPUT!$K$10:$K$13, "<>"&AA7, MATCH_INPUT!$K$10:$K$13, "<>Draw", MATCH_INPUT!$K$10:$K$13, "<>""") + COUNTIFS(MATCH_INPUT!$J$10:$J$13, AA7, MATCH_INPUT!$K$10:$K$13, "<>"&AA7, MATCH_INPUT!$K$10:$K$13, "<>Draw", MATCH_INPUT!$K$10:$K$13, "<>"""), 0) -> 0 | AH7: {=IFERROR( INDEX(PLAYER_STAT!E$2:E64, MATCH(1, (PLAYER_STAT!A$2:A64 = MATCH_DATES!$A$4) * (PLAYER_STAT!D$2:D64 = $B7), 0) ), "" )} | AI7: {=IFERROR( INDEX(PLAYER_STAT!F$2:F64, MATCH(1, (PLAYER_STAT!A$2:A64 = MATCH_DATES!$A$4) * (PLAYER_STAT!D$2:D64 = $B7), 0) ), "" )} | AJ7: {=IFERROR( INDEX(PLAYER_STAT!G$2:G64, MATCH(1, (PLAYER_STAT!A$2:A64 = MATCH_DATES!$A$4) * (PLAYER_STAT!D$2:D64 = $B7), 0) ), "" )} | AK7: =RANK(AB7, AB$3:AB$38, 0) -> 36 | AL7: =IF(AK7<Y7, "↑", IF(AK7>Y7, "↓", "=")) -> ↓ | AN7: =SUM(AO7:AP7)+AB7+AU7 -> 3 | AO7: =COUNTA(AM7)*2 -> 0 | AP7: =SUM(AQ7*2)+(AR7*1) -> 0 | AQ7: =IF(AM7<>"", COUNTIFS(MATCH_INPUT!$K$14:$K$17,AM7), 0) -> 0 | AR7: =IF(AM7<>"", COUNTIFS(MATCH_INPUT!$F$14:$F$17, AM7, MATCH_INPUT!$K$14:$K$17, "Draw") + COUNTIFS(MATCH_INPUT!$J$14:$J$17, AM7, MATCH_INPUT!$K$14:$K$17, "Draw"), 0) -> 0 | AS7: =IF(AM7<>"", COUNTIFS(MATCH_INPUT!$F$14:$F$17, AM7, MATCH_INPUT!$K$14:$K$17, "<>"&AM7, MATCH_INPUT!$K$14:$K$17, "<>Draw", MATCH_INPUT!$K$14:$K$17, "<>""") + COUNTIFS(MATCH_INPUT!$J$14:$J$17, AM7, MATCH_INPUT!$K$14:$K$17, "<>"&AM7, MATCH_INPUT!$K$14:$K$17, "<>Draw", MATCH_INPUT!$K$14:$K$17, "<>"""), 0) -> 0 | AT7: {=IFERROR( INDEX(PLAYER_STAT!E$2:E64, MATCH(1, (PLAYER_STAT!A$2:A64 = MATCH_DATES!$A$5) * (PLAYER_STAT!D$2:D64 = $B7), 0) ), "" )} | AU7: {=IFERROR( INDEX(PLAYER_STAT!F$2:F64, MATCH(1, (PLAYER_STAT!A$2:A64 = MATCH_DATES!$A$5) * (PLAYER_STAT!D$2:D64 = $B7), 0) ), "" )} | AV7: {=IFERROR( INDEX(PLAYER_STAT!G$2:G64, MATCH(1, (PLAYER_STAT!A$2:A64 = MATCH_DATES!$A$5) * (PLAYER_STAT!D$2:D64 = $B7), 0) ), "" )} | AW7: =RANK(AN7, AN$3:AN$38, 0) -> 36 | AX7: =IF(AW7<AK7, "↑", IF(AW7>AK7, "↓", "=")) -> = | AY7: ORANGE | AZ7: =SUM(BA7:BB7)+BG7+AN7 -> 7 | BA7: =COUNTA(AY7)*2 -> 2 | BB7: =SUM(BC7*2) + (BD7*1) + SUMIFS(MATCH_INPUT!$G$18:$G$21, MATCH_INPUT!$F$18:$F$21, AY7) + SUMIFS(MATCH_INPUT!$I$18:$I$21, MATCH_INPUT!$J$18:$J$21, AY7) -> 1 | BC7: =IF(AY7<>"", COUNTIFS(MATCH_INPUT!$K$18:$K$21,AY7), 0) -> 0 | BD7: =IF(AY7<>"", COUNTIFS(MATCH_INPUT!$F$18:$F$21, AY7, MATCH_INPUT!$K$18:$K$21, "Draw") + COUNTIFS(MATCH_INPUT!$J$18:$J$21, AY7, MATCH_INPUT!$K$18:$K$21, "Draw"), 0) -> 0 | BE7: =IF(AY7<>"", COUNTIFS(MATCH_INPUT!$F$18:$F$21, AY7, MATCH_INPUT!$K$18:$K$21, "<>"&AY7, MATCH_INPUT!$K$18:$K$21, "<>Draw", MATCH_INPUT!$K$18:$K$21, "<>""") + COUNTIFS(MATCH_INPUT!$J$18:$J$21, AY7, MATCH_INPUT!$K$18:$K$21, "<>"&AY7, MATCH_INPUT!$K$18:$K$21, "<>Draw", MATCH_INPUT!$K$18:$K$21, "<>"""), 0) -> 2 | BF7: {=IFERROR( INDEX(PLAYER_STAT!E$2:E64, MATCH(1, (PLAYER_STAT!A$2:A64 = MATCH_DATES!$A$6) * (PLAYER_STAT!D$2:D64 = $B7), 0) ), "" )} -> 0 | BG7: {=IFERROR( INDEX(PLAYER_STAT!F$2:F64, MATCH(1, (PLAYER_STAT!A$2:A64 = MATCH_DATES!$A$6) * (PLAYER_STAT!D$2:D64 = $B7), 0) ), "" )} -> 1 | BH7: {=IFERROR( INDEX(PLAYER_STAT!G$2:G64, MATCH(1, (PLAYER_STAT!A$2:A64 = MATCH_DATES!$A$6) * (PLAYER_STAT!D$2:D64 = $B7), 0) ), "" )} -> 0 | BI7: =RANK(AZ7, AZ$3:AZ$38, 0) -> 36 | BJ7: =IF(BI7<AW7, "↑", IF(BI7>AW7, "↓", "=")) -> = | BK7: BLUE | BL7: =SUM(BM7:BN7)+BS7+AZ7 -> 11 | BM7: =COUNTA(BK7)*2 -> 2 | BN7: =SUM(BO7*2) + (BP7*1) + SUMIFS(MATCH_INPUT!$G$22:$G$25, MATCH_INPUT!$F$22:$F$25, BK7) + SUMIFS(MATCH_INPUT!$I$22:$I$25, MATCH_INPUT!$J$22:$J$25, BK7) -> 2 | BO7: =IF(BK7<>"", COUNTIFS(MATCH_INPUT!$K$22:$K$25,BK7), 0) -> 0 | BP7: =IF(BK7<>"", COUNTIFS(MATCH_INPUT!$F$22:$F$25, BK7, MATCH_INPUT!$K$22:$K$25, "Draw") + COUNTIFS(MATCH_INPUT!$J$22:$J$25, BK7, MATCH_INPUT!$K$22:$K$25, "Draw"), 0) -> 1 | BQ7: =IF(BK7<>"", COUNTIFS(MATCH_INPUT!$F$22:$F$25, BK7, MATCH_INPUT!$K$22:$K$25, "<>"&BK7, MATCH_INPUT!$K$22:$K$25, "<>Draw", MATCH_INPUT!$K$22:$K$25, "<>""") + COUNTIFS(MATCH_INPUT!$J$22:$J$25, BK7, MATCH_INPUT!$K$22:$K$25, "<>"&BK7, MATCH_INPUT!$K$22:$K$25, "<>Draw", MATCH_INPUT!$K$22:$K$25, "<>"""), 0) -> 1 | BR7: {=IFERROR( INDEX(PLAYER_STAT!E$2:E64, MATCH(1, (PLAYER_STAT!A$2:A64 = MATCH_DATES!$A$7) * (PLAYER_STAT!D$2:D64 = $B7), 0) ), "" )} | BS7: {=IFERROR( INDEX(PLAYER_STAT!F$2:F64, MATCH(1, (PLAYER_STAT!A$2:A64 = MATCH_DATES!$A$7) * (PLAYER_STAT!D$2:D64 = $B7), 0) ), "" )} | BT7: {=IFERROR( INDEX(PLAYER_STAT!G$2:G64, MATCH(1, (PLAYER_STAT!A$2:A64 = MATCH_DATES!$A$7) * (PLAYER_STAT!D$2:D64 = $B7), 0) ), "" )} | BU7: =RANK(BL7, BL$3:BL$38, 0) -> 36 | BV7: =IF(BU7<BI7, "↑", IF(BU7>BI7, "↓", "=")) -> = | BW7: BLUE | BX7: =SUM(BY7:BZ7)+CE7+BL7 -> 28 | BY7: =COUNTA(BW7)*2 -> 2 | BZ7: =SUM(CA7*2)+(CB7*1) + SUMIFS(MATCH_INPUT!$G$26:$G$29, MATCH_INPUT!$F$26:$F$29, BW7) + SUMIFS(MATCH_INPUT!$I$26:$I$29, MATCH_INPUT!$J$26:$J$29, BW7) -> 14 | CA7: =IF(BW7<>"", COUNTIFS(MATCH_INPUT!$K$26:$K$29,BW7), 0) -> 2 | CB7: =IF(BW7<>"", COUNTIFS(MATCH_INPUT!$F$26:$F$29, BW7, MATCH_INPUT!$K$26:$K$29, "Draw") + COUNTIFS(MATCH_INPUT!$J$26:$J$29, BW7, MATCH_INPUT!$K$26:$K$29, "Draw"), 0) -> 0 | CC7: =IF(BW7<>"", COUNTIFS(MATCH_INPUT!$F$26:$F$29, BW7, MATCH_INPUT!$K$26:$K$29, "<>"&BW7, MATCH_INPUT!$K$26:$K$29, "<>Draw", MATCH_INPUT!$K$26:$K$29, "<>""") + COUNTIFS(MATCH_INPUT!$J$26:$J$29, BW7, MATCH_INPUT!$K$26:$K$29, "<>"&BW7, MATCH_INPUT!$K$26:$K$29, "<>Draw", MATCH_INPUT!$K$26:$K$29, "<>"""), 0) -> 0 | CD7: {=IFERROR( INDEX(PLAYER_STAT!E$2:E64, MATCH(1, (PLAYER_STAT!A$2:A64 = MATCH_DATES!$A$8) * (PLAYER_STAT!D$2:D64 = $B7), 0) ), "" )} -> 0 | CE7: {=IFERROR( INDEX(PLAYER_STAT!F$2:F64, MATCH(1, (PLAYER_STAT!A$2:A64 = MATCH_DATES!$A$8) * (PLAYER_STAT!D$2:D64 = $B7), 0) ), "" )} -> 1 | CF7: {=IFERROR( INDEX(PLAYER_STAT!G$2:G64, MATCH(1, (PLAYER_STAT!A$2:A64 = MATCH_DATES!$A$8) * (PLAYER_STAT!D$2:D64 = $B7), 0) ), "" )} -> 1 | CG7: =RANK(BX7, BX$3:BX$38, 0) -> 27 | CH7: =IF(CG7<BU7, "↑", IF(CG7>BU7, "↓", "=")) -> ↑ | CI7: ORANGE | CJ7: =SUM(CK7:CL7)+CQ7+BX7 -> 34 | CK7: =COUNTA(CI7)*2 -> 2 | CL7: =SUM(CM7*2)+(CN7*1) + SUMIFS(MATCH_INPUT!$G$30:$G$33, MATCH_INPUT!$F$30:$F$33, CI7) + SUMIFS(MATCH_INPUT!$I$30:$I$33, MATCH_INPUT!$J$30:$J$33, CI7) -> 4 | CM7: =IF(CI7<>"", COUNTIFS(MATCH_INPUT!$K$30:$K$33,CI7), 0) -> 0 | CN7: =IF(CI7<>"", COUNTIFS(MATCH_INPUT!$F$30:$F$33, CI7, MATCH_INPUT!$K$30:$K$33, "Draw") + COUNTIFS(MATCH_INPUT!$J$30:$J$33, CI7, MATCH_INPUT!$K$30:$K$33, "Draw"), 0) -> 0 | CO7: =IF(CI7<>"", COUNTIFS(MATCH_INPUT!$F$30:$F$33, CI7, MATCH_INPUT!$K$30:$K$33, "<>"&CI7, MATCH_INPUT!$K$30:$K$33, "<>Draw", MATCH_INPUT!$K$30:$K$33, "<>""") + COUNTIFS(MATCH_INPUT!$J$30:$J$33, CI7, MATCH_INPUT!$K$30:$K$33, "<>"&CI7, MATCH_INPUT!$K$30:$K$33, "<>Draw", MATCH_INPUT!$K$30:$K$33, "<>"""), 0) -> 2 | CP7: {=IFERROR( INDEX(PLAYER_STAT!E$2:E64, MATCH(1, (PLAYER_STAT!A$2:A64 = MATCH_DATES!$A$9) * (PLAYER_STAT!D$2:D64 = $B7), 0) ), "" )} | CQ7: {=IFERROR( INDEX(PLAYER_STAT!F$2:F64, MATCH(1, (PLAYER_STAT!A$2:A64 = MATCH_DATES!$A$9) * (PLAYER_STAT!D$2:D64 = $B7), 0) ), "" )} | CR7: {=IFERROR( INDEX(PLAYER_STAT!G$2:G64, MATCH(1, (PLAYER_STAT!A$2:A64 = MATCH_DATES!$A$9) * (PLAYER_STAT!D$2:D64 = $B7), 0) ), "" )} | CS7: =RANK(CJ7, CJ$3:CJ$38, 0) -> 30 | CT7: =IF(CS7<CG7, "↑", IF(CS7>CG7, "↓", "=")) -> ↓ | CU7: =SUM(F7,R7,AD7,AP7,BB7,BN7,BZ7,CL7) -> 22 | CV7: =A7 -> 🍂🎃 | CW7: =B7 -> Chavito 👬 Coti | CX7: =SUM(CU7,CY7,DD7) -> 34 | CY7: =SUM( IF(AND(MATCH_DATES!$A$2 <= TODAY(), NOW() >= MATCH_DATES!$A$2 + TIME(22, 0, 0)), E7, 0), IF(AND(MATCH_DATES!$A$3 <= TODAY(), NOW() >= MATCH_DATES!$A$3 + TIME(22, 0, 0)), Q7, 0), IF(AND(MATCH_DATES!$A$4 <= TODAY(), NOW() >= MATCH_DATES!$A$4 + TIME(22, 0, 0)), AC7, 0), IF(AND(MATCH_DATES!$A$5 <= TODAY(), NOW() >= MATCH_DATES!$A$5 + TIME(22, 0, 0)), AO7, 0), IF(AND(MATCH_DATES!$A$6 <= TODAY(), NOW() >= MATCH_DATES!$A$6 + TIME(22, 0, 0)), BA7, 0), IF(AND(MATCH_DATES!$A$7 <= TODAY(), NOW() >= MATCH_DATES!$A$7 + TIME(22, 0, 0)), BM7, 0), IF(AND(MATCH_DATES!$A$8 <= TODAY(), NOW() >= MATCH_DATES!$A$8 + TIME(22, 0, 0)), BY7, 0), IF(AND(MATCH_DATES!$A$9 <= TODAY(), NOW() >= MATCH_DATES!$A$9 + TIME(22, 0, 0)), CK7, 0) ) -> 10 | CZ7: =SUM(G7,S7,AE7,AQ7,BC7,BO7,CA7,CM7) -> 2 | DA7: =SUM(H7,T7,AF7,AR7,BD7,BP7,CB7,CN7) -> 2 | DB7: =SUM( IF(AND(MATCH_DATES!$A$2 <= TODAY(), NOW() >= MATCH_DATES!$A$2 + TIME(22, 0, 0)), I7, 0), IF(AND(MATCH_DATES!$A$3 <= TODAY(), NOW() >= MATCH_DATES!$A$3 + TIME(22, 0, 0)), U7, 0), IF(AND(MATCH_DATES!$A$4 <= TODAY(), NOW() >= MATCH_DATES!$A$4 + TIME(22, 0, 0)), AG7, 0), IF(AND(MATCH_DATES!$A$5 <= TODAY(), NOW() >= MATCH_DATES!$A$5 + TIME(22, 0, 0)), AS7, 0), IF(AND(MATCH_DATES!$A$6 <= TODAY(), NOW() >= MATCH_DATES!$A$6 + TIME(22, 0, 0)), BE7, 0), IF(AND(MATCH_DATES!$A$7 <= TODAY(), NOW() >= MATCH_DATES!$A$7 + TIME(22, 0, 0)), BQ7, 0), IF(AND(MATCH_DATES!$A$8 <= TODAY(), NOW() >= MATCH_DATES!$A$8 + TIME(22, 0, 0)), CC7, 0), IF(AND(MATCH_DATES!$A$9 <= TODAY(), NOW() >= MATCH_DATES!$A$9 + TIME(22, 0, 0)), CO7, 0) ) -> 6 | DC7: =sum(J7,V7,AH7,AT7,BF7,BR7,CD7,CP7) -> 0 | DD7: =SUM(K7,W7,AI7,AU7,BG7,BS7,CE7,CQ7) -> 2 | DE7: =SUM(L7,X7,AJ7,AV7,BH7,BT7,CF7,CR7) -> 1
A8: 🍂🎃 | B8: Chilas 👬 Calin | C8: MAGENTA | D8: =SUM(E8:F8)+K8 -> 6 | E8: =COUNTA(C8)*2 -> 2 | F8: =(G8*2)+(H8*1) -> 4 | G8: =IF(C8<>"", COUNTIFS(MATCH_INPUT!$K$2:$K$5,C8), 0) -> 2 | H8: =IF(C8<>"", COUNTIFS(MATCH_INPUT!$F$2:$F$5, C8, MATCH_INPUT!$K$2:$K$5, "Draw") + COUNTIFS(MATCH_INPUT!$J$2:$J$5, C8, MATCH_INPUT!$K$2:$K$5, "Draw"), 0) -> 0 | I8: =IF(C8<>"", COUNTIFS(MATCH_INPUT!$F$2:$F$5, C8, MATCH_INPUT!$K$2:$K$5, "<>"&C8, MATCH_INPUT!$K$2:$K$5, "<>Draw", MATCH_INPUT!$K$2:$K$5, "<>""") + COUNTIFS(MATCH_INPUT!$J$2:$J$5, C8, MATCH_INPUT!$K$2:$K$5, "<>"&C8, MATCH_INPUT!$K$2:$K$5, "<>Draw", MATCH_INPUT!$K$2:$K$5, "<>"""), 0) -> 0 | J8: {=IFERROR( INDEX(PLAYER_STAT!E$2:E64, MATCH(1, (PLAYER_STAT!A$2:A64 = MATCH_DATES!$A$2) * (PLAYER_STAT!D$2:D64 = $B8), 0) ), "" )} | K8: {=IFERROR( INDEX(PLAYER_STAT!F$2:F64, MATCH(1, (PLAYER_STAT!A$2:A64 = MATCH_DATES!$A$2) * (PLAYER_STAT!D$2:D64 = $B8), 0) ), "" )} | L8: {=IFERROR( INDEX(PLAYER_STAT!G$2:G64, MATCH(1, (PLAYER_STAT!A$2:A64 = MATCH_DATES!$A$2) * (PLAYER_STAT!D$2:D64 = $B8), 0) ), "" )} | M8: =RANK(D8, D$3:D$39, 0) -> 2 | N8: =IF(M8<1, "↑", IF(M8>1, "↓", "=")) -> ↓ | O8: MAGENTA | P8: =SUM(Q8:R8)+D8+W8 -> 10 | Q8: =COUNTA(O8)*2 -> 2 | R8: =(S8*2)+(T8*1) -> 2 | S8: =IF(O8<>"", COUNTIFS(MATCH_INPUT!$K$6:$K$9,O8), 0) -> 0 | T8: =IF(O8<>"", COUNTIFS(MATCH_INPUT!$F$6:$F$9, O8, MATCH_INPUT!$K$6:$K$9, "Draw") + COUNTIFS(MATCH_INPUT!$J$6:$J$9, O8, MATCH_INPUT!$K$6:$K$9, "Draw"), 0) -> 2 | U8: =IF(O8<>"", COUNTIFS(MATCH_INPUT!$F$6:$F$9, O8, MATCH_INPUT!$K$6:$K$9, "<>"&O8, MATCH_INPUT!$K$6:$K$9, "<>Draw", MATCH_INPUT!$K$6:$K$9, "<>""") + COUNTIFS(MATCH_INPUT!$J$6:$J$9, O8, MATCH_INPUT!$K$6:$K$9, "<>"&O8, MATCH_INPUT!$K$6:$K$9, "<>Draw", MATCH_INPUT!$K$6:$K$9, "<>"""), 0) -> 0 | V8: {=IFERROR( INDEX(PLAYER_STAT!E$2:E64, MATCH(1, (PLAYER_STAT!A$2:A64 = MATCH_DATES!$A$3) * (PLAYER_STAT!D$2:D64 = $B8), 0) ), "" )} | W8: {=IFERROR( INDEX(PLAYER_STAT!F$2:F64, MATCH(1, (PLAYER_STAT!A$2:A64 = MATCH_DATES!$A$3) * (PLAYER_STAT!D$2:D64 = $B8), 0) ), "" )} | X8: {=IFERROR( INDEX(PLAYER_STAT!G$2:G64, MATCH(1, (PLAYER_STAT!A$2:A64 = MATCH_DATES!$A$3) * (PLAYER_STAT!D$2:D64 = $B8), 0) ), "" )} | Y8: =RANK(P8, P$3:P$38, 0) -> 4 | Z8: =IF(Y8<M8, "↑", IF(Y8>M8, "↓", "=")) -> ↓ | AB8: =SUM(AC8:AD8)+P8+AI8 -> 10 | AC8: =COUNTA(AA8)*2 -> 0 | AD8: =SUM(AE8*2)+(AF8*1) -> 0 | AE8: =IF(AA8<>"", COUNTIFS(MATCH_INPUT!$K$10:$K$13,AA8), 0) -> 0 | AF8: =IF(AA8<>"", COUNTIFS(MATCH_INPUT!$F$10:$F$13, AA8, MATCH_INPUT!$K$10:$K$13, "Draw") + COUNTIFS(MATCH_INPUT!$J$10:$J$13, AA8, MATCH_INPUT!$K$10:$K$13, "Draw"), 0) -> 0 | AG8: =IF(AA8<>"", COUNTIFS(MATCH_INPUT!$F$10:$F$13, AA8, MATCH_INPUT!$K$10:$K$13, "<>"&AA8, MATCH_INPUT!$K$10:$K$13, "<>Draw", MATCH_INPUT!$K$10:$K$13, "<>""") + COUNTIFS(MATCH_INPUT!$J$10:$J$13, AA8, MATCH_INPUT!$K$10:$K$13, "<>"&AA8, MATCH_INPUT!$K$10:$K$13, "<>Draw", MATCH_INPUT!$K$10:$K$13, "<>"""), 0) -> 0 | AH8: {=IFERROR( INDEX(PLAYER_STAT!E$2:E64, MATCH(1, (PLAYER_STAT!A$2:A64 = MATCH_DATES!$A$4) * (PLAYER_STAT!D$2:D64 = $B8), 0) ), "" )} | AI8: {=IFERROR( INDEX(PLAYER_STAT!F$2:F64, MATCH(1, (PLAYER_STAT!A$2:A64 = MATCH_DATES!$A$4) * (PLAYER_STAT!D$2:D64 = $B8), 0) ), "" )} | AJ8: {=IFERROR( INDEX(PLAYER_STAT!G$2:G64, MATCH(1, (PLAYER_STAT!A$2:A64 = MATCH_DATES!$A$4) * (PLAYER_STAT!D$2:D64 = $B8), 0) ), "" )} | AK8: =RANK(AB8, AB$3:AB$38, 0) -> 25 | AL8: =IF(AK8<Y8, "↑", IF(AK8>Y8, "↓", "=")) -> ↓ | AM8: MAGENTA | AN8: =SUM(AO8:AP8)+AB8+AU8 -> 12 | AO8: =COUNTA(AM8)*2 -> 2 | AP8: =SUM(AQ8*2)+(AR8*1) -> 0 | AQ8: =IF(AM8<>"", COUNTIFS(MATCH_INPUT!$K$14:$K$17,AM8), 0) -> 0 | AR8: =IF(AM8<>"", COUNTIFS(MATCH_INPUT!$F$14:$F$17, AM8, MATCH_INPUT!$K$14:$K$17, "Draw") + COUNTIFS(MATCH_INPUT!$J$14:$J$17, AM8, MATCH_INPUT!$K$14:$K$17, "Draw"), 0) -> 0 | AS8: =IF(AM8<>"", COUNTIFS(MATCH_INPUT!$F$14:$F$17, AM8, MATCH_INPUT!$K$14:$K$17, "<>"&AM8, MATCH_INPUT!$K$14:$K$17, "<>Draw", MATCH_INPUT!$K$14:$K$17, "<>""") + COUNTIFS(MATCH_INPUT!$J$14:$J$17, AM8, MATCH_INPUT!$K$14:$K$17, "<>"&AM8, MATCH_INPUT!$K$14:$K$17, "<>Draw", MATCH_INPUT!$K$14:$K$17, "<>"""), 0) -> 2 | AT8: {=IFERROR( INDEX(PLAYER_STAT!E$2:E64, MATCH(1, (PLAYER_STAT!A$2:A64 = MATCH_DATES!$A$5) * (PLAYER_STAT!D$2:D64 = $B8), 0) ), "" )} | AU8: {=IFERROR( INDEX(PLAYER_STAT!F$2:F64, MATCH(1, (PLAYER_STAT!A$2:A64 = MATCH_DATES!$A$5) * (PLAYER_STAT!D$2:D64 = $B8), 0) ), "" )} | AV8: {=IFERROR( INDEX(PLAYER_STAT!G$2:G64, MATCH(1, (PLAYER_STAT!A$2:A64 = MATCH_DATES!$A$5) * (PLAYER_STAT!D$2:D64 = $B8), 0) ), "" )} | AW8: =RANK(AN8, AN$3:AN$38, 0) -> 27 | AX8: =IF(AW8<AK8, "↑", IF(AW8>AK8, "↓", "=")) -> ↓ | AZ8: =SUM(BA8:BB8)+BG8+AN8 -> 12 | BA8: =COUNTA(AY8)*2 -> 0 | BB8: =SUM(BC8*2) + (BD8*1) + SUMIFS(MATCH_INPUT!$G$18:$G$21, MATCH_INPUT!$F$18:$F$21, AY8) + SUMIFS(MATCH_INPUT!$I$18:$I$21, MATCH_INPUT!$J$18:$J$21, AY8) -> 0 | BC8: =IF(AY8<>"", COUNTIFS(MATCH_INPUT!$K$18:$K$21,AY8), 0) -> 0 | BD8: =IF(AY8<>"", COUNTIFS(MATCH_INPUT!$F$18:$F$21, AY8, MATCH_INPUT!$K$18:$K$21, "Draw") + COUNTIFS(MATCH_INPUT!$J$18:$J$21, AY8, MATCH_INPUT!$K$18:$K$21, "Draw"), 0) -> 0 | BE8: =IF(AY8<>"", COUNTIFS(MATCH_INPUT!$F$18:$F$21, AY8, MATCH_INPUT!$K$18:$K$21, "<>"&AY8, MATCH_INPUT!$K$18:$K$21, "<>Draw", MATCH_INPUT!$K$18:$K$21, "<>""") + COUNTIFS(MATCH_INPUT!$J$18:$J$21, AY8, MATCH_INPUT!$K$18:$K$21, "<>"&AY8, MATCH_INPUT!$K$18:$K$21, "<>Draw", MATCH_INPUT!$K$18:$K$21, "<>"""), 0) -> 0 | BF8: {=IFERROR( INDEX(PLAYER_STAT!E$2:E64, MATCH(1, (PLAYER_STAT!A$2:A64 = MATCH_DATES!$A$6) * (PLAYER_STAT!D$2:D64 = $B8), 0) ), "" )} | BG8: {=IFERROR( INDEX(PLAYER_STAT!F$2:F64, MATCH(1, (PLAYER_STAT!A$2:A64 = MATCH_DATES!$A$6) * (PLAYER_STAT!D$2:D64 = $B8), 0) ), "" )} | BH8: {=IFERROR( INDEX(PLAYER_STAT!G$2:G64, MATCH(1, (PLAYER_STAT!A$2:A64 = MATCH_DATES!$A$6) * (PLAYER_STAT!D$2:D64 = $B8), 0) ), "" )} | BI8: =RANK(AZ8, AZ$3:AZ$38, 0) -> 35 | BJ8: =IF(BI8<AW8, "↑", IF(BI8>AW8, "↓", "=")) -> ↓ | BK8: ORANGE | BL8: =SUM(BM8:BN8)+BS8+AZ8 -> 26 | BM8: =COUNTA(BK8)*2 -> 2 | BN8: =SUM(BO8*2) + (BP8*1) + SUMIFS(MATCH_INPUT!$G$22:$G$25, MATCH_INPUT!$F$22:$F$25, BK8) + SUMIFS(MATCH_INPUT!$I$22:$I$25, MATCH_INPUT!$J$22:$J$25, BK8) -> 12 | BO8: =IF(BK8<>"", COUNTIFS(MATCH_INPUT!$K$22:$K$25,BK8), 0) -> 2 | BP8: =IF(BK8<>"", COUNTIFS(MATCH_INPUT!$F$22:$F$25, BK8, MATCH_INPUT!$K$22:$K$25, "Draw") + COUNTIFS(MATCH_INPUT!$J$22:$J$25, BK8, MATCH_INPUT!$K$22:$K$25, "Draw"), 0) -> 0 | BQ8: =IF(BK8<>"", COUNTIFS(MATCH_INPUT!$F$22:$F$25, BK8, MATCH_INPUT!$K$22:$K$25, "<>"&BK8, MATCH_INPUT!$K$22:$K$25, "<>Draw", MATCH_INPUT!$K$22:$K$25, "<>""") + COUNTIFS(MATCH_INPUT!$J$22:$J$25, BK8, MATCH_INPUT!$K$22:$K$25, "<>"&BK8, MATCH_INPUT!$K$22:$K$25, "<>Draw", MATCH_INPUT!$K$22:$K$25, "<>"""), 0) -> 0 | BR8: {=IFERROR( INDEX(PLAYER_STAT!E$2:E64, MATCH(1, (PLAYER_STAT!A$2:A64 = MATCH_DATES!$A$7) * (PLAYER_STAT!D$2:D64 = $B8), 0) ), "" )} | BS8: {=IFERROR( INDEX(PLAYER_STAT!F$2:F64, MATCH(1, (PLAYER_STAT!A$2:A64 = MATCH_DATES!$A$7) * (PLAYER_STAT!D$2:D64 = $B8), 0) ), "" )} | BT8: {=IFERROR( INDEX(PLAYER_STAT!G$2:G64, MATCH(1, (PLAYER_STAT!A$2:A64 = MATCH_DATES!$A$7) * (PLAYER_STAT!D$2:D64 = $B8), 0) ), "" )} | BU8: =RANK(BL8, BL$3:BL$38, 0) -> 25 | BV8: =IF(BU8<BI8, "↑", IF(BU8>BI8, "↓", "=")) -> ↑ | BW8: GREEN | BX8: =SUM(BY8:BZ8)+CE8+BL8 -> 34 | BY8: =COUNTA(BW8)*2 -> 2 | BZ8: =SUM(CA8*2)+(CB8*1) + SUMIFS(MATCH_INPUT!$G$26:$G$29, MATCH_INPUT!$F$26:$F$29, BW8) + SUMIFS(MATCH_INPUT!$I$26:$I$29, MATCH_INPUT!$J$26:$J$29, BW8) -> 6 | CA8: =IF(BW8<>"", COUNTIFS(MATCH_INPUT!$K$26:$K$29,BW8), 0) -> 1 | CB8: =IF(BW8<>"", COUNTIFS(MATCH_INPUT!$F$26:$F$29, BW8, MATCH_INPUT!$K$26:$K$29, "Draw") + COUNTIFS(MATCH_INPUT!$J$26:$J$29, BW8, MATCH_INPUT!$K$26:$K$29, "Draw"), 0) -> 1 | CC8: =IF(BW8<>"", COUNTIFS(MATCH_INPUT!$F$26:$F$29, BW8, MATCH_INPUT!$K$26:$K$29, "<>"&BW8, MATCH_INPUT!$K$26:$K$29, "<>Draw", MATCH_INPUT!$K$26:$K$29, "<>""") + COUNTIFS(MATCH_INPUT!$J$26:$J$29, BW8, MATCH_INPUT!$K$26:$K$29, "<>"&BW8, MATCH_INPUT!$K$26:$K$29, "<>Draw", MATCH_INPUT!$K$26:$K$29, "<>"""), 0) -> 0 | CD8: {=IFERROR( INDEX(PLAYER_STAT!E$2:E64, MATCH(1, (PLAYER_STAT!A$2:A64 = MATCH_DATES!$A$8) * (PLAYER_STAT!D$2:D64 = $B8), 0) ), "" )} | CE8: {=IFERROR( INDEX(PLAYER_STAT!F$2:F64, MATCH(1, (PLAYER_STAT!A$2:A64 = MATCH_DATES!$A$8) * (PLAYER_STAT!D$2:D64 = $B8), 0) ), "" )} | CF8: {=IFERROR( INDEX(PLAYER_STAT!G$2:G64, MATCH(1, (PLAYER_STAT!A$2:A64 = MATCH_DATES!$A$8) * (PLAYER_STAT!D$2:D64 = $B8), 0) ), "" )} | CG8: =RANK(BX8, BX$3:BX$38, 0) -> 22 | CH8: =IF(CG8<BU8, "↑", IF(CG8>BU8, "↓", "=")) -> ↑ | CI8: GREEN | CJ8: =SUM(CK8:CL8)+CQ8+BX8 -> 45 | CK8: =COUNTA(CI8)*2 -> 2 | CL8: =SUM(CM8*2)+(CN8*1) + SUMIFS(MATCH_INPUT!$G$30:$G$33, MATCH_INPUT!$F$30:$F$33, CI8) + SUMIFS(MATCH_INPUT!$I$30:$I$33, MATCH_INPUT!$J$30:$J$33, CI8) -> 9 | CM8: =IF(CI8<>"", COUNTIFS(MATCH_INPUT!$K$30:$K$33,CI8), 0) -> 1 | CN8: =IF(CI8<>"", COUNTIFS(MATCH_INPUT!$F$30:$F$33, CI8, MATCH_INPUT!$K$30:$K$33, "Draw") + COUNTIFS(MATCH_INPUT!$J$30:$J$33, CI8, MATCH_INPUT!$K$30:$K$33, "Draw"), 0) -> 1 | CO8: =IF(CI8<>"", COUNTIFS(MATCH_INPUT!$F$30:$F$33, CI8, MATCH_INPUT!$K$30:$K$33, "<>"&CI8, MATCH_INPUT!$K$30:$K$33, "<>Draw", MATCH_INPUT!$K$30:$K$33, "<>""") + COUNTIFS(MATCH_INPUT!$J$30:$J$33, CI8, MATCH_INPUT!$K$30:$K$33, "<>"&CI8, MATCH_INPUT!$K$30:$K$33, "<>Draw", MATCH_INPUT!$K$30:$K$33, "<>"""), 0) -> 0 | CP8: {=IFERROR( INDEX(PLAYER_STAT!E$2:E64, MATCH(1, (PLAYER_STAT!A$2:A64 = MATCH_DATES!$A$9) * (PLAYER_STAT!D$2:D64 = $B8), 0) ), "" )} | CQ8: {=IFERROR( INDEX(PLAYER_STAT!F$2:F64, MATCH(1, (PLAYER_STAT!A$2:A64 = MATCH_DATES!$A$9) * (PLAYER_STAT!D$2:D64 = $B8), 0) ), "" )} | CR8: {=IFERROR( INDEX(PLAYER_STAT!G$2:G64, MATCH(1, (PLAYER_STAT!A$2:A64 = MATCH_DATES!$A$9) * (PLAYER_STAT!D$2:D64 = $B8), 0) ), "" )} | CS8: =RANK(CJ8, CJ$3:CJ$38, 0) -> 20 | CT8: =IF(CS8<CG8, "↑", IF(CS8>CG8, "↓", "=")) -> ↑ | CU8: =SUM(F8,R8,AD8,AP8,BB8,BN8,BZ8,CL8) -> 33 | CV8: =A8 -> 🍂🎃 | CW8: =B8 -> Chilas 👬 Calin | CX8: =SUM(CU8,CY8,DD8) -> 45 | CY8: =SUM( IF(AND(MATCH_DATES!$A$2 <= TODAY(), NOW() >= MATCH_DATES!$A$2 + TIME(22, 0, 0)), E8, 0), IF(AND(MATCH_DATES!$A$3 <= TODAY(), NOW() >= MATCH_DATES!$A$3 + TIME(22, 0, 0)), Q8, 0), IF(AND(MATCH_DATES!$A$4 <= TODAY(), NOW() >= MATCH_DATES!$A$4 + TIME(22, 0, 0)), AC8, 0), IF(AND(MATCH_DATES!$A$5 <= TODAY(), NOW() >= MATCH_DATES!$A$5 + TIME(22, 0, 0)), AO8, 0), IF(AND(MATCH_DATES!$A$6 <= TODAY(), NOW() >= MATCH_DATES!$A$6 + TIME(22, 0, 0)), BA8, 0), IF(AND(MATCH_DATES!$A$7 <= TODAY(), NOW() >= MATCH_DATES!$A$7 + TIME(22, 0, 0)), BM8, 0), IF(AND(MATCH_DATES!$A$8 <= TODAY(), NOW() >= MATCH_DATES!$A$8 + TIME(22, 0, 0)), BY8, 0), IF(AND(MATCH_DATES!$A$9 <= TODAY(), NOW() >= MATCH_DATES!$A$9 + TIME(22, 0, 0)), CK8, 0) ) -> 12 | CZ8: =SUM(G8,S8,AE8,AQ8,BC8,BO8,CA8,CM8) -> 6 | DA8: =SUM(H8,T8,AF8,AR8,BD8,BP8,CB8,CN8) -> 4 | DB8: =SUM( IF(AND(MATCH_DATES!$A$2 <= TODAY(), NOW() >= MATCH_DATES!$A$2 + TIME(22, 0, 0)), I8, 0), IF(AND(MATCH_DATES!$A$3 <= TODAY(), NOW() >= MATCH_DATES!$A$3 + TIME(22, 0, 0)), U8, 0), IF(AND(MATCH_DATES!$A$4 <= TODAY(), NOW() >= MATCH_DATES!$A$4 + TIME(22, 0, 0)), AG8, 0), IF(AND(MATCH_DATES!$A$5 <= TODAY(), NOW() >= MATCH_DATES!$A$5 + TIME(22, 0, 0)), AS8, 0), IF(AND(MATCH_DATES!$A$6 <= TODAY(), NOW() >= MATCH_DATES!$A$6 + TIME(22, 0, 0)), BE8, 0), IF(AND(MATCH_DATES!$A$7 <= TODAY(), NOW() >= MATCH_DATES!$A$7 + TIME(22, 0, 0)), BQ8, 0), IF(AND(MATCH_DATES!$A$8 <= TODAY(), NOW() >= MATCH_DATES!$A$8 + TIME(22, 0, 0)), CC8, 0), IF(AND(MATCH_DATES!$A$9 <= TODAY(), NOW() >= MATCH_DATES!$A$9 + TIME(22, 0, 0)), CO8, 0) ) -> 2 | DC8: =sum(J8,V8,AH8,AT8,BF8,BR8,CD8,CP8) -> 0 | DD8: =SUM(K8,W8,AI8,AU8,BG8,BS8,CE8,CQ8) -> 0 | DE8: =SUM(L8,X8,AJ8,AV8,BH8,BT8,CF8,CR8) -> 0
A9: 🍂🎃 | B9: Cuñis | C9: MAGENTA | D9: =SUM(E9:F9)+K9 -> 6 | E9: =COUNTA(C9)*2 -> 2 | F9: =(G9*2)+(H9*1) -> 4 | G9: =IF(C9<>"", COUNTIFS(MATCH_INPUT!$K$2:$K$5,C9), 0) -> 2 | H9: =IF(C9<>"", COUNTIFS(MATCH_INPUT!$F$2:$F$5, C9, MATCH_INPUT!$K$2:$K$5, "Draw") + COUNTIFS(MATCH_INPUT!$J$2:$J$5, C9, MATCH_INPUT!$K$2:$K$5, "Draw"), 0) -> 0 | I9: =IF(C9<>"", COUNTIFS(MATCH_INPUT!$F$2:$F$5, C9, MATCH_INPUT!$K$2:$K$5, "<>"&C9, MATCH_INPUT!$K$2:$K$5, "<>Draw", MATCH_INPUT!$K$2:$K$5, "<>""") + COUNTIFS(MATCH_INPUT!$J$2:$J$5, C9, MATCH_INPUT!$K$2:$K$5, "<>"&C9, MATCH_INPUT!$K$2:$K$5, "<>Draw", MATCH_INPUT!$K$2:$K$5, "<>"""), 0) -> 0 | J9: {=IFERROR( INDEX(PLAYER_STAT!E$2:E64, MATCH(1, (PLAYER_STAT!A$2:A64 = MATCH_DATES!$A$2) * (PLAYER_STAT!D$2:D64 = $B9), 0) ), "" )} | K9: {=IFERROR( INDEX(PLAYER_STAT!F$2:F64, MATCH(1, (PLAYER_STAT!A$2:A64 = MATCH_DATES!$A$2) * (PLAYER_STAT!D$2:D64 = $B9), 0) ), "" )} | L9: {=IFERROR( INDEX(PLAYER_STAT!G$2:G64, MATCH(1, (PLAYER_STAT!A$2:A64 = MATCH_DATES!$A$2) * (PLAYER_STAT!D$2:D64 = $B9), 0) ), "" )} | M9: =RANK(D9, D$3:D$39, 0) -> 2 | N9: =IF(M9<1, "↑", IF(M9>1, "↓", "=")) -> ↓ | O9: BLUE | P9: =SUM(Q9:R9)+D9+W9 -> 11 | Q9: =COUNTA(O9)*2 -> 2 | R9: =(S9*2)+(T9*1) -> 3 | S9: =IF(O9<>"", COUNTIFS(MATCH_INPUT!$K$6:$K$9,O9), 0) -> 1 | T9: =IF(O9<>"", COUNTIFS(MATCH_INPUT!$F$6:$F$9, O9, MATCH_INPUT!$K$6:$K$9, "Draw") + COUNTIFS(MATCH_INPUT!$J$6:$J$9, O9, MATCH_INPUT!$K$6:$K$9, "Draw"), 0) -> 1 | U9: =IF(O9<>"", COUNTIFS(MATCH_INPUT!$F$6:$F$9, O9, MATCH_INPUT!$K$6:$K$9, "<>"&O9, MATCH_INPUT!$K$6:$K$9, "<>Draw", MATCH_INPUT!$K$6:$K$9, "<>""") + COUNTIFS(MATCH_INPUT!$J$6:$J$9, O9, MATCH_INPUT!$K$6:$K$9, "<>"&O9, MATCH_INPUT!$K$6:$K$9, "<>Draw", MATCH_INPUT!$K$6:$K$9, "<>"""), 0) -> 0 | V9: {=IFERROR( INDEX(PLAYER_STAT!E$2:E64, MATCH(1, (PLAYER_STAT!A$2:A64 = MATCH_DATES!$A$3) * (PLAYER_STAT!D$2:D64 = $B9), 0) ), "" )} | W9: {=IFERROR( INDEX(PLAYER_STAT!F$2:F64, MATCH(1, (PLAYER_STAT!A$2:A64 = MATCH_DATES!$A$3) * (PLAYER_STAT!D$2:D64 = $B9), 0) ), "" )} | X9: {=IFERROR( INDEX(PLAYER_STAT!G$2:G64, MATCH(1, (PLAYER_STAT!A$2:A64 = MATCH_DATES!$A$3) * (PLAYER_STAT!D$2:D64 = $B9), 0) ), "" )} | Y9: =RANK(P9, P$3:P$38, 0) -> 1 | Z9: =IF(Y9<M9, "↑", IF(Y9>M9, "↓", "=")) -> ↑ | AA9: BLUE | AB9: =SUM(AC9:AD9)+P9+AI9 -> 15 | AC9: =COUNTA(AA9)*2 -> 2 | AD9: =SUM(AE9*2)+(AF9*1) -> 2 | AE9: =IF(AA9<>"", COUNTIFS(MATCH_INPUT!$K$10:$K$13,AA9), 0) -> 1 | AF9: =IF(AA9<>"", COUNTIFS(MATCH_INPUT!$F$10:$F$13, AA9, MATCH_INPUT!$K$10:$K$13, "Draw") + COUNTIFS(MATCH_INPUT!$J$10:$J$13, AA9, MATCH_INPUT!$K$10:$K$13, "Draw"), 0) -> 0 | AG9: =IF(AA9<>"", COUNTIFS(MATCH_INPUT!$F$10:$F$13, AA9, MATCH_INPUT!$K$10:$K$13, "<>"&AA9, MATCH_INPUT!$K$10:$K$13, "<>Draw", MATCH_INPUT!$K$10:$K$13, "<>""") + COUNTIFS(MATCH_INPUT!$J$10:$J$13, AA9, MATCH_INPUT!$K$10:$K$13, "<>"&AA9, MATCH_INPUT!$K$10:$K$13, "<>Draw", MATCH_INPUT!$K$10:$K$13, "<>"""), 0) -> 1 | AH9: {=IFERROR( INDEX(PLAYER_STAT!E$2:E64, MATCH(1, (PLAYER_STAT!A$2:A64 = MATCH_DATES!$A$4) * (PLAYER_STAT!D$2:D64 = $B9), 0) ), "" )} | AI9: {=IFERROR( INDEX(PLAYER_STAT!F$2:F64, MATCH(1, (PLAYER_STAT!A$2:A64 = MATCH_DATES!$A$4) * (PLAYER_STAT!D$2:D64 = $B9), 0) ), "" )} | AJ9: {=IFERROR( INDEX(PLAYER_STAT!G$2:G64, MATCH(1, (PLAYER_STAT!A$2:A64 = MATCH_DATES!$A$4) * (PLAYER_STAT!D$2:D64 = $B9), 0) ), "" )} | AK9: =RANK(AB9, AB$3:AB$38, 0) -> 1 | AL9: =IF(AK9<Y9, "↑", IF(AK9>Y9, "↓", "=")) -> = | AM9: BLUE | AN9: =SUM(AO9:AP9)+AB9+AU9 -> 19 | AO9: =COUNTA(AM9)*2 -> 2 | AP9: =SUM(AQ9*2)+(AR9*1) -> 2 | AQ9: =IF(AM9<>"", COUNTIFS(MATCH_INPUT!$K$14:$K$17,AM9), 0) -> 1 | AR9: =IF(AM9<>"", COUNTIFS(MATCH_INPUT!$F$14:$F$17, AM9, MATCH_INPUT!$K$14:$K$17, "Draw") + COUNTIFS(MATCH_INPUT!$J$14:$J$17, AM9, MATCH_INPUT!$K$14:$K$17, "Draw"), 0) -> 0 | AS9: =IF(AM9<>"", COUNTIFS(MATCH_INPUT!$F$14:$F$17, AM9, MATCH_INPUT!$K$14:$K$17, "<>"&AM9, MATCH_INPUT!$K$14:$K$17, "<>Draw", MATCH_INPUT!$K$14:$K$17, "<>""") + COUNTIFS(MATCH_INPUT!$J$14:$J$17, AM9, MATCH_INPUT!$K$14:$K$17, "<>"&AM9, MATCH_INPUT!$K$14:$K$17, "<>Draw", MATCH_INPUT!$K$14:$K$17, "<>"""), 0) -> 1 | AT9: {=IFERROR( INDEX(PLAYER_STAT!E$2:E64, MATCH(1, (PLAYER_STAT!A$2:A64 = MATCH_DATES!$A$5) * (PLAYER_STAT!D$2:D64 = $B9), 0) ), "" )} | AU9: {=IFERROR( INDEX(PLAYER_STAT!F$2:F64, MATCH(1, (PLAYER_STAT!A$2:A64 = MATCH_DATES!$A$5) * (PLAYER_STAT!D$2:D64 = $B9), 0) ), "" )} | AV9: {=IFERROR( INDEX(PLAYER_STAT!G$2:G64, MATCH(1, (PLAYER_STAT!A$2:A64 = MATCH_DATES!$A$5) * (PLAYER_STAT!D$2:D64 = $B9), 0) ), "" )} | AW9: =RANK(AN9, AN$3:AN$38, 0) -> 4 | AX9: =IF(AW9<AK9, "↑", IF(AW9>AK9, "↓", "=")) -> ↓ | AZ9: =SUM(BA9:BB9)+BG9+AN9 -> 19 | BA9: =COUNTA(AY9)*2 -> 0 | BB9: =SUM(BC9*2) + (BD9*1) + SUMIFS(MATCH_INPUT!$G$18:$G$21, MATCH_INPUT!$F$18:$F$21, AY9) + SUMIFS(MATCH_INPUT!$I$18:$I$21, MATCH_INPUT!$J$18:$J$21, AY9) -> 0 | BC9: =IF(AY9<>"", COUNTIFS(MATCH_INPUT!$K$18:$K$21,AY9), 0) -> 0 | BD9: =IF(AY9<>"", COUNTIFS(MATCH_INPUT!$F$18:$F$21, AY9, MATCH_INPUT!$K$18:$K$21, "Draw") + COUNTIFS(MATCH_INPUT!$J$18:$J$21, AY9, MATCH_INPUT!$K$18:$K$21, "Draw"), 0) -> 0 | BE9: =IF(AY9<>"", COUNTIFS(MATCH_INPUT!$F$18:$F$21, AY9, MATCH_INPUT!$K$18:$K$21, "<>"&AY9, MATCH_INPUT!$K$18:$K$21, "<>Draw", MATCH_INPUT!$K$18:$K$21, "<>""") + COUNTIFS(MATCH_INPUT!$J$18:$J$21, AY9, MATCH_INPUT!$K$18:$K$21, "<>"&AY9, MATCH_INPUT!$K$18:$K$21, "<>Draw", MATCH_INPUT!$K$18:$K$21, "<>"""), 0) -> 0 | BF9: {=IFERROR( INDEX(PLAYER_STAT!E$2:E64, MATCH(1, (PLAYER_STAT!A$2:A64 = MATCH_DATES!$A$6) * (PLAYER_STAT!D$2:D64 = $B9), 0) ), "" )} | BG9: {=IFERROR( INDEX(PLAYER_STAT!F$2:F64, MATCH(1, (PLAYER_STAT!A$2:A64 = MATCH_DATES!$A$6) * (PLAYER_STAT!D$2:D64 = $B9), 0) ), "" )} | BH9: {=IFERROR( INDEX(PLAYER_STAT!G$2:G64, MATCH(1, (PLAYER_STAT!A$2:A64 = MATCH_DATES!$A$6) * (PLAYER_STAT!D$2:D64 = $B9), 0) ), "" )} | BI9: =RANK(AZ9, AZ$3:AZ$38, 0) -> 21 | BJ9: =IF(BI9<AW9, "↑", IF(BI9>AW9, "↓", "=")) -> ↓ | BK9: MAGENTA | BL9: =SUM(BM9:BN9)+BS9+AZ9 -> 28 | BM9: =COUNTA(BK9)*2 -> 2 | BN9: =SUM(BO9*2) + (BP9*1) + SUMIFS(MATCH_INPUT!$G$22:$G$25, MATCH_INPUT!$F$22:$F$25, BK9) + SUMIFS(MATCH_INPUT!$I$22:$I$25, MATCH_INPUT!$J$22:$J$25, BK9) -> 7 | BO9: =IF(BK9<>"", COUNTIFS(MATCH_INPUT!$K$22:$K$25,BK9), 0) -> 1 | BP9: =IF(BK9<>"", COUNTIFS(MATCH_INPUT!$F$22:$F$25, BK9, MATCH_INPUT!$K$22:$K$25, "Draw") + COUNTIFS(MATCH_INPUT!$J$22:$J$25, BK9, MATCH_INPUT!$K$22:$K$25, "Draw"), 0) -> 1 | BQ9: =IF(BK9<>"", COUNTIFS(MATCH_INPUT!$F$22:$F$25, BK9, MATCH_INPUT!$K$22:$K$25, "<>"&BK9, MATCH_INPUT!$K$22:$K$25, "<>Draw", MATCH_INPUT!$K$22:$K$25, "<>""") + COUNTIFS(MATCH_INPUT!$J$22:$J$25, BK9, MATCH_INPUT!$K$22:$K$25, "<>"&BK9, MATCH_INPUT!$K$22:$K$25, "<>Draw", MATCH_INPUT!$K$22:$K$25, "<>"""), 0) -> 0 | BR9: {=IFERROR( INDEX(PLAYER_STAT!E$2:E64, MATCH(1, (PLAYER_STAT!A$2:A64 = MATCH_DATES!$A$7) * (PLAYER_STAT!D$2:D64 = $B9), 0) ), "" )} | BS9: {=IFERROR( INDEX(PLAYER_STAT!F$2:F64, MATCH(1, (PLAYER_STAT!A$2:A64 = MATCH_DATES!$A$7) * (PLAYER_STAT!D$2:D64 = $B9), 0) ), "" )} | BT9: {=IFERROR( INDEX(PLAYER_STAT!G$2:G64, MATCH(1, (PLAYER_STAT!A$2:A64 = MATCH_DATES!$A$7) * (PLAYER_STAT!D$2:D64 = $B9), 0) ), "" )} | BU9: =RANK(BL9, BL$3:BL$38, 0) -> 21 | BV9: =IF(BU9<BI9, "↑", IF(BU9>BI9, "↓", "=")) -> = | BW9: BLUE | BX9: =SUM(BY9:BZ9)+CE9+BL9 -> 44 | BY9: =COUNTA(BW9)*2 -> 2 | BZ9: =SUM(CA9*2)+(CB9*1) + SUMIFS(MATCH_INPUT!$G$26:$G$29, MATCH_INPUT!$F$26:$F$29, BW9) + SUMIFS(MATCH_INPUT!$I$26:$I$29, MATCH_INPUT!$J$26:$J$29, BW9) -> 14 | CA9: =IF(BW9<>"", COUNTIFS(MATCH_INPUT!$K$26:$K$29,BW9), 0) -> 2 | CB9: =IF(BW9<>"", COUNTIFS(MATCH_INPUT!$F$26:$F$29, BW9, MATCH_INPUT!$K$26:$K$29, "Draw") + COUNTIFS(MATCH_INPUT!$J$26:$J$29, BW9, MATCH_INPUT!$K$26:$K$29, "Draw"), 0) -> 0 | CC9: =IF(BW9<>"", COUNTIFS(MATCH_INPUT!$F$26:$F$29, BW9, MATCH_INPUT!$K$26:$K$29, "<>"&BW9, MATCH_INPUT!$K$26:$K$29, "<>Draw", MATCH_INPUT!$K$26:$K$29, "<>""") + COUNTIFS(MATCH_INPUT!$J$26:$J$29, BW9, MATCH_INPUT!$K$26:$K$29, "<>"&BW9, MATCH_INPUT!$K$26:$K$29, "<>Draw", MATCH_INPUT!$K$26:$K$29, "<>"""), 0) -> 0 | CD9: {=IFERROR( INDEX(PLAYER_STAT!E$2:E64, MATCH(1, (PLAYER_STAT!A$2:A64 = MATCH_DATES!$A$8) * (PLAYER_STAT!D$2:D64 = $B9), 0) ), "" )} -> 0 | CE9: {=IFERROR( INDEX(PLAYER_STAT!F$2:F64, MATCH(1, (PLAYER_STAT!A$2:A64 = MATCH_DATES!$A$8) * (PLAYER_STAT!D$2:D64 = $B9), 0) ), "" )} -> 0 | CF9: {=IFERROR( INDEX(PLAYER_STAT!G$2:G64, MATCH(1, (PLAYER_STAT!A$2:A64 = MATCH_DATES!$A$8) * (PLAYER_STAT!D$2:D64 = $B9), 0) ), "" )} -> 0 | CG9: =RANK(BX9, BX$3:BX$38, 0) -> 9 | CH9: =IF(CG9<BU9, "↑", IF(CG9>BU9, "↓", "=")) -> ↑ | CI9: MAGENTA | CJ9: =SUM(CK9:CL9)+CQ9+BX9 -> 53 | CK9: =COUNTA(CI9)*2 -> 2 | CL9: =SUM(CM9*2)+(CN9*1) + SUMIFS(MATCH_INPUT!$G$30:$G$33, MATCH_INPUT!$F$30:$F$33, CI9) + SUMIFS(MATCH_INPUT!$I$30:$I$33, MATCH_INPUT!$J$30:$J$33, CI9) -> 7 | CM9: =IF(CI9<>"", COUNTIFS(MATCH_INPUT!$K$30:$K$33,CI9), 0) -> 1 | CN9: =IF(CI9<>"", COUNTIFS(MATCH_INPUT!$F$30:$F$33, CI9, MATCH_INPUT!$K$30:$K$33, "Draw") + COUNTIFS(MATCH_INPUT!$J$30:$J$33, CI9, MATCH_INPUT!$K$30:$K$33, "Draw"), 0) -> 1 | CO9: =IF(CI9<>"", COUNTIFS(MATCH_INPUT!$F$30:$F$33, CI9, MATCH_INPUT!$K$30:$K$33, "<>"&CI9, MATCH_INPUT!$K$30:$K$33, "<>Draw", MATCH_INPUT!$K$30:$K$33, "<>""") + COUNTIFS(MATCH_INPUT!$J$30:$J$33, CI9, MATCH_INPUT!$K$30:$K$33, "<>"&CI9, MATCH_INPUT!$K$30:$K$33, "<>Draw", MATCH_INPUT!$K$30:$K$33, "<>"""), 0) -> 0 | CP9: {=IFERROR( INDEX(PLAYER_STAT!E$2:E64, MATCH(1, (PLAYER_STAT!A$2:A64 = MATCH_DATES!$A$9) * (PLAYER_STAT!D$2:D64 = $B9), 0) ), "" )} | CQ9: {=IFERROR( INDEX(PLAYER_STAT!F$2:F64, MATCH(1, (PLAYER_STAT!A$2:A64 = MATCH_DATES!$A$9) * (PLAYER_STAT!D$2:D64 = $B9), 0) ), "" )} | CR9: {=IFERROR( INDEX(PLAYER_STAT!G$2:G64, MATCH(1, (PLAYER_STAT!A$2:A64 = MATCH_DATES!$A$9) * (PLAYER_STAT!D$2:D64 = $B9), 0) ), "" )} | CS9: =RANK(CJ9, CJ$3:CJ$38, 0) -> 9 | CT9: =IF(CS9<CG9, "↑", IF(CS9>CG9, "↓", "=")) -> = | CU9: =SUM(F9,R9,AD9,AP9,BB9,BN9,BZ9,CL9) -> 39 | CV9: =A9 -> 🍂🎃 | CW9: =B9 -> Cuñis | CX9: =SUM(CU9,CY9,DD9) -> 53 | CY9: =SUM( IF(AND(MATCH_DATES!$A$2 <= TODAY(), NOW() >= MATCH_DATES!$A$2 + TIME(22, 0, 0)), E9, 0), IF(AND(MATCH_DATES!$A$3 <= TODAY(), NOW() >= MATCH_DATES!$A$3 + TIME(22, 0, 0)), Q9, 0), IF(AND(MATCH_DATES!$A$4 <= TODAY(), NOW() >= MATCH_DATES!$A$4 + TIME(22, 0, 0)), AC9, 0), IF(AND(MATCH_DATES!$A$5 <= TODAY(), NOW() >= MATCH_DATES!$A$5 + TIME(22, 0, 0)), AO9, 0), IF(AND(MATCH_DATES!$A$6 <= TODAY(), NOW() >= MATCH_DATES!$A$6 + TIME(22, 0, 0)), BA9, 0), IF(AND(MATCH_DATES!$A$7 <= TODAY(), NOW() >= MATCH_DATES!$A$7 + TIME(22, 0, 0)), BM9, 0), IF(AND(MATCH_DATES!$A$8 <= TODAY(), NOW() >= MATCH_DATES!$A$8 + TIME(22, 0, 0)), BY9, 0), IF(AND(MATCH_DATES!$A$9 <= TODAY(), NOW() >= MATCH_DATES!$A$9 + TIME(22, 0, 0)), CK9, 0) ) -> 14 | CZ9: =SUM(G9,S9,AE9,AQ9,BC9,BO9,CA9,CM9) -> 9 | DA9: =SUM(H9,T9,AF9,AR9,BD9,BP9,CB9,CN9) -> 3 | DB9: =SUM( IF(AND(MATCH_DATES!$A$2 <= TODAY(), NOW() >= MATCH_DATES!$A$2 + TIME(22, 0, 0)), I9, 0), IF(AND(MATCH_DATES!$A$3 <= TODAY(), NOW() >= MATCH_DATES!$A$3 + TIME(22, 0, 0)), U9, 0), IF(AND(MATCH_DATES!$A$4 <= TODAY(), NOW() >= MATCH_DATES!$A$4 + TIME(22, 0, 0)), AG9, 0), IF(AND(MATCH_DATES!$A$5 <= TODAY(), NOW() >= MATCH_DATES!$A$5 + TIME(22, 0, 0)), AS9, 0), IF(AND(MATCH_DATES!$A$6 <= TODAY(), NOW() >= MATCH_DATES!$A$6 + TIME(22, 0, 0)), BE9, 0), IF(AND(MATCH_DATES!$A$7 <= TODAY(), NOW() >= MATCH_DATES!$A$7 + TIME(22, 0, 0)), BQ9, 0), IF(AND(MATCH_DATES!$A$8 <= TODAY(), NOW() >= MATCH_DATES!$A$8 + TIME(22, 0, 0)), CC9, 0), IF(AND(MATCH_DATES!$A$9 <= TODAY(), NOW() >= MATCH_DATES!$A$9 + TIME(22, 0, 0)), CO9, 0) ) -> 2 | DC9: =sum(J9,V9,AH9,AT9,BF9,BR9,CD9,CP9) -> 0 | DD9: =SUM(K9,W9,AI9,AU9,BG9,BS9,CE9,CQ9) -> 0 | DE9: =SUM(L9,X9,AJ9,AV9,BH9,BT9,CF9,CR9) -> 0
A10: 🍂🎃 | B10: David | C10: GREEN | D10: =SUM(E10:F10)+K10 -> 4 | E10: =COUNTA(C10)*2 -> 2 | F10: =(G10*2)+(H10*1) -> 2 | G10: =IF(C10<>"", COUNTIFS(MATCH_INPUT!$K$2:$K$5,C10), 0) -> 1 | H10: =IF(C10<>"", COUNTIFS(MATCH_INPUT!$F$2:$F$5, C10, MATCH_INPUT!$K$2:$K$5, "Draw") + COUNTIFS(MATCH_INPUT!$J$2:$J$5, C10, MATCH_INPUT!$K$2:$K$5, "Draw"), 0) -> 0 | I10: =IF(C10<>"", COUNTIFS(MATCH_INPUT!$F$2:$F$5, C10, MATCH_INPUT!$K$2:$K$5, "<>"&C10, MATCH_INPUT!$K$2:$K$5, "<>Draw", MATCH_INPUT!$K$2:$K$5, "<>""") + COUNTIFS(MATCH_INPUT!$J$2:$J$5, C10, MATCH_INPUT!$K$2:$K$5, "<>"&C10, MATCH_INPUT!$K$2:$K$5, "<>Draw", MATCH_INPUT!$K$2:$K$5, "<>"""), 0) -> 1 | J10: {=IFERROR( INDEX(PLAYER_STAT!E$2:E64, MATCH(1, (PLAYER_STAT!A$2:A64 = MATCH_DATES!$A$2) * (PLAYER_STAT!D$2:D64 = $B10), 0) ), "" )} | K10: {=IFERROR( INDEX(PLAYER_STAT!F$2:F64, MATCH(1, (PLAYER_STAT!A$2:A64 = MATCH_DATES!$A$2) * (PLAYER_STAT!D$2:D64 = $B10), 0) ), "" )} | L10: {=IFERROR( INDEX(PLAYER_STAT!G$2:G64, MATCH(1, (PLAYER_STAT!A$2:A64 = MATCH_DATES!$A$2) * (PLAYER_STAT!D$2:D64 = $B10), 0) ), "" )} | M10: =RANK(D10, D$3:D$39, 0) -> 11 | N10: =IF(M10<1, "↑", IF(M10>1, "↓", "=")) -> ↓ | O10: GREEN | P10: =SUM(Q10:R10)+D10+W10 -> 7 | Q10: =COUNTA(O10)*2 -> 2 | R10: =(S10*2)+(T10*1) -> 1 | S10: =IF(O10<>"", COUNTIFS(MATCH_INPUT!$K$6:$K$9,O10), 0) -> 0 | T10: =IF(O10<>"", COUNTIFS(MATCH_INPUT!$F$6:$F$9, O10, MATCH_INPUT!$K$6:$K$9, "Draw") + COUNTIFS(MATCH_INPUT!$J$6:$J$9, O10, MATCH_INPUT!$K$6:$K$9, "Draw"), 0) -> 1 | U10: =IF(O10<>"", COUNTIFS(MATCH_INPUT!$F$6:$F$9, O10, MATCH_INPUT!$K$6:$K$9, "<>"&O10, MATCH_INPUT!$K$6:$K$9, "<>Draw", MATCH_INPUT!$K$6:$K$9, "<>""") + COUNTIFS(MATCH_INPUT!$J$6:$J$9, O10, MATCH_INPUT!$K$6:$K$9, "<>"&O10, MATCH_INPUT!$K$6:$K$9, "<>Draw", MATCH_INPUT!$K$6:$K$9, "<>"""), 0) -> 1 | V10: {=IFERROR( INDEX(PLAYER_STAT!E$2:E64, MATCH(1, (PLAYER_STAT!A$2:A64 = MATCH_DATES!$A$3) * (PLAYER_STAT!D$2:D64 = $B10), 0) ), "" )} | W10: {=IFERROR( INDEX(PLAYER_STAT!F$2:F64, MATCH(1, (PLAYER_STAT!A$2:A64 = MATCH_DATES!$A$3) * (PLAYER_STAT!D$2:D64 = $B10), 0) ), "" )} | X10: {=IFERROR( INDEX(PLAYER_STAT!G$2:G64, MATCH(1, (PLAYER_STAT!A$2:A64 = MATCH_DATES!$A$3) * (PLAYER_STAT!D$2:D64 = $B10), 0) ), "" )} | Y10: =RANK(P10, P$3:P$38, 0) -> 20 | Z10: =IF(Y10<M10, "↑", IF(Y10>M10, "↓", "=")) -> ↓ | AA10: BLUE | AB10: =SUM(AC10:AD10)+P10+AI10 -> 11 | AC10: =COUNTA(AA10)*2 -> 2 | AD10: =SUM(AE10*2)+(AF10*1) -> 2 | AE10: =IF(AA10<>"", COUNTIFS(MATCH_INPUT!$K$10:$K$13,AA10), 0) -> 1 | AF10: =IF(AA10<>"", COUNTIFS(MATCH_INPUT!$F$10:$F$13, AA10, MATCH_INPUT!$K$10:$K$13, "Draw") + COUNTIFS(MATCH_INPUT!$J$10:$J$13, AA10, MATCH_INPUT!$K$10:$K$13, "Draw"), 0) -> 0 | AG10: =IF(AA10<>"", COUNTIFS(MATCH_INPUT!$F$10:$F$13, AA10, MATCH_INPUT!$K$10:$K$13, "<>"&AA10, MATCH_INPUT!$K$10:$K$13, "<>Draw", MATCH_INPUT!$K$10:$K$13, "<>""") + COUNTIFS(MATCH_INPUT!$J$10:$J$13, AA10, MATCH_INPUT!$K$10:$K$13, "<>"&AA10, MATCH_INPUT!$K$10:$K$13, "<>Draw", MATCH_INPUT!$K$10:$K$13, "<>"""), 0) -> 1 | AH10: {=IFERROR( INDEX(PLAYER_STAT!E$2:E64, MATCH(1, (PLAYER_STAT!A$2:A64 = MATCH_DATES!$A$4) * (PLAYER_STAT!D$2:D64 = $B10), 0) ), "" )} | AI10: {=IFERROR( INDEX(PLAYER_STAT!F$2:F64, MATCH(1, (PLAYER_STAT!A$2:A64 = MATCH_DATES!$A$4) * (PLAYER_STAT!D$2:D64 = $B10), 0) ), "" )} | AJ10: {=IFERROR( INDEX(PLAYER_STAT!G$2:G64, MATCH(1, (PLAYER_STAT!A$2:A64 = MATCH_DATES!$A$4) * (PLAYER_STAT!D$2:D64 = $B10), 0) ), "" )} | AK10: =RANK(AB10, AB$3:AB$38, 0) -> 21 | AL10: =IF(AK10<Y10, "↑", IF(AK10>Y10, "↓", "=")) -> ↓ | AN10: =SUM(AO10:AP10)+AB10+AU10 -> 11 | AO10: =COUNTA(AM10)*2 -> 0 | AP10: =SUM(AQ10*2)+(AR10*1) -> 0 | AQ10: =IF(AM10<>"", COUNTIFS(MATCH_INPUT!$K$14:$K$17,AM10), 0) -> 0 | AR10: =IF(AM10<>"", COUNTIFS(MATCH_INPUT!$F$14:$F$17, AM10, MATCH_INPUT!$K$14:$K$17, "Draw") + COUNTIFS(MATCH_INPUT!$J$14:$J$17, AM10, MATCH_INPUT!$K$14:$K$17, "Draw"), 0) -> 0 | AS10: =IF(AM10<>"", COUNTIFS(MATCH_INPUT!$F$14:$F$17, AM10, MATCH_INPUT!$K$14:$K$17, "<>"&AM10, MATCH_INPUT!$K$14:$K$17, "<>Draw", MATCH_INPUT!$K$14:$K$17, "<>""") + COUNTIFS(MATCH_INPUT!$J$14:$J$17, AM10, MATCH_INPUT!$K$14:$K$17, "<>"&AM10, MATCH_INPUT!$K$14:$K$17, "<>Draw", MATCH_INPUT!$K$14:$K$17, "<>"""), 0) -> 0 | AT10: {=IFERROR( INDEX(PLAYER_STAT!E$2:E64, MATCH(1, (PLAYER_STAT!A$2:A64 = MATCH_DATES!$A$5) * (PLAYER_STAT!D$2:D64 = $B10), 0) ), "" )} | AU10: {=IFERROR( INDEX(PLAYER_STAT!F$2:F64, MATCH(1, (PLAYER_STAT!A$2:A64 = MATCH_DATES!$A$5) * (PLAYER_STAT!D$2:D64 = $B10), 0) ), "" )} | AV10: {=IFERROR( INDEX(PLAYER_STAT!G$2:G64, MATCH(1, (PLAYER_STAT!A$2:A64 = MATCH_DATES!$A$5) * (PLAYER_STAT!D$2:D64 = $B10), 0) ), "" )} | AW10: =RANK(AN10, AN$3:AN$38, 0) -> 29 | AX10: =IF(AW10<AK10, "↑", IF(AW10>AK10, "↓", "=")) -> ↓ | AY10: BLUE | AZ10: =SUM(BA10:BB10)+BG10+AN10 -> 15 | BA10: =COUNTA(AY10)*2 -> 2 | BB10: =SUM(BC10*2) + (BD10*1) + SUMIFS(MATCH_INPUT!$G$18:$G$21, MATCH_INPUT!$F$18:$F$21, AY10) + SUMIFS(MATCH_INPUT!$I$18:$I$21, MATCH_INPUT!$J$18:$J$21, AY10) -> 2 | BC10: =IF(AY10<>"", COUNTIFS(MATCH_INPUT!$K$18:$K$21,AY10), 0) -> 0 | BD10: =IF(AY10<>"", COUNTIFS(MATCH_INPUT!$F$18:$F$21, AY10, MATCH_INPUT!$K$18:$K$21, "Draw") + COUNTIFS(MATCH_INPUT!$J$18:$J$21, AY10, MATCH_INPUT!$K$18:$K$21, "Draw"), 0) -> 1 | BE10: =IF(AY10<>"", COUNTIFS(MATCH_INPUT!$F$18:$F$21, AY10, MATCH_INPUT!$K$18:$K$21, "<>"&AY10, MATCH_INPUT!$K$18:$K$21, "<>Draw", MATCH_INPUT!$K$18:$K$21, "<>""") + COUNTIFS(MATCH_INPUT!$J$18:$J$21, AY10, MATCH_INPUT!$K$18:$K$21, "<>"&AY10, MATCH_INPUT!$K$18:$K$21, "<>Draw", MATCH_INPUT!$K$18:$K$21, "<>"""), 0) -> 1 | BF10: {=IFERROR( INDEX(PLAYER_STAT!E$2:E64, MATCH(1, (PLAYER_STAT!A$2:A64 = MATCH_DATES!$A$6) * (PLAYER_STAT!D$2:D64 = $B10), 0) ), "" )} | BG10: {=IFERROR( INDEX(PLAYER_STAT!F$2:F64, MATCH(1, (PLAYER_STAT!A$2:A64 = MATCH_DATES!$A$6) * (PLAYER_STAT!D$2:D64 = $B10), 0) ), "" )} | BH10: {=IFERROR( INDEX(PLAYER_STAT!G$2:G64, MATCH(1, (PLAYER_STAT!A$2:A64 = MATCH_DATES!$A$6) * (PLAYER_STAT!D$2:D64 = $B10), 0) ), "" )} | BI10: =RANK(AZ10, AZ$3:AZ$38, 0) -> 31 | BJ10: =IF(BI10<AW10, "↑", IF(BI10>AW10, "↓", "=")) -> ↓ | BK10: GREEN | BL10: =SUM(BM10:BN10)+BS10+AZ10 -> 17 | BM10: =COUNTA(BK10)*2 -> 2 | BN10: =SUM(BO10*2) + (BP10*1) + SUMIFS(MATCH_INPUT!$G$22:$G$25, MATCH_INPUT!$F$22:$F$25, BK10) + SUMIFS(MATCH_INPUT!$I$22:$I$25, MATCH_INPUT!$J$22:$J$25, BK10) -> 0 | BO10: =IF(BK10<>"", COUNTIFS(MATCH_INPUT!$K$22:$K$25,BK10), 0) -> 0 | BP10: =IF(BK10<>"", COUNTIFS(MATCH_INPUT!$F$22:$F$25, BK10, MATCH_INPUT!$K$22:$K$25, "Draw") + COUNTIFS(MATCH_INPUT!$J$22:$J$25, BK10, MATCH_INPUT!$K$22:$K$25, "Draw"), 0) -> 0 | BQ10: =IF(BK10<>"", COUNTIFS(MATCH_INPUT!$F$22:$F$25, BK10, MATCH_INPUT!$K$22:$K$25, "<>"&BK10, MATCH_INPUT!$K$22:$K$25, "<>Draw", MATCH_INPUT!$K$22:$K$25, "<>""") + COUNTIFS(MATCH_INPUT!$J$22:$J$25, BK10, MATCH_INPUT!$K$22:$K$25, "<>"&BK10, MATCH_INPUT!$K$22:$K$25, "<>Draw", MATCH_INPUT!$K$22:$K$25, "<>"""), 0) -> 2 | BR10: {=IFERROR( INDEX(PLAYER_STAT!E$2:E64, MATCH(1, (PLAYER_STAT!A$2:A64 = MATCH_DATES!$A$7) * (PLAYER_STAT!D$2:D64 = $B10), 0) ), "" )} | BS10: {=IFERROR( INDEX(PLAYER_STAT!F$2:F64, MATCH(1, (PLAYER_STAT!A$2:A64 = MATCH_DATES!$A$7) * (PLAYER_STAT!D$2:D64 = $B10), 0) ), "" )} | BT10: {=IFERROR( INDEX(PLAYER_STAT!G$2:G64, MATCH(1, (PLAYER_STAT!A$2:A64 = MATCH_DATES!$A$7) * (PLAYER_STAT!D$2:D64 = $B10), 0) ), "" )} | BU10: =RANK(BL10, BL$3:BL$38, 0) -> 33 | BV10: =IF(BU10<BI10, "↑", IF(BU10>BI10, "↓", "=")) -> ↓ | BW10: GREEN | BX10: =SUM(BY10:BZ10)+CE10+BL10 -> 25 | BY10: =COUNTA(BW10)*2 -> 2 | BZ10: =SUM(CA10*2)+(CB10*1) + SUMIFS(MATCH_INPUT!$G$26:$G$29, MATCH_INPUT!$F$26:$F$29, BW10) + SUMIFS(MATCH_INPUT!$I$26:$I$29, MATCH_INPUT!$J$26:$J$29, BW10) -> 6 | CA10: =IF(BW10<>"", COUNTIFS(MATCH_INPUT!$K$26:$K$29,BW10), 0) -> 1 | CB10: =IF(BW10<>"", COUNTIFS(MATCH_INPUT!$F$26:$F$29, BW10, MATCH_INPUT!$K$26:$K$29, "Draw") + COUNTIFS(MATCH_INPUT!$J$26:$J$29, BW10, MATCH_INPUT!$K$26:$K$29, "Draw"), 0) -> 1 | CC10: =IF(BW10<>"", COUNTIFS(MATCH_INPUT!$F$26:$F$29, BW10, MATCH_INPUT!$K$26:$K$29, "<>"&BW10, MATCH_INPUT!$K$26:$K$29, "<>Draw", MATCH_INPUT!$K$26:$K$29, "<>""") + COUNTIFS(MATCH_INPUT!$J$26:$J$29, BW10, MATCH_INPUT!$K$26:$K$29, "<>"&BW10, MATCH_INPUT!$K$26:$K$29, "<>Draw", MATCH_INPUT!$K$26:$K$29, "<>"""), 0) -> 0 | CD10: {=IFERROR( INDEX(PLAYER_STAT!E$2:E64, MATCH(1, (PLAYER_STAT!A$2:A64 = MATCH_DATES!$A$8) * (PLAYER_STAT!D$2:D64 = $B10), 0) ), "" )} | CE10: {=IFERROR( INDEX(PLAYER_STAT!F$2:F64, MATCH(1, (PLAYER_STAT!A$2:A64 = MATCH_DATES!$A$8) * (PLAYER_STAT!D$2:D64 = $B10), 0) ), "" )} | CF10: {=IFERROR( INDEX(PLAYER_STAT!G$2:G64, MATCH(1, (PLAYER_STAT!A$2:A64 = MATCH_DATES!$A$8) * (PLAYER_STAT!D$2:D64 = $B10), 0) ), "" )} | CG10: =RANK(BX10, BX$3:BX$38, 0) -> 32 | CH10: =IF(CG10<BU10, "↑", IF(CG10>BU10, "↓", "=")) -> ↑ | CI10: MAGENTA | CJ10: =SUM(CK10:CL10)+CQ10+BX10 -> 34 | CK10: =COUNTA(CI10)*2 -> 2 | CL10: =SUM(CM10*2)+(CN10*1) + SUMIFS(MATCH_INPUT!$G$30:$G$33, MATCH_INPUT!$F$30:$F$33, CI10) + SUMIFS(MATCH_INPUT!$I$30:$I$33, MATCH_INPUT!$J$30:$J$33, CI10) -> 7 | CM10: =IF(CI10<>"", COUNTIFS(MATCH_INPUT!$K$30:$K$33,CI10), 0) -> 1 | CN10: =IF(CI10<>"", COUNTIFS(MATCH_INPUT!$F$30:$F$33, CI10, MATCH_INPUT!$K$30:$K$33, "Draw") + COUNTIFS(MATCH_INPUT!$J$30:$J$33, CI10, MATCH_INPUT!$K$30:$K$33, "Draw"), 0) -> 1 | CO10: =IF(CI10<>"", COUNTIFS(MATCH_INPUT!$F$30:$F$33, CI10, MATCH_INPUT!$K$30:$K$33, "<>"&CI10, MATCH_INPUT!$K$30:$K$33, "<>Draw", MATCH_INPUT!$K$30:$K$33, "<>""") + COUNTIFS(MATCH_INPUT!$J$30:$J$33, CI10, MATCH_INPUT!$K$30:$K$33, "<>"&CI10, MATCH_INPUT!$K$30:$K$33, "<>Draw", MATCH_INPUT!$K$30:$K$33, "<>"""), 0) -> 0 | CP10: {=IFERROR( INDEX(PLAYER_STAT!E$2:E64, MATCH(1, (PLAYER_STAT!A$2:A64 = MATCH_DATES!$A$9) * (PLAYER_STAT!D$2:D64 = $B10), 0) ), "" )} | CQ10: {=IFERROR( INDEX(PLAYER_STAT!F$2:F64, MATCH(1, (PLAYER_STAT!A$2:A64 = MATCH_DATES!$A$9) * (PLAYER_STAT!D$2:D64 = $B10), 0) ), "" )} | CR10: {=IFERROR( INDEX(PLAYER_STAT!G$2:G64, MATCH(1, (PLAYER_STAT!A$2:A64 = MATCH_DATES!$A$9) * (PLAYER_STAT!D$2:D64 = $B10), 0) ), "" )} | CS10: =RANK(CJ10, CJ$3:CJ$38, 0) -> 30 | CT10: =IF(CS10<CG10, "↑", IF(CS10>CG10, "↓", "=")) -> ↑ | CU10: =SUM(F10,R10,AD10,AP10,BB10,BN10,BZ10,CL10) -> 20 | CV10: =A10 -> 🍂🎃 | CW10: =B10 -> David | CX10: =SUM(CU10,CY10,DD10) -> 34 | CY10: =SUM( IF(AND(MATCH_DATES!$A$2 <= TODAY(), NOW() >= MATCH_DATES!$A$2 + TIME(22, 0, 0)), E10, 0), IF(AND(MATCH_DATES!$A$3 <= TODAY(), NOW() >= MATCH_DATES!$A$3 + TIME(22, 0, 0)), Q10, 0), IF(AND(MATCH_DATES!$A$4 <= TODAY(), NOW() >= MATCH_DATES!$A$4 + TIME(22, 0, 0)), AC10, 0), IF(AND(MATCH_DATES!$A$5 <= TODAY(), NOW() >= MATCH_DATES!$A$5 + TIME(22, 0, 0)), AO10, 0), IF(AND(MATCH_DATES!$A$6 <= TODAY(), NOW() >= MATCH_DATES!$A$6 + TIME(22, 0, 0)), BA10, 0), IF(AND(MATCH_DATES!$A$7 <= TODAY(), NOW() >= MATCH_DATES!$A$7 + TIME(22, 0, 0)), BM10, 0), IF(AND(MATCH_DATES!$A$8 <= TODAY(), NOW() >= MATCH_DATES!$A$8 + TIME(22, 0, 0)), BY10, 0), IF(AND(MATCH_DATES!$A$9 <= TODAY(), NOW() >= MATCH_DATES!$A$9 + TIME(22, 0, 0)), CK10, 0) ) -> 14 | CZ10: =SUM(G10,S10,AE10,AQ10,BC10,BO10,CA10,CM10) -> 4 | DA10: =SUM(H10,T10,AF10,AR10,BD10,BP10,CB10,CN10) -> 4 | DB10: =SUM( IF(AND(MATCH_DATES!$A$2 <= TODAY(), NOW() >= MATCH_DATES!$A$2 + TIME(22, 0, 0)), I10, 0), IF(AND(MATCH_DATES!$A$3 <= TODAY(), NOW() >= MATCH_DATES!$A$3 + TIME(22, 0, 0)), U10, 0), IF(AND(MATCH_DATES!$A$4 <= TODAY(), NOW() >= MATCH_DATES!$A$4 + TIME(22, 0, 0)), AG10, 0), IF(AND(MATCH_DATES!$A$5 <= TODAY(), NOW() >= MATCH_DATES!$A$5 + TIME(22, 0, 0)), AS10, 0), IF(AND(MATCH_DATES!$A$6 <= TODAY(), NOW() >= MATCH_DATES!$A$6 + TIME(22, 0, 0)), BE10, 0), IF(AND(MATCH_DATES!$A$7 <= TODAY(), NOW() >= MATCH_DATES!$A$7 + TIME(22, 0, 0)), BQ10, 0), IF(AND(MATCH_DATES!$A$8 <= TODAY(), NOW() >= MATCH_DATES!$A$8 + TIME(22, 0, 0)), CC10, 0), IF(AND(MATCH_DATES!$A$9 <= TODAY(), NOW() >= MATCH_DATES!$A$9 + TIME(22, 0, 0)), CO10, 0) ) -> 6 | DC10: =sum(J10,V10,AH10,AT10,BF10,BR10,CD10,CP10) -> 0 | DD10: =SUM(K10,W10,AI10,AU10,BG10,BS10,CE10,CQ10) -> 0 | DE10: =SUM(L10,X10,AJ10,AV10,BH10,BT10,CF10,CR10) -> 0
A11: 🍂🎃 | B11: Eder 👬 Honorio | C11: ORANGE | D11: =SUM(E11:F11)+K11 -> 2 | E11: =COUNTA(C11)*2 -> 2 | F11: =(G11*2)+(H11*1) -> 0 | G11: =IF(C11<>"", COUNTIFS(MATCH_INPUT!$K$2:$K$5,C11), 0) -> 0 | H11: =IF(C11<>"", COUNTIFS(MATCH_INPUT!$F$2:$F$5, C11, MATCH_INPUT!$K$2:$K$5, "Draw") + COUNTIFS(MATCH_INPUT!$J$2:$J$5, C11, MATCH_INPUT!$K$2:$K$5, "Draw"), 0) -> 0 | I11: =IF(C11<>"", COUNTIFS(MATCH_INPUT!$F$2:$F$5, C11, MATCH_INPUT!$K$2:$K$5, "<>"&C11, MATCH_INPUT!$K$2:$K$5, "<>Draw", MATCH_INPUT!$K$2:$K$5, "<>""") + COUNTIFS(MATCH_INPUT!$J$2:$J$5, C11, MATCH_INPUT!$K$2:$K$5, "<>"&C11, MATCH_INPUT!$K$2:$K$5, "<>Draw", MATCH_INPUT!$K$2:$K$5, "<>"""), 0) -> 2 | J11: {=IFERROR( INDEX(PLAYER_STAT!E$2:E64, MATCH(1, (PLAYER_STAT!A$2:A64 = MATCH_DATES!$A$2) * (PLAYER_STAT!D$2:D64 = $B11), 0) ), "" )} | K11: {=IFERROR( INDEX(PLAYER_STAT!F$2:F64, MATCH(1, (PLAYER_STAT!A$2:A64 = MATCH_DATES!$A$2) * (PLAYER_STAT!D$2:D64 = $B11), 0) ), "" )} | L11: {=IFERROR( INDEX(PLAYER_STAT!G$2:G64, MATCH(1, (PLAYER_STAT!A$2:A64 = MATCH_DATES!$A$2) * (PLAYER_STAT!D$2:D64 = $B11), 0) ), "" )} | M11: =RANK(D11, D$3:D$39, 0) -> 26 | N11: =IF(M11<1, "↑", IF(M11>1, "↓", "=")) -> ↓ | O11: GREEN | P11: =SUM(Q11:R11)+D11+W11 -> 5 | Q11: =COUNTA(O11)*2 -> 2 | R11: =(S11*2)+(T11*1) -> 1 | S11: =IF(O11<>"", COUNTIFS(MATCH_INPUT!$K$6:$K$9,O11), 0) -> 0 | T11: =IF(O11<>"", COUNTIFS(MATCH_INPUT!$F$6:$F$9, O11, MATCH_INPUT!$K$6:$K$9, "Draw") + COUNTIFS(MATCH_INPUT!$J$6:$J$9, O11, MATCH_INPUT!$K$6:$K$9, "Draw"), 0) -> 1 | U11: =IF(O11<>"", COUNTIFS(MATCH_INPUT!$F$6:$F$9, O11, MATCH_INPUT!$K$6:$K$9, "<>"&O11, MATCH_INPUT!$K$6:$K$9, "<>Draw", MATCH_INPUT!$K$6:$K$9, "<>""") + COUNTIFS(MATCH_INPUT!$J$6:$J$9, O11, MATCH_INPUT!$K$6:$K$9, "<>"&O11, MATCH_INPUT!$K$6:$K$9, "<>Draw", MATCH_INPUT!$K$6:$K$9, "<>"""), 0) -> 1 | V11: {=IFERROR( INDEX(PLAYER_STAT!E$2:E64, MATCH(1, (PLAYER_STAT!A$2:A64 = MATCH_DATES!$A$3) * (PLAYER_STAT!D$2:D64 = $B11), 0) ), "" )} | W11: {=IFERROR( INDEX(PLAYER_STAT!F$2:F64, MATCH(1, (PLAYER_STAT!A$2:A64 = MATCH_DATES!$A$3) * (PLAYER_STAT!D$2:D64 = $B11), 0) ), "" )} | X11: {=IFERROR( INDEX(PLAYER_STAT!G$2:G64, MATCH(1, (PLAYER_STAT!A$2:A64 = MATCH_DATES!$A$3) * (PLAYER_STAT!D$2:D64 = $B11), 0) ), "" )} | Y11: =RANK(P11, P$3:P$38, 0) -> 30 | Z11: =IF(Y11<M11, "↑", IF(Y11>M11, "↓", "=")) -> ↓ | AA11: GREEN | AB11: =SUM(AC11:AD11)+P11+AI11 -> 11 | AC11: =COUNTA(AA11)*2 -> 2 | AD11: =SUM(AE11*2)+(AF11*1) -> 4 | AE11: =IF(AA11<>"", COUNTIFS(MATCH_INPUT!$K$10:$K$13,AA11), 0) -> 2 | AF11: =IF(AA11<>"", COUNTIFS(MATCH_INPUT!$F$10:$F$13, AA11, MATCH_INPUT!$K$10:$K$13, "Draw") + COUNTIFS(MATCH_INPUT!$J$10:$J$13, AA11, MATCH_INPUT!$K$10:$K$13, "Draw"), 0) -> 0 | AG11: =IF(AA11<>"", COUNTIFS(MATCH_INPUT!$F$10:$F$13, AA11, MATCH_INPUT!$K$10:$K$13, "<>"&AA11, MATCH_INPUT!$K$10:$K$13, "<>Draw", MATCH_INPUT!$K$10:$K$13, "<>""") + COUNTIFS(MATCH_INPUT!$J$10:$J$13, AA11, MATCH_INPUT!$K$10:$K$13, "<>"&AA11, MATCH_INPUT!$K$10:$K$13, "<>Draw", MATCH_INPUT!$K$10:$K$13, "<>"""), 0) -> 0 | AH11: {=IFERROR( INDEX(PLAYER_STAT!E$2:E64, MATCH(1, (PLAYER_STAT!A$2:A64 = MATCH_DATES!$A$4) * (PLAYER_STAT!D$2:D64 = $B11), 0) ), "" )} | AI11: {=IFERROR( INDEX(PLAYER_STAT!F$2:F64, MATCH(1, (PLAYER_STAT!A$2:A64 = MATCH_DATES!$A$4) * (PLAYER_STAT!D$2:D64 = $B11), 0) ), "" )} | AJ11: {=IFERROR( INDEX(PLAYER_STAT!G$2:G64, MATCH(1, (PLAYER_STAT!A$2:A64 = MATCH_DATES!$A$4) * (PLAYER_STAT!D$2:D64 = $B11), 0) ), "" )} | AK11: =RANK(AB11, AB$3:AB$38, 0) -> 21 | AL11: =IF(AK11<Y11, "↑", IF(AK11>Y11, "↓", "=")) -> ↑ | AM11: ORANGE | AN11: =SUM(AO11:AP11)+AB11+AU11 -> 15 | AO11: =COUNTA(AM11)*2 -> 2 | AP11: =SUM(AQ11*2)+(AR11*1) -> 2 | AQ11: =IF(AM11<>"", COUNTIFS(MATCH_INPUT!$K$14:$K$17,AM11), 0) -> 1 | AR11: =IF(AM11<>"", COUNTIFS(MATCH_INPUT!$F$14:$F$17, AM11, MATCH_INPUT!$K$14:$K$17, "Draw") + COUNTIFS(MATCH_INPUT!$J$14:$J$17, AM11, MATCH_INPUT!$K$14:$K$17, "Draw"), 0) -> 0 | AS11: =IF(AM11<>"", COUNTIFS(MATCH_INPUT!$F$14:$F$17, AM11, MATCH_INPUT!$K$14:$K$17, "<>"&AM11, MATCH_INPUT!$K$14:$K$17, "<>Draw", MATCH_INPUT!$K$14:$K$17, "<>""") + COUNTIFS(MATCH_INPUT!$J$14:$J$17, AM11, MATCH_INPUT!$K$14:$K$17, "<>"&AM11, MATCH_INPUT!$K$14:$K$17, "<>Draw", MATCH_INPUT!$K$14:$K$17, "<>"""), 0) -> 1 | AT11: {=IFERROR( INDEX(PLAYER_STAT!E$2:E64, MATCH(1, (PLAYER_STAT!A$2:A64 = MATCH_DATES!$A$5) * (PLAYER_STAT!D$2:D64 = $B11), 0) ), "" )} | AU11: {=IFERROR( INDEX(PLAYER_STAT!F$2:F64, MATCH(1, (PLAYER_STAT!A$2:A64 = MATCH_DATES!$A$5) * (PLAYER_STAT!D$2:D64 = $B11), 0) ), "" )} | AV11: {=IFERROR( INDEX(PLAYER_STAT!G$2:G64, MATCH(1, (PLAYER_STAT!A$2:A64 = MATCH_DATES!$A$5) * (PLAYER_STAT!D$2:D64 = $B11), 0) ), "" )} | AW11: =RANK(AN11, AN$3:AN$38, 0) -> 16 | AX11: =IF(AW11<AK11, "↑", IF(AW11>AK11, "↓", "=")) -> ↑ | AY11: GREEN | AZ11: =SUM(BA11:BB11)+BG11+AN11 -> 28 | BA11: =COUNTA(AY11)*2 -> 2 | BB11: =SUM(BC11*2) + (BD11*1) + SUMIFS(MATCH_INPUT!$G$18:$G$21, MATCH_INPUT!$F$18:$F$21, AY11) + SUMIFS(MATCH_INPUT!$I$18:$I$21, MATCH_INPUT!$J$18:$J$21, AY11) -> 11 | BC11: =IF(AY11<>"", COUNTIFS(MATCH_INPUT!$K$18:$K$21,AY11), 0) -> 2 | BD11: =IF(AY11<>"", COUNTIFS(MATCH_INPUT!$F$18:$F$21, AY11, MATCH_INPUT!$K$18:$K$21, "Draw") + COUNTIFS(MATCH_INPUT!$J$18:$J$21, AY11, MATCH_INPUT!$K$18:$K$21, "Draw"), 0) -> 0 | BE11: =IF(AY11<>"", COUNTIFS(MATCH_INPUT!$F$18:$F$21, AY11, MATCH_INPUT!$K$18:$K$21, "<>"&AY11, MATCH_INPUT!$K$18:$K$21, "<>Draw", MATCH_INPUT!$K$18:$K$21, "<>""") + COUNTIFS(MATCH_INPUT!$J$18:$J$21, AY11, MATCH_INPUT!$K$18:$K$21, "<>"&AY11, MATCH_INPUT!$K$18:$K$21, "<>Draw", MATCH_INPUT!$K$18:$K$21, "<>"""), 0) -> 0 | BF11: {=IFERROR( INDEX(PLAYER_STAT!E$2:E64, MATCH(1, (PLAYER_STAT!A$2:A64 = MATCH_DATES!$A$6) * (PLAYER_STAT!D$2:D64 = $B11), 0) ), "" )} | BG11: {=IFERROR( INDEX(PLAYER_STAT!F$2:F64, MATCH(1, (PLAYER_STAT!A$2:A64 = MATCH_DATES!$A$6) * (PLAYER_STAT!D$2:D64 = $B11), 0) ), "" )} | BH11: {=IFERROR( INDEX(PLAYER_STAT!G$2:G64, MATCH(1, (PLAYER_STAT!A$2:A64 = MATCH_DATES!$A$6) * (PLAYER_STAT!D$2:D64 = $B11), 0) ), "" )} | BI11: =RANK(AZ11, AZ$3:AZ$38, 0) -> 7 | BJ11: =IF(BI11<AW11, "↑", IF(BI11>AW11, "↓", "=")) -> ↑ | BK11: ORANGE | BL11: =SUM(BM11:BN11)+BS11+AZ11 -> 42 | BM11: =COUNTA(BK11)*2 -> 2 | BN11: =SUM(BO11*2) + (BP11*1) + SUMIFS(MATCH_INPUT!$G$22:$G$25, MATCH_INPUT!$F$22:$F$25, BK11) + SUMIFS(MATCH_INPUT!$I$22:$I$25, MATCH_INPUT!$J$22:$J$25, BK11) -> 12 | BO11: =IF(BK11<>"", COUNTIFS(MATCH_INPUT!$K$22:$K$25,BK11), 0) -> 2 | BP11: =IF(BK11<>"", COUNTIFS(MATCH_INPUT!$F$22:$F$25, BK11, MATCH_INPUT!$K$22:$K$25, "Draw") + COUNTIFS(MATCH_INPUT!$J$22:$J$25, BK11, MATCH_INPUT!$K$22:$K$25, "Draw"), 0) -> 0 | BQ11: =IF(BK11<>"", COUNTIFS(MATCH_INPUT!$F$22:$F$25, BK11, MATCH_INPUT!$K$22:$K$25, "<>"&BK11, MATCH_INPUT!$K$22:$K$25, "<>Draw", MATCH_INPUT!$K$22:$K$25, "<>""") + COUNTIFS(MATCH_INPUT!$J$22:$J$25, BK11, MATCH_INPUT!$K$22:$K$25, "<>"&BK11, MATCH_INPUT!$K$22:$K$25, "<>Draw", MATCH_INPUT!$K$22:$K$25, "<>"""), 0) -> 0 | BR11: {=IFERROR( INDEX(PLAYER_STAT!E$2:E64, MATCH(1, (PLAYER_STAT!A$2:A64 = MATCH_DATES!$A$7) * (PLAYER_STAT!D$2:D64 = $B11), 0) ), "" )} -> 4 | BS11: {=IFERROR( INDEX(PLAYER_STAT!F$2:F64, MATCH(1, (PLAYER_STAT!A$2:A64 = MATCH_DATES!$A$7) * (PLAYER_STAT!D$2:D64 = $B11), 0) ), "" )} -> 0 | BT11: {=IFERROR( INDEX(PLAYER_STAT!G$2:G64, MATCH(1, (PLAYER_STAT!A$2:A64 = MATCH_DATES!$A$7) * (PLAYER_STAT!D$2:D64 = $B11), 0) ), "" )} -> 0 | BU11: =RANK(BL11, BL$3:BL$38, 0) -> 2 | BV11: =IF(BU11<BI11, "↑", IF(BU11>BI11, "↓", "=")) -> ↑ | BW11: GREEN | BX11: =SUM(BY11:BZ11)+CE11+BL11 -> 50 | BY11: =COUNTA(BW11)*2 -> 2 | BZ11: =SUM(CA11*2)+(CB11*1) + SUMIFS(MATCH_INPUT!$G$26:$G$29, MATCH_INPUT!$F$26:$F$29, BW11) + SUMIFS(MATCH_INPUT!$I$26:$I$29, MATCH_INPUT!$J$26:$J$29, BW11) -> 6 | CA11: =IF(BW11<>"", COUNTIFS(MATCH_INPUT!$K$26:$K$29,BW11), 0) -> 1 | CB11: =IF(BW11<>"", COUNTIFS(MATCH_INPUT!$F$26:$F$29, BW11, MATCH_INPUT!$K$26:$K$29, "Draw") + COUNTIFS(MATCH_INPUT!$J$26:$J$29, BW11, MATCH_INPUT!$K$26:$K$29, "Draw"), 0) -> 1 | CC11: =IF(BW11<>"", COUNTIFS(MATCH_INPUT!$F$26:$F$29, BW11, MATCH_INPUT!$K$26:$K$29, "<>"&BW11, MATCH_INPUT!$K$26:$K$29, "<>Draw", MATCH_INPUT!$K$26:$K$29, "<>""") + COUNTIFS(MATCH_INPUT!$J$26:$J$29, BW11, MATCH_INPUT!$K$26:$K$29, "<>"&BW11, MATCH_INPUT!$K$26:$K$29, "<>Draw", MATCH_INPUT!$K$26:$K$29, "<>"""), 0) -> 0 | CD11: {=IFERROR( INDEX(PLAYER_STAT!E$2:E64, MATCH(1, (PLAYER_STAT!A$2:A64 = MATCH_DATES!$A$8) * (PLAYER_STAT!D$2:D64 = $B11), 0) ), "" )} -> 1 | CE11: {=IFERROR( INDEX(PLAYER_STAT!F$2:F64, MATCH(1, (PLAYER_STAT!A$2:A64 = MATCH_DATES!$A$8) * (PLAYER_STAT!D$2:D64 = $B11), 0) ), "" )} -> 0 | CF11: {=IFERROR( INDEX(PLAYER_STAT!G$2:G64, MATCH(1, (PLAYER_STAT!A$2:A64 = MATCH_DATES!$A$8) * (PLAYER_STAT!D$2:D64 = $B11), 0) ), "" )} -> 0 | CG11: =RANK(BX11, BX$3:BX$38, 0) -> 5 | CH11: =IF(CG11<BU11, "↑", IF(CG11>BU11, "↓", "=")) -> ↓ | CI11: ORANGE | CJ11: =SUM(CK11:CL11)+CQ11+BX11 -> 56 | CK11: =COUNTA(CI11)*2 -> 2 | CL11: =SUM(CM11*2)+(CN11*1) + SUMIFS(MATCH_INPUT!$G$30:$G$33, MATCH_INPUT!$F$30:$F$33, CI11) + SUMIFS(MATCH_INPUT!$I$30:$I$33, MATCH_INPUT!$J$30:$J$33, CI11) -> 4 | CM11: =IF(CI11<>"", COUNTIFS(MATCH_INPUT!$K$30:$K$33,CI11), 0) -> 0 | CN11: =IF(CI11<>"", COUNTIFS(MATCH_INPUT!$F$30:$F$33, CI11, MATCH_INPUT!$K$30:$K$33, "Draw") + COUNTIFS(MATCH_INPUT!$J$30:$J$33, CI11, MATCH_INPUT!$K$30:$K$33, "Draw"), 0) -> 0 | CO11: =IF(CI11<>"", COUNTIFS(MATCH_INPUT!$F$30:$F$33, CI11, MATCH_INPUT!$K$30:$K$33, "<>"&CI11, MATCH_INPUT!$K$30:$K$33, "<>Draw", MATCH_INPUT!$K$30:$K$33, "<>""") + COUNTIFS(MATCH_INPUT!$J$30:$J$33, CI11, MATCH_INPUT!$K$30:$K$33, "<>"&CI11, MATCH_INPUT!$K$30:$K$33, "<>Draw", MATCH_INPUT!$K$30:$K$33, "<>"""), 0) -> 2 | CP11: {=IFERROR( INDEX(PLAYER_STAT!E$2:E64, MATCH(1, (PLAYER_STAT!A$2:A64 = MATCH_DATES!$A$9) * (PLAYER_STAT!D$2:D64 = $B11), 0) ), "" )} | CQ11: {=IFERROR( INDEX(PLAYER_STAT!F$2:F64, MATCH(1, (PLAYER_STAT!A$2:A64 = MATCH_DATES!$A$9) * (PLAYER_STAT!D$2:D64 = $B11), 0) ), "" )} | CR11: {=IFERROR( INDEX(PLAYER_STAT!G$2:G64, MATCH(1, (PLAYER_STAT!A$2:A64 = MATCH_DATES!$A$9) * (PLAYER_STAT!D$2:D64 = $B11), 0) ), "" )} | CS11: =RANK(CJ11, CJ$3:CJ$38, 0) -> 6 | CT11: =IF(CS11<CG11, "↑", IF(CS11>CG11, "↓", "=")) -> ↓ | CU11: =SUM(F11,R11,AD11,AP11,BB11,BN11,BZ11,CL11) -> 40 | CV11: =A11 -> 🍂🎃 | CW11: =B11 -> Eder 👬 Honorio | CX11: =SUM(CU11,CY11,DD11) -> 56 | CY11: =SUM( IF(AND(MATCH_DATES!$A$2 <= TODAY(), NOW() >= MATCH_DATES!$A$2 + TIME(22, 0, 0)), E11, 0), IF(AND(MATCH_DATES!$A$3 <= TODAY(), NOW() >= MATCH_DATES!$A$3 + TIME(22, 0, 0)), Q11, 0), IF(AND(MATCH_DATES!$A$4 <= TODAY(), NOW() >= MATCH_DATES!$A$4 + TIME(22, 0, 0)), AC11, 0), IF(AND(MATCH_DATES!$A$5 <= TODAY(), NOW() >= MATCH_DATES!$A$5 + TIME(22, 0, 0)), AO11, 0), IF(AND(MATCH_DATES!$A$6 <= TODAY(), NOW() >= MATCH_DATES!$A$6 + TIME(22, 0, 0)), BA11, 0), IF(AND(MATCH_DATES!$A$7 <= TODAY(), NOW() >= MATCH_DATES!$A$7 + TIME(22, 0, 0)), BM11, 0), IF(AND(MATCH_DATES!$A$8 <= TODAY(), NOW() >= MATCH_DATES!$A$8 + TIME(22, 0, 0)), BY11, 0), IF(AND(MATCH_DATES!$A$9 <= TODAY(), NOW() >= MATCH_DATES!$A$9 + TIME(22, 0, 0)), CK11, 0) ) -> 16 | CZ11: =SUM(G11,S11,AE11,AQ11,BC11,BO11,CA11,CM11) -> 8 | DA11: =SUM(H11,T11,AF11,AR11,BD11,BP11,CB11,CN11) -> 2 | DB11: =SUM( IF(AND(MATCH_DATES!$A$2 <= TODAY(), NOW() >= MATCH_DATES!$A$2 + TIME(22, 0, 0)), I11, 0), IF(AND(MATCH_DATES!$A$3 <= TODAY(), NOW() >= MATCH_DATES!$A$3 + TIME(22, 0, 0)), U11, 0), IF(AND(MATCH_DATES!$A$4 <= TODAY(), NOW() >= MATCH_DATES!$A$4 + TIME(22, 0, 0)), AG11, 0), IF(AND(MATCH_DATES!$A$5 <= TODAY(), NOW() >= MATCH_DATES!$A$5 + TIME(22, 0, 0)), AS11, 0), IF(AND(MATCH_DATES!$A$6 <= TODAY(), NOW() >= MATCH_DATES!$A$6 + TIME(22, 0, 0)), BE11, 0), IF(AND(MATCH_DATES!$A$7 <= TODAY(), NOW() >= MATCH_DATES!$A$7 + TIME(22, 0, 0)), BQ11, 0), IF(AND(MATCH_DATES!$A$8 <= TODAY(), NOW() >= MATCH_DATES!$A$8 + TIME(22, 0, 0)), CC11, 0), IF(AND(MATCH_DATES!$A$9 <= TODAY(), NOW() >= MATCH_DATES!$A$9 + TIME(22, 0, 0)), CO11, 0) ) -> 6 | DC11: =sum(J11,V11,AH11,AT11,BF11,BR11,CD11,CP11) -> 5 | DD11: =SUM(K11,W11,AI11,AU11,BG11,BS11,CE11,CQ11) -> 0 | DE11: =SUM(L11,X11,AJ11,AV11,BH11,BT11,CF11,CR11) -> 0
A12: 🍂🎃 | B12: Efraín | D12: =SUM(E12:F12)+K12 -> 0 | E12: =COUNTA(C12)*2 -> 0 | F12: =(G12*2)+(H12*1) -> 0 | G12: =IF(C12<>"", COUNTIFS(MATCH_INPUT!$K$2:$K$5,C12), 0) -> 0 | H12: =IF(C12<>"", COUNTIFS(MATCH_INPUT!$F$2:$F$5, C12, MATCH_INPUT!$K$2:$K$5, "Draw") + COUNTIFS(MATCH_INPUT!$J$2:$J$5, C12, MATCH_INPUT!$K$2:$K$5, "Draw"), 0) -> 0 | I12: =IF(C12<>"", COUNTIFS(MATCH_INPUT!$F$2:$F$5, C12, MATCH_INPUT!$K$2:$K$5, "<>"&C12, MATCH_INPUT!$K$2:$K$5, "<>Draw", MATCH_INPUT!$K$2:$K$5, "<>""") + COUNTIFS(MATCH_INPUT!$J$2:$J$5, C12, MATCH_INPUT!$K$2:$K$5, "<>"&C12, MATCH_INPUT!$K$2:$K$5, "<>Draw", MATCH_INPUT!$K$2:$K$5, "<>"""), 0) -> 0 | J12: {=IFERROR( INDEX(PLAYER_STAT!E$2:E64, MATCH(1, (PLAYER_STAT!A$2:A64 = MATCH_DATES!$A$2) * (PLAYER_STAT!D$2:D64 = $B12), 0) ), "" )} | K12: {=IFERROR( INDEX(PLAYER_STAT!F$2:F64, MATCH(1, (PLAYER_STAT!A$2:A64 = MATCH_DATES!$A$2) * (PLAYER_STAT!D$2:D64 = $B12), 0) ), "" )} | L12: {=IFERROR( INDEX(PLAYER_STAT!G$2:G64, MATCH(1, (PLAYER_STAT!A$2:A64 = MATCH_DATES!$A$2) * (PLAYER_STAT!D$2:D64 = $B12), 0) ), "" )} | M12: =RANK(D12, D$3:D$39, 0) -> 33 | N12: =IF(M12<1, "↑", IF(M12>1, "↓", "=")) -> ↓ | O12: MAGENTA | P12: =SUM(Q12:R12)+D12+W12 -> 4 | Q12: =COUNTA(O12)*2 -> 2 | R12: =(S12*2)+(T12*1) -> 2 | S12: =IF(O12<>"", COUNTIFS(MATCH_INPUT!$K$6:$K$9,O12), 0) -> 0 | T12: =IF(O12<>"", COUNTIFS(MATCH_INPUT!$F$6:$F$9, O12, MATCH_INPUT!$K$6:$K$9, "Draw") + COUNTIFS(MATCH_INPUT!$J$6:$J$9, O12, MATCH_INPUT!$K$6:$K$9, "Draw"), 0) -> 2 | U12: =IF(O12<>"", COUNTIFS(MATCH_INPUT!$F$6:$F$9, O12, MATCH_INPUT!$K$6:$K$9, "<>"&O12, MATCH_INPUT!$K$6:$K$9, "<>Draw", MATCH_INPUT!$K$6:$K$9, "<>""") + COUNTIFS(MATCH_INPUT!$J$6:$J$9, O12, MATCH_INPUT!$K$6:$K$9, "<>"&O12, MATCH_INPUT!$K$6:$K$9, "<>Draw", MATCH_INPUT!$K$6:$K$9, "<>"""), 0) -> 0 | V12: {=IFERROR( INDEX(PLAYER_STAT!E$2:E64, MATCH(1, (PLAYER_STAT!A$2:A64 = MATCH_DATES!$A$3) * (PLAYER_STAT!D$2:D64 = $B12), 0) ), "" )} | W12: {=IFERROR( INDEX(PLAYER_STAT!F$2:F64, MATCH(1, (PLAYER_STAT!A$2:A64 = MATCH_DATES!$A$3) * (PLAYER_STAT!D$2:D64 = $B12), 0) ), "" )} | X12: {=IFERROR( INDEX(PLAYER_STAT!G$2:G64, MATCH(1, (PLAYER_STAT!A$2:A64 = MATCH_DATES!$A$3) * (PLAYER_STAT!D$2:D64 = $B12), 0) ), "" )} | Y12: =RANK(P12, P$3:P$38, 0) -> 32 | Z12: =IF(Y12<M12, "↑", IF(Y12>M12, "↓", "=")) -> ↑ | AA12: ORANGE | AB12: =SUM(AC12:AD12)+P12+AI12 -> 6 | AC12: =COUNTA(AA12)*2 -> 2 | AD12: =SUM(AE12*2)+(AF12*1) -> 0 | AE12: =IF(AA12<>"", COUNTIFS(MATCH_INPUT!$K$10:$K$13,AA12), 0) -> 0 | AF12: =IF(AA12<>"", COUNTIFS(MATCH_INPUT!$F$10:$F$13, AA12, MATCH_INPUT!$K$10:$K$13, "Draw") + COUNTIFS(MATCH_INPUT!$J$10:$J$13, AA12, MATCH_INPUT!$K$10:$K$13, "Draw"), 0) -> 0 | AG12: =IF(AA12<>"", COUNTIFS(MATCH_INPUT!$F$10:$F$13, AA12, MATCH_INPUT!$K$10:$K$13, "<>"&AA12, MATCH_INPUT!$K$10:$K$13, "<>Draw", MATCH_INPUT!$K$10:$K$13, "<>""") + COUNTIFS(MATCH_INPUT!$J$10:$J$13, AA12, MATCH_INPUT!$K$10:$K$13, "<>"&AA12, MATCH_INPUT!$K$10:$K$13, "<>Draw", MATCH_INPUT!$K$10:$K$13, "<>"""), 0) -> 2 | AH12: {=IFERROR( INDEX(PLAYER_STAT!E$2:E64, MATCH(1, (PLAYER_STAT!A$2:A64 = MATCH_DATES!$A$4) * (PLAYER_STAT!D$2:D64 = $B12), 0) ), "" )} | AI12: {=IFERROR( INDEX(PLAYER_STAT!F$2:F64, MATCH(1, (PLAYER_STAT!A$2:A64 = MATCH_DATES!$A$4) * (PLAYER_STAT!D$2:D64 = $B12), 0) ), "" )} | AJ12: {=IFERROR( INDEX(PLAYER_STAT!G$2:G64, MATCH(1, (PLAYER_STAT!A$2:A64 = MATCH_DATES!$A$4) * (PLAYER_STAT!D$2:D64 = $B12), 0) ), "" )} | AK12: =RANK(AB12, AB$3:AB$38, 0) -> 34 | AL12: =IF(AK12<Y12, "↑", IF(AK12>Y12, "↓", "=")) -> ↓ | AM12: BLUE | AN12: =SUM(AO12:AP12)+AB12+AU12 -> 10 | AO12: =COUNTA(AM12)*2 -> 2 | AP12: =SUM(AQ12*2)+(AR12*1) -> 2 | AQ12: =IF(AM12<>"", COUNTIFS(MATCH_INPUT!$K$14:$K$17,AM12), 0) -> 1 | AR12: =IF(AM12<>"", COUNTIFS(MATCH_INPUT!$F$14:$F$17, AM12, MATCH_INPUT!$K$14:$K$17, "Draw") + COUNTIFS(MATCH_INPUT!$J$14:$J$17, AM12, MATCH_INPUT!$K$14:$K$17, "Draw"), 0) -> 0 | AS12: =IF(AM12<>"", COUNTIFS(MATCH_INPUT!$F$14:$F$17, AM12, MATCH_INPUT!$K$14:$K$17, "<>"&AM12, MATCH_INPUT!$K$14:$K$17, "<>Draw", MATCH_INPUT!$K$14:$K$17, "<>""") + COUNTIFS(MATCH_INPUT!$J$14:$J$17, AM12, MATCH_INPUT!$K$14:$K$17, "<>"&AM12, MATCH_INPUT!$K$14:$K$17, "<>Draw", MATCH_INPUT!$K$14:$K$17, "<>"""), 0) -> 1 | AT12: {=IFERROR( INDEX(PLAYER_STAT!E$2:E64, MATCH(1, (PLAYER_STAT!A$2:A64 = MATCH_DATES!$A$5) * (PLAYER_STAT!D$2:D64 = $B12), 0) ), "" )} | AU12: {=IFERROR( INDEX(PLAYER_STAT!F$2:F64, MATCH(1, (PLAYER_STAT!A$2:A64 = MATCH_DATES!$A$5) * (PLAYER_STAT!D$2:D64 = $B12), 0) ), "" )} | AV12: {=IFERROR( INDEX(PLAYER_STAT!G$2:G64, MATCH(1, (PLAYER_STAT!A$2:A64 = MATCH_DATES!$A$5) * (PLAYER_STAT!D$2:D64 = $B12), 0) ), "" )} | AW12: =RANK(AN12, AN$3:AN$38, 0) -> 32 | AX12: =IF(AW12<AK12, "↑", IF(AW12>AK12, "↓", "=")) -> ↑ | AY12: ORANGE | AZ12: =SUM(BA12:BB12)+BG12+AN12 -> 13 | BA12: =COUNTA(AY12)*2 -> 2 | BB12: =SUM(BC12*2) + (BD12*1) + SUMIFS(MATCH_INPUT!$G$18:$G$21, MATCH_INPUT!$F$18:$F$21, AY12) + SUMIFS(MATCH_INPUT!$I$18:$I$21, MATCH_INPUT!$J$18:$J$21, AY12) -> 1 | BC12: =IF(AY12<>"", COUNTIFS(MATCH_INPUT!$K$18:$K$21,AY12), 0) -> 0 | BD12: =IF(AY12<>"", COUNTIFS(MATCH_INPUT!$F$18:$F$21, AY12, MATCH_INPUT!$K$18:$K$21, "Draw") + COUNTIFS(MATCH_INPUT!$J$18:$J$21, AY12, MATCH_INPUT!$K$18:$K$21, "Draw"), 0) -> 0 | BE12: =IF(AY12<>"", COUNTIFS(MATCH_INPUT!$F$18:$F$21, AY12, MATCH_INPUT!$K$18:$K$21, "<>"&AY12, MATCH_INPUT!$K$18:$K$21, "<>Draw", MATCH_INPUT!$K$18:$K$21, "<>""") + COUNTIFS(MATCH_INPUT!$J$18:$J$21, AY12, MATCH_INPUT!$K$18:$K$21, "<>"&AY12, MATCH_INPUT!$K$18:$K$21, "<>Draw", MATCH_INPUT!$K$18:$K$21, "<>"""), 0) -> 2 | BF12: {=IFERROR( INDEX(PLAYER_STAT!E$2:E64, MATCH(1, (PLAYER_STAT!A$2:A64 = MATCH_DATES!$A$6) * (PLAYER_STAT!D$2:D64 = $B12), 0) ), "" )} | BG12: {=IFERROR( INDEX(PLAYER_STAT!F$2:F64, MATCH(1, (PLAYER_STAT!A$2:A64 = MATCH_DATES!$A$6) * (PLAYER_STAT!D$2:D64 = $B12), 0) ), "" )} | BH12: {=IFERROR( INDEX(PLAYER_STAT!G$2:G64, MATCH(1, (PLAYER_STAT!A$2:A64 = MATCH_DATES!$A$6) * (PLAYER_STAT!D$2:D64 = $B12), 0) ), "" )} | BI12: =RANK(AZ12, AZ$3:AZ$38, 0) -> 34 | BJ12: =IF(BI12<AW12, "↑", IF(BI12>AW12, "↓", "=")) -> ↓ | BK12: GREEN | BL12: =SUM(BM12:BN12)+BS12+AZ12 -> 15 | BM12: =COUNTA(BK12)*2 -> 2 | BN12: =SUM(BO12*2) + (BP12*1) + SUMIFS(MATCH_INPUT!$G$22:$G$25, MATCH_INPUT!$F$22:$F$25, BK12) + SUMIFS(MATCH_INPUT!$I$22:$I$25, MATCH_INPUT!$J$22:$J$25, BK12) -> 0 | BO12: =IF(BK12<>"", COUNTIFS(MATCH_INPUT!$K$22:$K$25,BK12), 0) -> 0 | BP12: =IF(BK12<>"", COUNTIFS(MATCH_INPUT!$F$22:$F$25, BK12, MATCH_INPUT!$K$22:$K$25, "Draw") + COUNTIFS(MATCH_INPUT!$J$22:$J$25, BK12, MATCH_INPUT!$K$22:$K$25, "Draw"), 0) -> 0 | BQ12: =IF(BK12<>"", COUNTIFS(MATCH_INPUT!$F$22:$F$25, BK12, MATCH_INPUT!$K$22:$K$25, "<>"&BK12, MATCH_INPUT!$K$22:$K$25, "<>Draw", MATCH_INPUT!$K$22:$K$25, "<>""") + COUNTIFS(MATCH_INPUT!$J$22:$J$25, BK12, MATCH_INPUT!$K$22:$K$25, "<>"&BK12, MATCH_INPUT!$K$22:$K$25, "<>Draw", MATCH_INPUT!$K$22:$K$25, "<>"""), 0) -> 2 | BR12: {=IFERROR( INDEX(PLAYER_STAT!E$2:E64, MATCH(1, (PLAYER_STAT!A$2:A64 = MATCH_DATES!$A$7) * (PLAYER_STAT!D$2:D64 = $B12), 0) ), "" )} | BS12: {=IFERROR( INDEX(PLAYER_STAT!F$2:F64, MATCH(1, (PLAYER_STAT!A$2:A64 = MATCH_DATES!$A$7) * (PLAYER_STAT!D$2:D64 = $B12), 0) ), "" )} | BT12: {=IFERROR( INDEX(PLAYER_STAT!G$2:G64, MATCH(1, (PLAYER_STAT!A$2:A64 = MATCH_DATES!$A$7) * (PLAYER_STAT!D$2:D64 = $B12), 0) ), "" )} | BU12: =RANK(BL12, BL$3:BL$38, 0) -> 35 | BV12: =IF(BU12<BI12, "↑", IF(BU12>BI12, "↓", "=")) -> ↓ | BX12: =SUM(BY12:BZ12)+CE12+BL12 -> 15 | BY12: =COUNTA(BW12)*2 -> 0 | BZ12: =SUM(CA12*2)+(CB12*1) + SUMIFS(MATCH_INPUT!$G$26:$G$29, MATCH_INPUT!$F$26:$F$29, BW12) + SUMIFS(MATCH_INPUT!$I$26:$I$29, MATCH_INPUT!$J$26:$J$29, BW12) -> 0 | CA12: =IF(BW12<>"", COUNTIFS(MATCH_INPUT!$K$26:$K$29,BW12), 0) -> 0 | CB12: =IF(BW12<>"", COUNTIFS(MATCH_INPUT!$F$26:$F$29, BW12, MATCH_INPUT!$K$26:$K$29, "Draw") + COUNTIFS(MATCH_INPUT!$J$26:$J$29, BW12, MATCH_INPUT!$K$26:$K$29, "Draw"), 0) -> 0 | CC12: =IF(BW12<>"", COUNTIFS(MATCH_INPUT!$F$26:$F$29, BW12, MATCH_INPUT!$K$26:$K$29, "<>"&BW12, MATCH_INPUT!$K$26:$K$29, "<>Draw", MATCH_INPUT!$K$26:$K$29, "<>""") + COUNTIFS(MATCH_INPUT!$J$26:$J$29, BW12, MATCH_INPUT!$K$26:$K$29, "<>"&BW12, MATCH_INPUT!$K$26:$K$29, "<>Draw", MATCH_INPUT!$K$26:$K$29, "<>"""), 0) -> 0 | CD12: {=IFERROR( INDEX(PLAYER_STAT!E$2:E64, MATCH(1, (PLAYER_STAT!A$2:A64 = MATCH_DATES!$A$8) * (PLAYER_STAT!D$2:D64 = $B12), 0) ), "" )} | CE12: {=IFERROR( INDEX(PLAYER_STAT!F$2:F64, MATCH(1, (PLAYER_STAT!A$2:A64 = MATCH_DATES!$A$8) * (PLAYER_STAT!D$2:D64 = $B12), 0) ), "" )} | CF12: {=IFERROR( INDEX(PLAYER_STAT!G$2:G64, MATCH(1, (PLAYER_STAT!A$2:A64 = MATCH_DATES!$A$8) * (PLAYER_STAT!D$2:D64 = $B12), 0) ), "" )} | CG12: =RANK(BX12, BX$3:BX$38, 0) -> 36 | CH12: =IF(CG12<BU12, "↑", IF(CG12>BU12, "↓", "=")) -> ↓ | CI12: ORANGE | CJ12: =SUM(CK12:CL12)+CQ12+BX12 -> 21 | CK12: =COUNTA(CI12)*2 -> 2 | CL12: =SUM(CM12*2)+(CN12*1) + SUMIFS(MATCH_INPUT!$G$30:$G$33, MATCH_INPUT!$F$30:$F$33, CI12) + SUMIFS(MATCH_INPUT!$I$30:$I$33, MATCH_INPUT!$J$30:$J$33, CI12) -> 4 | CM12: =IF(CI12<>"", COUNTIFS(MATCH_INPUT!$K$30:$K$33,CI12), 0) -> 0 | CN12: =IF(CI12<>"", COUNTIFS(MATCH_INPUT!$F$30:$F$33, CI12, MATCH_INPUT!$K$30:$K$33, "Draw") + COUNTIFS(MATCH_INPUT!$J$30:$J$33, CI12, MATCH_INPUT!$K$30:$K$33, "Draw"), 0) -> 0 | CO12: =IF(CI12<>"", COUNTIFS(MATCH_INPUT!$F$30:$F$33, CI12, MATCH_INPUT!$K$30:$K$33, "<>"&CI12, MATCH_INPUT!$K$30:$K$33, "<>Draw", MATCH_INPUT!$K$30:$K$33, "<>""") + COUNTIFS(MATCH_INPUT!$J$30:$J$33, CI12, MATCH_INPUT!$K$30:$K$33, "<>"&CI12, MATCH_INPUT!$K$30:$K$33, "<>Draw", MATCH_INPUT!$K$30:$K$33, "<>"""), 0) -> 2 | CP12: {=IFERROR( INDEX(PLAYER_STAT!E$2:E64, MATCH(1, (PLAYER_STAT!A$2:A64 = MATCH_DATES!$A$9) * (PLAYER_STAT!D$2:D64 = $B12), 0) ), "" )} | CQ12: {=IFERROR( INDEX(PLAYER_STAT!F$2:F64, MATCH(1, (PLAYER_STAT!A$2:A64 = MATCH_DATES!$A$9) * (PLAYER_STAT!D$2:D64 = $B12), 0) ), "" )} | CR12: {=IFERROR( INDEX(PLAYER_STAT!G$2:G64, MATCH(1, (PLAYER_STAT!A$2:A64 = MATCH_DATES!$A$9) * (PLAYER_STAT!D$2:D64 = $B12), 0) ), "" )} | CS12: =RANK(CJ12, CJ$3:CJ$38, 0) -> 36 | CT12: =IF(CS12<CG12, "↑", IF(CS12>CG12, "↓", "=")) -> = | CU12: =SUM(F12,R12,AD12,AP12,BB12,BN12,BZ12,CL12) -> 9 | CV12: =A12 -> 🍂🎃 | CW12: =B12 -> Efraín | CX12: =SUM(CU12,CY12,DD12) -> 21 | CY12: =SUM( IF(AND(MATCH_DATES!$A$2 <= TODAY(), NOW() >= MATCH_DATES!$A$2 + TIME(22, 0, 0)), E12, 0), IF(AND(MATCH_DATES!$A$3 <= TODAY(), NOW() >= MATCH_DATES!$A$3 + TIME(22, 0, 0)), Q12, 0), IF(AND(MATCH_DATES!$A$4 <= TODAY(), NOW() >= MATCH_DATES!$A$4 + TIME(22, 0, 0)), AC12, 0), IF(AND(MATCH_DATES!$A$5 <= TODAY(), NOW() >= MATCH_DATES!$A$5 + TIME(22, 0, 0)), AO12, 0), IF(AND(MATCH_DATES!$A$6 <= TODAY(), NOW() >= MATCH_DATES!$A$6 + TIME(22, 0, 0)), BA12, 0), IF(AND(MATCH_DATES!$A$7 <= TODAY(), NOW() >= MATCH_DATES!$A$7 + TIME(22, 0, 0)), BM12, 0), IF(AND(MATCH_DATES!$A$8 <= TODAY(), NOW() >= MATCH_DATES!$A$8 + TIME(22, 0, 0)), BY12, 0), IF(AND(MATCH_DATES!$A$9 <= TODAY(), NOW() >= MATCH_DATES!$A$9 + TIME(22, 0, 0)), CK12, 0) ) -> 12 | CZ12: =SUM(G12,S12,AE12,AQ12,BC12,BO12,CA12,CM12) -> 1 | DA12: =SUM(H12,T12,AF12,AR12,BD12,BP12,CB12,CN12) -> 2 | DB12: =SUM( IF(AND(MATCH_DATES!$A$2 <= TODAY(), NOW() >= MATCH_DATES!$A$2 + TIME(22, 0, 0)), I12, 0), IF(AND(MATCH_DATES!$A$3 <= TODAY(), NOW() >= MATCH_DATES!$A$3 + TIME(22, 0, 0)), U12, 0), IF(AND(MATCH_DATES!$A$4 <= TODAY(), NOW() >= MATCH_DATES!$A$4 + TIME(22, 0, 0)), AG12, 0), IF(AND(MATCH_DATES!$A$5 <= TODAY(), NOW() >= MATCH_DATES!$A$5 + TIME(22, 0, 0)), AS12, 0), IF(AND(MATCH_DATES!$A$6 <= TODAY(), NOW() >= MATCH_DATES!$A$6 + TIME(22, 0, 0)), BE12, 0), IF(AND(MATCH_DATES!$A$7 <= TODAY(), NOW() >= MATCH_DATES!$A$7 + TIME(22, 0, 0)), BQ12, 0), IF(AND(MATCH_DATES!$A$8 <= TODAY(), NOW() >= MATCH_DATES!$A$8 + TIME(22, 0, 0)), CC12, 0), IF(AND(MATCH_DATES!$A$9 <= TODAY(), NOW() >= MATCH_DATES!$A$9 + TIME(22, 0, 0)), CO12, 0) ) -> 9 | DC12: =sum(J12,V12,AH12,AT12,BF12,BR12,CD12,CP12) -> 0 | DD12: =SUM(K12,W12,AI12,AU12,BG12,BS12,CE12,CQ12) -> 0 | DE12: =SUM(L12,X12,AJ12,AV12,BH12,BT12,CF12,CR12) -> 0
A13: 🍂🎃 | B13: Enerson | C13: MAGENTA | D13: =SUM(E13:F13)+K13 -> 7 | E13: =COUNTA(C13)*2 -> 2 | F13: =(G13*2)+(H13*1) -> 4 | G13: =IF(C13<>"", COUNTIFS(MATCH_INPUT!$K$2:$K$5,C13), 0) -> 2 | H13: =IF(C13<>"", COUNTIFS(MATCH_INPUT!$F$2:$F$5, C13, MATCH_INPUT!$K$2:$K$5, "Draw") + COUNTIFS(MATCH_INPUT!$J$2:$J$5, C13, MATCH_INPUT!$K$2:$K$5, "Draw"), 0) -> 0 | I13: =IF(C13<>"", COUNTIFS(MATCH_INPUT!$F$2:$F$5, C13, MATCH_INPUT!$K$2:$K$5, "<>"&C13, MATCH_INPUT!$K$2:$K$5, "<>Draw", MATCH_INPUT!$K$2:$K$5, "<>""") + COUNTIFS(MATCH_INPUT!$J$2:$J$5, C13, MATCH_INPUT!$K$2:$K$5, "<>"&C13, MATCH_INPUT!$K$2:$K$5, "<>Draw", MATCH_INPUT!$K$2:$K$5, "<>"""), 0) -> 0 | J13: {=IFERROR( INDEX(PLAYER_STAT!E$2:E64, MATCH(1, (PLAYER_STAT!A$2:A64 = MATCH_DATES!$A$2) * (PLAYER_STAT!D$2:D64 = $B13), 0) ), "" )} -> 0 | K13: {=IFERROR( INDEX(PLAYER_STAT!F$2:F64, MATCH(1, (PLAYER_STAT!A$2:A64 = MATCH_DATES!$A$2) * (PLAYER_STAT!D$2:D64 = $B13), 0) ), "" )} -> 1 | L13: {=IFERROR( INDEX(PLAYER_STAT!G$2:G64, MATCH(1, (PLAYER_STAT!A$2:A64 = MATCH_DATES!$A$2) * (PLAYER_STAT!D$2:D64 = $B13), 0) ), "" )} -> 1 | M13: =RANK(D13, D$3:D$39, 0) -> 1 | N13: =IF(M13<1, "↑", IF(M13>1, "↓", "=")) -> = | P13: =SUM(Q13:R13)+D13+W13 -> 7 | Q13: =COUNTA(O13)*2 -> 0 | R13: =(S13*2)+(T13*1) -> 0 | S13: =IF(O13<>"", COUNTIFS(MATCH_INPUT!$K$6:$K$9,O13), 0) -> 0 | T13: =IF(O13<>"", COUNTIFS(MATCH_INPUT!$F$6:$F$9, O13, MATCH_INPUT!$K$6:$K$9, "Draw") + COUNTIFS(MATCH_INPUT!$J$6:$J$9, O13, MATCH_INPUT!$K$6:$K$9, "Draw"), 0) -> 0 | U13: =IF(O13<>"", COUNTIFS(MATCH_INPUT!$F$6:$F$9, O13, MATCH_INPUT!$K$6:$K$9, "<>"&O13, MATCH_INPUT!$K$6:$K$9, "<>Draw", MATCH_INPUT!$K$6:$K$9, "<>""") + COUNTIFS(MATCH_INPUT!$J$6:$J$9, O13, MATCH_INPUT!$K$6:$K$9, "<>"&O13, MATCH_INPUT!$K$6:$K$9, "<>Draw", MATCH_INPUT!$K$6:$K$9, "<>"""), 0) -> 0 | V13: {=IFERROR( INDEX(PLAYER_STAT!E$2:E64, MATCH(1, (PLAYER_STAT!A$2:A64 = MATCH_DATES!$A$3) * (PLAYER_STAT!D$2:D64 = $B13), 0) ), "" )} | W13: {=IFERROR( INDEX(PLAYER_STAT!F$2:F64, MATCH(1, (PLAYER_STAT!A$2:A64 = MATCH_DATES!$A$3) * (PLAYER_STAT!D$2:D64 = $B13), 0) ), "" )} | X13: {=IFERROR( INDEX(PLAYER_STAT!G$2:G64, MATCH(1, (PLAYER_STAT!A$2:A64 = MATCH_DATES!$A$3) * (PLAYER_STAT!D$2:D64 = $B13), 0) ), "" )} | Y13: =RANK(P13, P$3:P$38, 0) -> 20 | Z13: =IF(Y13<M13, "↑", IF(Y13>M13, "↓", "=")) -> ↓ | AA13: MAGENTA | AB13: =SUM(AC13:AD13)+P13+AI13 -> 11 | AC13: =COUNTA(AA13)*2 -> 2 | AD13: =SUM(AE13*2)+(AF13*1) -> 2 | AE13: =IF(AA13<>"", COUNTIFS(MATCH_INPUT!$K$10:$K$13,AA13), 0) -> 1 | AF13: =IF(AA13<>"", COUNTIFS(MATCH_INPUT!$F$10:$F$13, AA13, MATCH_INPUT!$K$10:$K$13, "Draw") + COUNTIFS(MATCH_INPUT!$J$10:$J$13, AA13, MATCH_INPUT!$K$10:$K$13, "Draw"), 0) -> 0 | AG13: =IF(AA13<>"", COUNTIFS(MATCH_INPUT!$F$10:$F$13, AA13, MATCH_INPUT!$K$10:$K$13, "<>"&AA13, MATCH_INPUT!$K$10:$K$13, "<>Draw", MATCH_INPUT!$K$10:$K$13, "<>""") + COUNTIFS(MATCH_INPUT!$J$10:$J$13, AA13, MATCH_INPUT!$K$10:$K$13, "<>"&AA13, MATCH_INPUT!$K$10:$K$13, "<>Draw", MATCH_INPUT!$K$10:$K$13, "<>"""), 0) -> 1 | AH13: {=IFERROR( INDEX(PLAYER_STAT!E$2:E64, MATCH(1, (PLAYER_STAT!A$2:A64 = MATCH_DATES!$A$4) * (PLAYER_STAT!D$2:D64 = $B13), 0) ), "" )} | AI13: {=IFERROR( INDEX(PLAYER_STAT!F$2:F64, MATCH(1, (PLAYER_STAT!A$2:A64 = MATCH_DATES!$A$4) * (PLAYER_STAT!D$2:D64 = $B13), 0) ), "" )} | AJ13: {=IFERROR( INDEX(PLAYER_STAT!G$2:G64, MATCH(1, (PLAYER_STAT!A$2:A64 = MATCH_DATES!$A$4) * (PLAYER_STAT!D$2:D64 = $B13), 0) ), "" )} | AK13: =RANK(AB13, AB$3:AB$38, 0) -> 21 | AL13: =IF(AK13<Y13, "↑", IF(AK13>Y13, "↓", "=")) -> ↓ | AM13: ORANGE | AN13: =SUM(AO13:AP13)+AB13+AU13 -> 15 | AO13: =COUNTA(AM13)*2 -> 2 | AP13: =SUM(AQ13*2)+(AR13*1) -> 2 | AQ13: =IF(AM13<>"", COUNTIFS(MATCH_INPUT!$K$14:$K$17,AM13), 0) -> 1 | AR13: =IF(AM13<>"", COUNTIFS(MATCH_INPUT!$F$14:$F$17, AM13, MATCH_INPUT!$K$14:$K$17, "Draw") + COUNTIFS(MATCH_INPUT!$J$14:$J$17, AM13, MATCH_INPUT!$K$14:$K$17, "Draw"), 0) -> 0 | AS13: =IF(AM13<>"", COUNTIFS(MATCH_INPUT!$F$14:$F$17, AM13, MATCH_INPUT!$K$14:$K$17, "<>"&AM13, MATCH_INPUT!$K$14:$K$17, "<>Draw", MATCH_INPUT!$K$14:$K$17, "<>""") + COUNTIFS(MATCH_INPUT!$J$14:$J$17, AM13, MATCH_INPUT!$K$14:$K$17, "<>"&AM13, MATCH_INPUT!$K$14:$K$17, "<>Draw", MATCH_INPUT!$K$14:$K$17, "<>"""), 0) -> 1 | AT13: {=IFERROR( INDEX(PLAYER_STAT!E$2:E64, MATCH(1, (PLAYER_STAT!A$2:A64 = MATCH_DATES!$A$5) * (PLAYER_STAT!D$2:D64 = $B13), 0) ), "" )} | AU13: {=IFERROR( INDEX(PLAYER_STAT!F$2:F64, MATCH(1, (PLAYER_STAT!A$2:A64 = MATCH_DATES!$A$5) * (PLAYER_STAT!D$2:D64 = $B13), 0) ), "" )} | AV13: {=IFERROR( INDEX(PLAYER_STAT!G$2:G64, MATCH(1, (PLAYER_STAT!A$2:A64 = MATCH_DATES!$A$5) * (PLAYER_STAT!D$2:D64 = $B13), 0) ), "" )} | AW13: =RANK(AN13, AN$3:AN$38, 0) -> 16 | AX13: =IF(AW13<AK13, "↑", IF(AW13>AK13, "↓", "=")) -> ↑ | AY13: ORANGE | AZ13: =SUM(BA13:BB13)+BG13+AN13 -> 18 | BA13: =COUNTA(AY13)*2 -> 2 | BB13: =SUM(BC13*2) + (BD13*1) + SUMIFS(MATCH_INPUT!$G$18:$G$21, MATCH_INPUT!$F$18:$F$21, AY13) + SUMIFS(MATCH_INPUT!$I$18:$I$21, MATCH_INPUT!$J$18:$J$21, AY13) -> 1 | BC13: =IF(AY13<>"", COUNTIFS(MATCH_INPUT!$K$18:$K$21,AY13), 0) -> 0 | BD13: =IF(AY13<>"", COUNTIFS(MATCH_INPUT!$F$18:$F$21, AY13, MATCH_INPUT!$K$18:$K$21, "Draw") + COUNTIFS(MATCH_INPUT!$J$18:$J$21, AY13, MATCH_INPUT!$K$18:$K$21, "Draw"), 0) -> 0 | BE13: =IF(AY13<>"", COUNTIFS(MATCH_INPUT!$F$18:$F$21, AY13, MATCH_INPUT!$K$18:$K$21, "<>"&AY13, MATCH_INPUT!$K$18:$K$21, "<>Draw", MATCH_INPUT!$K$18:$K$21, "<>""") + COUNTIFS(MATCH_INPUT!$J$18:$J$21, AY13, MATCH_INPUT!$K$18:$K$21, "<>"&AY13, MATCH_INPUT!$K$18:$K$21, "<>Draw", MATCH_INPUT!$K$18:$K$21, "<>"""), 0) -> 2 | BF13: {=IFERROR( INDEX(PLAYER_STAT!E$2:E64, MATCH(1, (PLAYER_STAT!A$2:A64 = MATCH_DATES!$A$6) * (PLAYER_STAT!D$2:D64 = $B13), 0) ), "" )} | BG13: {=IFERROR( INDEX(PLAYER_STAT!F$2:F64, MATCH(1, (PLAYER_STAT!A$2:A64 = MATCH_DATES!$A$6) * (PLAYER_STAT!D$2:D64 = $B13), 0) ), "" )} | BH13: {=IFERROR( INDEX(PLAYER_STAT!G$2:G64, MATCH(1, (PLAYER_STAT!A$2:A64 = MATCH_DATES!$A$6) * (PLAYER_STAT!D$2:D64 = $B13), 0) ), "" )} | BI13: =RANK(AZ13, AZ$3:AZ$38, 0) -> 24 | BJ13: =IF(BI13<AW13, "↑", IF(BI13>AW13, "↓", "=")) -> ↓ | BL13: =SUM(BM13:BN13)+BS13+AZ13 -> 18 | BM13: =COUNTA(BK13)*2 -> 0 | BN13: =SUM(BO13*2) + (BP13*1) + SUMIFS(MATCH_INPUT!$G$22:$G$25, MATCH_INPUT!$F$22:$F$25, BK13) + SUMIFS(MATCH_INPUT!$I$22:$I$25, MATCH_INPUT!$J$22:$J$25, BK13) -> 0 | BO13: =IF(BK13<>"", COUNTIFS(MATCH_INPUT!$K$22:$K$25,BK13), 0) -> 0 | BP13: =IF(BK13<>"", COUNTIFS(MATCH_INPUT!$F$22:$F$25, BK13, MATCH_INPUT!$K$22:$K$25, "Draw") + COUNTIFS(MATCH_INPUT!$J$22:$J$25, BK13, MATCH_INPUT!$K$22:$K$25, "Draw"), 0) -> 0 | BQ13: =IF(BK13<>"", COUNTIFS(MATCH_INPUT!$F$22:$F$25, BK13, MATCH_INPUT!$K$22:$K$25, "<>"&BK13, MATCH_INPUT!$K$22:$K$25, "<>Draw", MATCH_INPUT!$K$22:$K$25, "<>""") + COUNTIFS(MATCH_INPUT!$J$22:$J$25, BK13, MATCH_INPUT!$K$22:$K$25, "<>"&BK13, MATCH_INPUT!$K$22:$K$25, "<>Draw", MATCH_INPUT!$K$22:$K$25, "<>"""), 0) -> 0 | BR13: {=IFERROR( INDEX(PLAYER_STAT!E$2:E64, MATCH(1, (PLAYER_STAT!A$2:A64 = MATCH_DATES!$A$7) * (PLAYER_STAT!D$2:D64 = $B13), 0) ), "" )} | BS13: {=IFERROR( INDEX(PLAYER_STAT!F$2:F64, MATCH(1, (PLAYER_STAT!A$2:A64 = MATCH_DATES!$A$7) * (PLAYER_STAT!D$2:D64 = $B13), 0) ), "" )} | BT13: {=IFERROR( INDEX(PLAYER_STAT!G$2:G64, MATCH(1, (PLAYER_STAT!A$2:A64 = MATCH_DATES!$A$7) * (PLAYER_STAT!D$2:D64 = $B13), 0) ), "" )} | BU13: =RANK(BL13, BL$3:BL$38, 0) -> 31 | BV13: =IF(BU13<BI13, "↑", IF(BU13>BI13, "↓", "=")) -> ↓ | BW13: GREEN | BX13: =SUM(BY13:BZ13)+CE13+BL13 -> 26 | BY13: =COUNTA(BW13)*2 -> 2 | BZ13: =SUM(CA13*2)+(CB13*1) + SUMIFS(MATCH_INPUT!$G$26:$G$29, MATCH_INPUT!$F$26:$F$29, BW13) + SUMIFS(MATCH_INPUT!$I$26:$I$29, MATCH_INPUT!$J$26:$J$29, BW13) -> 6 | CA13: =IF(BW13<>"", COUNTIFS(MATCH_INPUT!$K$26:$K$29,BW13), 0) -> 1 | CB13: =IF(BW13<>"", COUNTIFS(MATCH_INPUT!$F$26:$F$29, BW13, MATCH_INPUT!$K$26:$K$29, "Draw") + COUNTIFS(MATCH_INPUT!$J$26:$J$29, BW13, MATCH_INPUT!$K$26:$K$29, "Draw"), 0) -> 1 | CC13: =IF(BW13<>"", COUNTIFS(MATCH_INPUT!$F$26:$F$29, BW13, MATCH_INPUT!$K$26:$K$29, "<>"&BW13, MATCH_INPUT!$K$26:$K$29, "<>Draw", MATCH_INPUT!$K$26:$K$29, "<>""") + COUNTIFS(MATCH_INPUT!$J$26:$J$29, BW13, MATCH_INPUT!$K$26:$K$29, "<>"&BW13, MATCH_INPUT!$K$26:$K$29, "<>Draw", MATCH_INPUT!$K$26:$K$29, "<>"""), 0) -> 0 | CD13: {=IFERROR( INDEX(PLAYER_STAT!E$2:E64, MATCH(1, (PLAYER_STAT!A$2:A64 = MATCH_DATES!$A$8) * (PLAYER_STAT!D$2:D64 = $B13), 0) ), "" )} | CE13: {=IFERROR( INDEX(PLAYER_STAT!F$2:F64, MATCH(1, (PLAYER_STAT!A$2:A64 = MATCH_DATES!$A$8) * (PLAYER_STAT!D$2:D64 = $B13), 0) ), "" )} | CF13: {=IFERROR( INDEX(PLAYER_STAT!G$2:G64, MATCH(1, (PLAYER_STAT!A$2:A64 = MATCH_DATES!$A$8) * (PLAYER_STAT!D$2:D64 = $B13), 0) ), "" )} | CG13: =RANK(BX13, BX$3:BX$38, 0) -> 29 | CH13: =IF(CG13<BU13, "↑", IF(CG13>BU13, "↓", "=")) -> ↑ | CI13: GREEN | CJ13: =SUM(CK13:CL13)+CQ13+BX13 -> 37 | CK13: =COUNTA(CI13)*2 -> 2 | CL13: =SUM(CM13*2)+(CN13*1) + SUMIFS(MATCH_INPUT!$G$30:$G$33, MATCH_INPUT!$F$30:$F$33, CI13) + SUMIFS(MATCH_INPUT!$I$30:$I$33, MATCH_INPUT!$J$30:$J$33, CI13) -> 9 | CM13: =IF(CI13<>"", COUNTIFS(MATCH_INPUT!$K$30:$K$33,CI13), 0) -> 1 | CN13: =IF(CI13<>"", COUNTIFS(MATCH_INPUT!$F$30:$F$33, CI13, MATCH_INPUT!$K$30:$K$33, "Draw") + COUNTIFS(MATCH_INPUT!$J$30:$J$33, CI13, MATCH_INPUT!$K$30:$K$33, "Draw"), 0) -> 1 | CO13: =IF(CI13<>"", COUNTIFS(MATCH_INPUT!$F$30:$F$33, CI13, MATCH_INPUT!$K$30:$K$33, "<>"&CI13, MATCH_INPUT!$K$30:$K$33, "<>Draw", MATCH_INPUT!$K$30:$K$33, "<>""") + COUNTIFS(MATCH_INPUT!$J$30:$J$33, CI13, MATCH_INPUT!$K$30:$K$33, "<>"&CI13, MATCH_INPUT!$K$30:$K$33, "<>Draw", MATCH_INPUT!$K$30:$K$33, "<>"""), 0) -> 0 | CP13: {=IFERROR( INDEX(PLAYER_STAT!E$2:E64, MATCH(1, (PLAYER_STAT!A$2:A64 = MATCH_DATES!$A$9) * (PLAYER_STAT!D$2:D64 = $B13), 0) ), "" )} | CQ13: {=IFERROR( INDEX(PLAYER_STAT!F$2:F64, MATCH(1, (PLAYER_STAT!A$2:A64 = MATCH_DATES!$A$9) * (PLAYER_STAT!D$2:D64 = $B13), 0) ), "" )} | CR13: {=IFERROR( INDEX(PLAYER_STAT!G$2:G64, MATCH(1, (PLAYER_STAT!A$2:A64 = MATCH_DATES!$A$9) * (PLAYER_STAT!D$2:D64 = $B13), 0) ), "" )} | CS13: =RANK(CJ13, CJ$3:CJ$38, 0) -> 28 | CT13: =IF(CS13<CG13, "↑", IF(CS13>CG13, "↓", "=")) -> ↑ | CU13: =SUM(F13,R13,AD13,AP13,BB13,BN13,BZ13,CL13) -> 24 | CV13: =A13 -> 🍂🎃 | CW13: =B13 -> Enerson | CX13: =SUM(CU13,CY13,DD13) -> 37 | CY13: =SUM( IF(AND(MATCH_DATES!$A$2 <= TODAY(), NOW() >= MATCH_DATES!$A$2 + TIME(22, 0, 0)), E13, 0), IF(AND(MATCH_DATES!$A$3 <= TODAY(), NOW() >= MATCH_DATES!$A$3 + TIME(22, 0, 0)), Q13, 0), IF(AND(MATCH_DATES!$A$4 <= TODAY(), NOW() >= MATCH_DATES!$A$4 + TIME(22, 0, 0)), AC13, 0), IF(AND(MATCH_DATES!$A$5 <= TODAY(), NOW() >= MATCH_DATES!$A$5 + TIME(22, 0, 0)), AO13, 0), IF(AND(MATCH_DATES!$A$6 <= TODAY(), NOW() >= MATCH_DATES!$A$6 + TIME(22, 0, 0)), BA13, 0), IF(AND(MATCH_DATES!$A$7 <= TODAY(), NOW() >= MATCH_DATES!$A$7 + TIME(22, 0, 0)), BM13, 0), IF(AND(MATCH_DATES!$A$8 <= TODAY(), NOW() >= MATCH_DATES!$A$8 + TIME(22, 0, 0)), BY13, 0), IF(AND(MATCH_DATES!$A$9 <= TODAY(), NOW() >= MATCH_DATES!$A$9 + TIME(22, 0, 0)), CK13, 0) ) -> 12 | CZ13: =SUM(G13,S13,AE13,AQ13,BC13,BO13,CA13,CM13) -> 6 | DA13: =SUM(H13,T13,AF13,AR13,BD13,BP13,CB13,CN13) -> 2 | DB13: =SUM( IF(AND(MATCH_DATES!$A$2 <= TODAY(), NOW() >= MATCH_DATES!$A$2 + TIME(22, 0, 0)), I13, 0), IF(AND(MATCH_DATES!$A$3 <= TODAY(), NOW() >= MATCH_DATES!$A$3 + TIME(22, 0, 0)), U13, 0), IF(AND(MATCH_DATES!$A$4 <= TODAY(), NOW() >= MATCH_DATES!$A$4 + TIME(22, 0, 0)), AG13, 0), IF(AND(MATCH_DATES!$A$5 <= TODAY(), NOW() >= MATCH_DATES!$A$5 + TIME(22, 0, 0)), AS13, 0), IF(AND(MATCH_DATES!$A$6 <= TODAY(), NOW() >= MATCH_DATES!$A$6 + TIME(22, 0, 0)), BE13, 0), IF(AND(MATCH_DATES!$A$7 <= TODAY(), NOW() >= MATCH_DATES!$A$7 + TIME(22, 0, 0)), BQ13, 0), IF(AND(MATCH_DATES!$A$8 <= TODAY(), NOW() >= MATCH_DATES!$A$8 + TIME(22, 0, 0)), CC13, 0), IF(AND(MATCH_DATES!$A$9 <= TODAY(), NOW() >= MATCH_DATES!$A$9 + TIME(22, 0, 0)), CO13, 0) ) -> 4 | DC13: =sum(J13,V13,AH13,AT13,BF13,BR13,CD13,CP13) -> 0 | DD13: =SUM(K13,W13,AI13,AU13,BG13,BS13,CE13,CQ13) -> 1 | DE13: =SUM(L13,X13,AJ13,AV13,BH13,BT13,CF13,CR13) -> 1
A14: 🍂🎃 | B14: Fabián 👬 Asdruval | C14: GREEN | D14: =SUM(E14:F14)+K14 -> 4 | E14: =COUNTA(C14)*2 -> 2 | F14: =(G14*2)+(H14*1) -> 2 | G14: =IF(C14<>"", COUNTIFS(MATCH_INPUT!$K$2:$K$5,C14), 0) -> 1 | H14: =IF(C14<>"", COUNTIFS(MATCH_INPUT!$F$2:$F$5, C14, MATCH_INPUT!$K$2:$K$5, "Draw") + COUNTIFS(MATCH_INPUT!$J$2:$J$5, C14, MATCH_INPUT!$K$2:$K$5, "Draw"), 0) -> 0 | I14: =IF(C14<>"", COUNTIFS(MATCH_INPUT!$F$2:$F$5, C14, MATCH_INPUT!$K$2:$K$5, "<>"&C14, MATCH_INPUT!$K$2:$K$5, "<>Draw", MATCH_INPUT!$K$2:$K$5, "<>""") + COUNTIFS(MATCH_INPUT!$J$2:$J$5, C14, MATCH_INPUT!$K$2:$K$5, "<>"&C14, MATCH_INPUT!$K$2:$K$5, "<>Draw", MATCH_INPUT!$K$2:$K$5, "<>"""), 0) -> 1 | J14: {=IFERROR( INDEX(PLAYER_STAT!E$2:E64, MATCH(1, (PLAYER_STAT!A$2:A64 = MATCH_DATES!$A$2) * (PLAYER_STAT!D$2:D64 = $B14), 0) ), "" )} | K14: {=IFERROR( INDEX(PLAYER_STAT!F$2:F64, MATCH(1, (PLAYER_STAT!A$2:A64 = MATCH_DATES!$A$2) * (PLAYER_STAT!D$2:D64 = $B14), 0) ), "" )} | L14: {=IFERROR( INDEX(PLAYER_STAT!G$2:G64, MATCH(1, (PLAYER_STAT!A$2:A64 = MATCH_DATES!$A$2) * (PLAYER_STAT!D$2:D64 = $B14), 0) ), "" )} | M14: =RANK(D14, D$3:D$39, 0) -> 11 | N14: =IF(M14<1, "↑", IF(M14>1, "↓", "=")) -> ↓ | O14: BLUE | P14: =SUM(Q14:R14)+D14+W14 -> 9 | Q14: =COUNTA(O14)*2 -> 2 | R14: =(S14*2)+(T14*1) -> 3 | S14: =IF(O14<>"", COUNTIFS(MATCH_INPUT!$K$6:$K$9,O14), 0) -> 1 | T14: =IF(O14<>"", COUNTIFS(MATCH_INPUT!$F$6:$F$9, O14, MATCH_INPUT!$K$6:$K$9, "Draw") + COUNTIFS(MATCH_INPUT!$J$6:$J$9, O14, MATCH_INPUT!$K$6:$K$9, "Draw"), 0) -> 1 | U14: =IF(O14<>"", COUNTIFS(MATCH_INPUT!$F$6:$F$9, O14, MATCH_INPUT!$K$6:$K$9, "<>"&O14, MATCH_INPUT!$K$6:$K$9, "<>Draw", MATCH_INPUT!$K$6:$K$9, "<>""") + COUNTIFS(MATCH_INPUT!$J$6:$J$9, O14, MATCH_INPUT!$K$6:$K$9, "<>"&O14, MATCH_INPUT!$K$6:$K$9, "<>Draw", MATCH_INPUT!$K$6:$K$9, "<>"""), 0) -> 0 | V14: {=IFERROR( INDEX(PLAYER_STAT!E$2:E64, MATCH(1, (PLAYER_STAT!A$2:A64 = MATCH_DATES!$A$3) * (PLAYER_STAT!D$2:D64 = $B14), 0) ), "" )} | W14: {=IFERROR( INDEX(PLAYER_STAT!F$2:F64, MATCH(1, (PLAYER_STAT!A$2:A64 = MATCH_DATES!$A$3) * (PLAYER_STAT!D$2:D64 = $B14), 0) ), "" )} | X14: {=IFERROR( INDEX(PLAYER_STAT!G$2:G64, MATCH(1, (PLAYER_STAT!A$2:A64 = MATCH_DATES!$A$3) * (PLAYER_STAT!D$2:D64 = $B14), 0) ), "" )} | Y14: =RANK(P14, P$3:P$38, 0) -> 9 | Z14: =IF(Y14<M14, "↑", IF(Y14>M14, "↓", "=")) -> ↑ | AA14: GREEN | AB14: =SUM(AC14:AD14)+P14+AI14 -> 15 | AC14: =COUNTA(AA14)*2 -> 2 | AD14: =SUM(AE14*2)+(AF14*1) -> 4 | AE14: =IF(AA14<>"", COUNTIFS(MATCH_INPUT!$K$10:$K$13,AA14), 0) -> 2 | AF14: =IF(AA14<>"", COUNTIFS(MATCH_INPUT!$F$10:$F$13, AA14, MATCH_INPUT!$K$10:$K$13, "Draw") + COUNTIFS(MATCH_INPUT!$J$10:$J$13, AA14, MATCH_INPUT!$K$10:$K$13, "Draw"), 0) -> 0 | AG14: =IF(AA14<>"", COUNTIFS(MATCH_INPUT!$F$10:$F$13, AA14, MATCH_INPUT!$K$10:$K$13, "<>"&AA14, MATCH_INPUT!$K$10:$K$13, "<>Draw", MATCH_INPUT!$K$10:$K$13, "<>""") + COUNTIFS(MATCH_INPUT!$J$10:$J$13, AA14, MATCH_INPUT!$K$10:$K$13, "<>"&AA14, MATCH_INPUT!$K$10:$K$13, "<>Draw", MATCH_INPUT!$K$10:$K$13, "<>"""), 0) -> 0 | AH14: {=IFERROR( INDEX(PLAYER_STAT!E$2:E64, MATCH(1, (PLAYER_STAT!A$2:A64 = MATCH_DATES!$A$4) * (PLAYER_STAT!D$2:D64 = $B14), 0) ), "" )} | AI14: {=IFERROR( INDEX(PLAYER_STAT!F$2:F64, MATCH(1, (PLAYER_STAT!A$2:A64 = MATCH_DATES!$A$4) * (PLAYER_STAT!D$2:D64 = $B14), 0) ), "" )} | AJ14: {=IFERROR( INDEX(PLAYER_STAT!G$2:G64, MATCH(1, (PLAYER_STAT!A$2:A64 = MATCH_DATES!$A$4) * (PLAYER_STAT!D$2:D64 = $B14), 0) ), "" )} | AK14: =RANK(AB14, AB$3:AB$38, 0) -> 1 | AL14: =IF(AK14<Y14, "↑", IF(AK14>Y14, "↓", "=")) -> ↑ | AM14: GREEN | AN14: =SUM(AO14:AP14)+AB14+AU14 -> 21 | AO14: =COUNTA(AM14)*2 -> 2 | AP14: =SUM(AQ14*2)+(AR14*1) -> 4 | AQ14: =IF(AM14<>"", COUNTIFS(MATCH_INPUT!$K$14:$K$17,AM14), 0) -> 2 | AR14: =IF(AM14<>"", COUNTIFS(MATCH_INPUT!$F$14:$F$17, AM14, MATCH_INPUT!$K$14:$K$17, "Draw") + COUNTIFS(MATCH_INPUT!$J$14:$J$17, AM14, MATCH_INPUT!$K$14:$K$17, "Draw"), 0) -> 0 | AS14: =IF(AM14<>"", COUNTIFS(MATCH_INPUT!$F$14:$F$17, AM14, MATCH_INPUT!$K$14:$K$17, "<>"&AM14, MATCH_INPUT!$K$14:$K$17, "<>Draw", MATCH_INPUT!$K$14:$K$17, "<>""") + COUNTIFS(MATCH_INPUT!$J$14:$J$17, AM14, MATCH_INPUT!$K$14:$K$17, "<>"&AM14, MATCH_INPUT!$K$14:$K$17, "<>Draw", MATCH_INPUT!$K$14:$K$17, "<>"""), 0) -> 0 | AT14: {=IFERROR( INDEX(PLAYER_STAT!E$2:E64, MATCH(1, (PLAYER_STAT!A$2:A64 = MATCH_DATES!$A$5) * (PLAYER_STAT!D$2:D64 = $B14), 0) ), "" )} | AU14: {=IFERROR( INDEX(PLAYER_STAT!F$2:F64, MATCH(1, (PLAYER_STAT!A$2:A64 = MATCH_DATES!$A$5) * (PLAYER_STAT!D$2:D64 = $B14), 0) ), "" )} | AV14: {=IFERROR( INDEX(PLAYER_STAT!G$2:G64, MATCH(1, (PLAYER_STAT!A$2:A64 = MATCH_DATES!$A$5) * (PLAYER_STAT!D$2:D64 = $B14), 0) ), "" )} | AW14: =RANK(AN14, AN$3:AN$38, 0) -> 1 | AX14: =IF(AW14<AK14, "↑", IF(AW14>AK14, "↓", "=")) -> = | AZ14: =SUM(BA14:BB14)+BG14+AN14 -> 21 | BA14: =COUNTA(AY14)*2 -> 0 | BB14: =SUM(BC14*2) + (BD14*1) + SUMIFS(MATCH_INPUT!$G$18:$G$21, MATCH_INPUT!$F$18:$F$21, AY14) + SUMIFS(MATCH_INPUT!$I$18:$I$21, MATCH_INPUT!$J$18:$J$21, AY14) -> 0 | BC14: =IF(AY14<>"", COUNTIFS(MATCH_INPUT!$K$18:$K$21,AY14), 0) -> 0 | BD14: =IF(AY14<>"", COUNTIFS(MATCH_INPUT!$F$18:$F$21, AY14, MATCH_INPUT!$K$18:$K$21, "Draw") + COUNTIFS(MATCH_INPUT!$J$18:$J$21, AY14, MATCH_INPUT!$K$18:$K$21, "Draw"), 0) -> 0 | BE14: =IF(AY14<>"", COUNTIFS(MATCH_INPUT!$F$18:$F$21, AY14, MATCH_INPUT!$K$18:$K$21, "<>"&AY14, MATCH_INPUT!$K$18:$K$21, "<>Draw", MATCH_INPUT!$K$18:$K$21, "<>""") + COUNTIFS(MATCH_INPUT!$J$18:$J$21, AY14, MATCH_INPUT!$K$18:$K$21, "<>"&AY14, MATCH_INPUT!$K$18:$K$21, "<>Draw", MATCH_INPUT!$K$18:$K$21, "<>"""), 0) -> 0 | BF14: {=IFERROR( INDEX(PLAYER_STAT!E$2:E64, MATCH(1, (PLAYER_STAT!A$2:A64 = MATCH_DATES!$A$6) * (PLAYER_STAT!D$2:D64 = $B14), 0) ), "" )} | BG14: {=IFERROR( INDEX(PLAYER_STAT!F$2:F64, MATCH(1, (PLAYER_STAT!A$2:A64 = MATCH_DATES!$A$6) * (PLAYER_STAT!D$2:D64 = $B14), 0) ), "" )} | BH14: {=IFERROR( INDEX(PLAYER_STAT!G$2:G64, MATCH(1, (PLAYER_STAT!A$2:A64 = MATCH_DATES!$A$6) * (PLAYER_STAT!D$2:D64 = $B14), 0) ), "" )} | BI14: =RANK(AZ14, AZ$3:AZ$38, 0) -> 18 | BJ14: =IF(BI14<AW14, "↑", IF(BI14>AW14, "↓", "=")) -> ↓ | BK14: ORANGE | BL14: =SUM(BM14:BN14)+BS14+AZ14 -> 35 | BM14: =COUNTA(BK14)*2 -> 2 | BN14: =SUM(BO14*2) + (BP14*1) + SUMIFS(MATCH_INPUT!$G$22:$G$25, MATCH_INPUT!$F$22:$F$25, BK14) + SUMIFS(MATCH_INPUT!$I$22:$I$25, MATCH_INPUT!$J$22:$J$25, BK14) -> 12 | BO14: =IF(BK14<>"", COUNTIFS(MATCH_INPUT!$K$22:$K$25,BK14), 0) -> 2 | BP14: =IF(BK14<>"", COUNTIFS(MATCH_INPUT!$F$22:$F$25, BK14, MATCH_INPUT!$K$22:$K$25, "Draw") + COUNTIFS(MATCH_INPUT!$J$22:$J$25, BK14, MATCH_INPUT!$K$22:$K$25, "Draw"), 0) -> 0 | BQ14: =IF(BK14<>"", COUNTIFS(MATCH_INPUT!$F$22:$F$25, BK14, MATCH_INPUT!$K$22:$K$25, "<>"&BK14, MATCH_INPUT!$K$22:$K$25, "<>Draw", MATCH_INPUT!$K$22:$K$25, "<>""") + COUNTIFS(MATCH_INPUT!$J$22:$J$25, BK14, MATCH_INPUT!$K$22:$K$25, "<>"&BK14, MATCH_INPUT!$K$22:$K$25, "<>Draw", MATCH_INPUT!$K$22:$K$25, "<>"""), 0) -> 0 | BR14: {=IFERROR( INDEX(PLAYER_STAT!E$2:E64, MATCH(1, (PLAYER_STAT!A$2:A64 = MATCH_DATES!$A$7) * (PLAYER_STAT!D$2:D64 = $B14), 0) ), "" )} | BS14: {=IFERROR( INDEX(PLAYER_STAT!F$2:F64, MATCH(1, (PLAYER_STAT!A$2:A64 = MATCH_DATES!$A$7) * (PLAYER_STAT!D$2:D64 = $B14), 0) ), "" )} | BT14: {=IFERROR( INDEX(PLAYER_STAT!G$2:G64, MATCH(1, (PLAYER_STAT!A$2:A64 = MATCH_DATES!$A$7) * (PLAYER_STAT!D$2:D64 = $B14), 0) ), "" )} | BU14: =RANK(BL14, BL$3:BL$38, 0) -> 8 | BV14: =IF(BU14<BI14, "↑", IF(BU14>BI14, "↓", "=")) -> ↑ | BW14: BLUE | BX14: =SUM(BY14:BZ14)+CE14+BL14 -> 51 | BY14: =COUNTA(BW14)*2 -> 2 | BZ14: =SUM(CA14*2)+(CB14*1) + SUMIFS(MATCH_INPUT!$G$26:$G$29, MATCH_INPUT!$F$26:$F$29, BW14) + SUMIFS(MATCH_INPUT!$I$26:$I$29, MATCH_INPUT!$J$26:$J$29, BW14) -> 14 | CA14: =IF(BW14<>"", COUNTIFS(MATCH_INPUT!$K$26:$K$29,BW14), 0) -> 2 | CB14: =IF(BW14<>"", COUNTIFS(MATCH_INPUT!$F$26:$F$29, BW14, MATCH_INPUT!$K$26:$K$29, "Draw") + COUNTIFS(MATCH_INPUT!$J$26:$J$29, BW14, MATCH_INPUT!$K$26:$K$29, "Draw"), 0) -> 0 | CC14: =IF(BW14<>"", COUNTIFS(MATCH_INPUT!$F$26:$F$29, BW14, MATCH_INPUT!$K$26:$K$29, "<>"&BW14, MATCH_INPUT!$K$26:$K$29, "<>Draw", MATCH_INPUT!$K$26:$K$29, "<>""") + COUNTIFS(MATCH_INPUT!$J$26:$J$29, BW14, MATCH_INPUT!$K$26:$K$29, "<>"&BW14, MATCH_INPUT!$K$26:$K$29, "<>Draw", MATCH_INPUT!$K$26:$K$29, "<>"""), 0) -> 0 | CD14: {=IFERROR( INDEX(PLAYER_STAT!E$2:E64, MATCH(1, (PLAYER_STAT!A$2:A64 = MATCH_DATES!$A$8) * (PLAYER_STAT!D$2:D64 = $B14), 0) ), "" )} | CE14: {=IFERROR( INDEX(PLAYER_STAT!F$2:F64, MATCH(1, (PLAYER_STAT!A$2:A64 = MATCH_DATES!$A$8) * (PLAYER_STAT!D$2:D64 = $B14), 0) ), "" )} | CF14: {=IFERROR( INDEX(PLAYER_STAT!G$2:G64, MATCH(1, (PLAYER_STAT!A$2:A64 = MATCH_DATES!$A$8) * (PLAYER_STAT!D$2:D64 = $B14), 0) ), "" )} | CG14: =RANK(BX14, BX$3:BX$38, 0) -> 3 | CH14: =IF(CG14<BU14, "↑", IF(CG14>BU14, "↓", "=")) -> ↑ | CI14: ORANGE | CJ14: =SUM(CK14:CL14)+CQ14+BX14 -> 57 | CK14: =COUNTA(CI14)*2 -> 2 | CL14: =SUM(CM14*2)+(CN14*1) + SUMIFS(MATCH_INPUT!$G$30:$G$33, MATCH_INPUT!$F$30:$F$33, CI14) + SUMIFS(MATCH_INPUT!$I$30:$I$33, MATCH_INPUT!$J$30:$J$33, CI14) -> 4 | CM14: =IF(CI14<>"", COUNTIFS(MATCH_INPUT!$K$30:$K$33,CI14), 0) -> 0 | CN14: =IF(CI14<>"", COUNTIFS(MATCH_INPUT!$F$30:$F$33, CI14, MATCH_INPUT!$K$30:$K$33, "Draw") + COUNTIFS(MATCH_INPUT!$J$30:$J$33, CI14, MATCH_INPUT!$K$30:$K$33, "Draw"), 0) -> 0 | CO14: =IF(CI14<>"", COUNTIFS(MATCH_INPUT!$F$30:$F$33, CI14, MATCH_INPUT!$K$30:$K$33, "<>"&CI14, MATCH_INPUT!$K$30:$K$33, "<>Draw", MATCH_INPUT!$K$30:$K$33, "<>""") + COUNTIFS(MATCH_INPUT!$J$30:$J$33, CI14, MATCH_INPUT!$K$30:$K$33, "<>"&CI14, MATCH_INPUT!$K$30:$K$33, "<>Draw", MATCH_INPUT!$K$30:$K$33, "<>"""), 0) -> 2 | CP14: {=IFERROR( INDEX(PLAYER_STAT!E$2:E64, MATCH(1, (PLAYER_STAT!A$2:A64 = MATCH_DATES!$A$9) * (PLAYER_STAT!D$2:D64 = $B14), 0) ), "" )} -> 1 | CQ14: {=IFERROR( INDEX(PLAYER_STAT!F$2:F64, MATCH(1, (PLAYER_STAT!A$2:A64 = MATCH_DATES!$A$9) * (PLAYER_STAT!D$2:D64 = $B14), 0) ), "" )} -> 0 | CR14: {=IFERROR( INDEX(PLAYER_STAT!G$2:G64, MATCH(1, (PLAYER_STAT!A$2:A64 = MATCH_DATES!$A$9) * (PLAYER_STAT!D$2:D64 = $B14), 0) ), "" )} -> 0 | CS14: =RANK(CJ14, CJ$3:CJ$38, 0) -> 5 | CT14: =IF(CS14<CG14, "↑", IF(CS14>CG14, "↓", "=")) -> ↓ | CU14: =SUM(F14,R14,AD14,AP14,BB14,BN14,BZ14,CL14) -> 43 | CV14: =A14 -> 🍂🎃 | CW14: =B14 -> Fabián 👬 Asdruval | CX14: =SUM(CU14,CY14,DD14) -> 57 | CY14: =SUM( IF(AND(MATCH_DATES!$A$2 <= TODAY(), NOW() >= MATCH_DATES!$A$2 + TIME(22, 0, 0)), E14, 0), IF(AND(MATCH_DATES!$A$3 <= TODAY(), NOW() >= MATCH_DATES!$A$3 + TIME(22, 0, 0)), Q14, 0), IF(AND(MATCH_DATES!$A$4 <= TODAY(), NOW() >= MATCH_DATES!$A$4 + TIME(22, 0, 0)), AC14, 0), IF(AND(MATCH_DATES!$A$5 <= TODAY(), NOW() >= MATCH_DATES!$A$5 + TIME(22, 0, 0)), AO14, 0), IF(AND(MATCH_DATES!$A$6 <= TODAY(), NOW() >= MATCH_DATES!$A$6 + TIME(22, 0, 0)), BA14, 0), IF(AND(MATCH_DATES!$A$7 <= TODAY(), NOW() >= MATCH_DATES!$A$7 + TIME(22, 0, 0)), BM14, 0), IF(AND(MATCH_DATES!$A$8 <= TODAY(), NOW() >= MATCH_DATES!$A$8 + TIME(22, 0, 0)), BY14, 0), IF(AND(MATCH_DATES!$A$9 <= TODAY(), NOW() >= MATCH_DATES!$A$9 + TIME(22, 0, 0)), CK14, 0) ) -> 14 | CZ14: =SUM(G14,S14,AE14,AQ14,BC14,BO14,CA14,CM14) -> 10 | DA14: =SUM(H14,T14,AF14,AR14,BD14,BP14,CB14,CN14) -> 1 | DB14: =SUM( IF(AND(MATCH_DATES!$A$2 <= TODAY(), NOW() >= MATCH_DATES!$A$2 + TIME(22, 0, 0)), I14, 0), IF(AND(MATCH_DATES!$A$3 <= TODAY(), NOW() >= MATCH_DATES!$A$3 + TIME(22, 0, 0)), U14, 0), IF(AND(MATCH_DATES!$A$4 <= TODAY(), NOW() >= MATCH_DATES!$A$4 + TIME(22, 0, 0)), AG14, 0), IF(AND(MATCH_DATES!$A$5 <= TODAY(), NOW() >= MATCH_DATES!$A$5 + TIME(22, 0, 0)), AS14, 0), IF(AND(MATCH_DATES!$A$6 <= TODAY(), NOW() >= MATCH_DATES!$A$6 + TIME(22, 0, 0)), BE14, 0), IF(AND(MATCH_DATES!$A$7 <= TODAY(), NOW() >= MATCH_DATES!$A$7 + TIME(22, 0, 0)), BQ14, 0), IF(AND(MATCH_DATES!$A$8 <= TODAY(), NOW() >= MATCH_DATES!$A$8 + TIME(22, 0, 0)), CC14, 0), IF(AND(MATCH_DATES!$A$9 <= TODAY(), NOW() >= MATCH_DATES!$A$9 + TIME(22, 0, 0)), CO14, 0) ) -> 3 | DC14: =sum(J14,V14,AH14,AT14,BF14,BR14,CD14,CP14) -> 1 | DD14: =SUM(K14,W14,AI14,AU14,BG14,BS14,CE14,CQ14) -> 0 | DE14: =SUM(L14,X14,AJ14,AV14,BH14,BT14,CF14,CR14) -> 0
A15: 🍂🎃 | B15: Fer 👬 Guille | C15: BLUE | D15: =SUM(E15:F15)+K15 -> 4 | E15: =COUNTA(C15)*2 -> 2 | F15: =(G15*2)+(H15*1) -> 2 | G15: =IF(C15<>"", COUNTIFS(MATCH_INPUT!$K$2:$K$5,C15), 0) -> 1 | H15: =IF(C15<>"", COUNTIFS(MATCH_INPUT!$F$2:$F$5, C15, MATCH_INPUT!$K$2:$K$5, "Draw") + COUNTIFS(MATCH_INPUT!$J$2:$J$5, C15, MATCH_INPUT!$K$2:$K$5, "Draw"), 0) -> 0 | I15: =IF(C15<>"", COUNTIFS(MATCH_INPUT!$F$2:$F$5, C15, MATCH_INPUT!$K$2:$K$5, "<>"&C15, MATCH_INPUT!$K$2:$K$5, "<>Draw", MATCH_INPUT!$K$2:$K$5, "<>""") + COUNTIFS(MATCH_INPUT!$J$2:$J$5, C15, MATCH_INPUT!$K$2:$K$5, "<>"&C15, MATCH_INPUT!$K$2:$K$5, "<>Draw", MATCH_INPUT!$K$2:$K$5, "<>"""), 0) -> 1 | J15: {=IFERROR( INDEX(PLAYER_STAT!E$2:E64, MATCH(1, (PLAYER_STAT!A$2:A64 = MATCH_DATES!$A$2) * (PLAYER_STAT!D$2:D64 = $B15), 0) ), "" )} | K15: {=IFERROR( INDEX(PLAYER_STAT!F$2:F64, MATCH(1, (PLAYER_STAT!A$2:A64 = MATCH_DATES!$A$2) * (PLAYER_STAT!D$2:D64 = $B15), 0) ), "" )} | L15: {=IFERROR( INDEX(PLAYER_STAT!G$2:G64, MATCH(1, (PLAYER_STAT!A$2:A64 = MATCH_DATES!$A$2) * (PLAYER_STAT!D$2:D64 = $B15), 0) ), "" )} | M15: =RANK(D15, D$3:D$39, 0) -> 11 | N15: =IF(M15<1, "↑", IF(M15>1, "↓", "=")) -> ↓ | P15: =SUM(Q15:R15)+D15+W15 -> 4 | Q15: =COUNTA(O15)*2 -> 0 | R15: =(S15*2)+(T15*1) -> 0 | S15: =IF(O15<>"", COUNTIFS(MATCH_INPUT!$K$6:$K$9,O15), 0) -> 0 | T15: =IF(O15<>"", COUNTIFS(MATCH_INPUT!$F$6:$F$9, O15, MATCH_INPUT!$K$6:$K$9, "Draw") + COUNTIFS(MATCH_INPUT!$J$6:$J$9, O15, MATCH_INPUT!$K$6:$K$9, "Draw"), 0) -> 0 | U15: =IF(O15<>"", COUNTIFS(MATCH_INPUT!$F$6:$F$9, O15, MATCH_INPUT!$K$6:$K$9, "<>"&O15, MATCH_INPUT!$K$6:$K$9, "<>Draw", MATCH_INPUT!$K$6:$K$9, "<>""") + COUNTIFS(MATCH_INPUT!$J$6:$J$9, O15, MATCH_INPUT!$K$6:$K$9, "<>"&O15, MATCH_INPUT!$K$6:$K$9, "<>Draw", MATCH_INPUT!$K$6:$K$9, "<>"""), 0) -> 0 | V15: {=IFERROR( INDEX(PLAYER_STAT!E$2:E64, MATCH(1, (PLAYER_STAT!A$2:A64 = MATCH_DATES!$A$3) * (PLAYER_STAT!D$2:D64 = $B15), 0) ), "" )} | W15: {=IFERROR( INDEX(PLAYER_STAT!F$2:F64, MATCH(1, (PLAYER_STAT!A$2:A64 = MATCH_DATES!$A$3) * (PLAYER_STAT!D$2:D64 = $B15), 0) ), "" )} | X15: {=IFERROR( INDEX(PLAYER_STAT!G$2:G64, MATCH(1, (PLAYER_STAT!A$2:A64 = MATCH_DATES!$A$3) * (PLAYER_STAT!D$2:D64 = $B15), 0) ), "" )} | Y15: =RANK(P15, P$3:P$38, 0) -> 32 | Z15: =IF(Y15<M15, "↑", IF(Y15>M15, "↓", "=")) -> ↓ | AA15: MAGENTA | AB15: =SUM(AC15:AD15)+P15+AI15 -> 9 | AC15: =COUNTA(AA15)*2 -> 2 | AD15: =SUM(AE15*2)+(AF15*1) -> 2 | AE15: =IF(AA15<>"", COUNTIFS(MATCH_INPUT!$K$10:$K$13,AA15), 0) -> 1 | AF15: =IF(AA15<>"", COUNTIFS(MATCH_INPUT!$F$10:$F$13, AA15, MATCH_INPUT!$K$10:$K$13, "Draw") + COUNTIFS(MATCH_INPUT!$J$10:$J$13, AA15, MATCH_INPUT!$K$10:$K$13, "Draw"), 0) -> 0 | AG15: =IF(AA15<>"", COUNTIFS(MATCH_INPUT!$F$10:$F$13, AA15, MATCH_INPUT!$K$10:$K$13, "<>"&AA15, MATCH_INPUT!$K$10:$K$13, "<>Draw", MATCH_INPUT!$K$10:$K$13, "<>""") + COUNTIFS(MATCH_INPUT!$J$10:$J$13, AA15, MATCH_INPUT!$K$10:$K$13, "<>"&AA15, MATCH_INPUT!$K$10:$K$13, "<>Draw", MATCH_INPUT!$K$10:$K$13, "<>"""), 0) -> 1 | AH15: {=IFERROR( INDEX(PLAYER_STAT!E$2:E64, MATCH(1, (PLAYER_STAT!A$2:A64 = MATCH_DATES!$A$4) * (PLAYER_STAT!D$2:D64 = $B15), 0) ), "" )} -> 0 | AI15: {=IFERROR( INDEX(PLAYER_STAT!F$2:F64, MATCH(1, (PLAYER_STAT!A$2:A64 = MATCH_DATES!$A$4) * (PLAYER_STAT!D$2:D64 = $B15), 0) ), "" )} -> 1 | AJ15: {=IFERROR( INDEX(PLAYER_STAT!G$2:G64, MATCH(1, (PLAYER_STAT!A$2:A64 = MATCH_DATES!$A$4) * (PLAYER_STAT!D$2:D64 = $B15), 0) ), "" )} -> 0 | AK15: =RANK(AB15, AB$3:AB$38, 0) -> 29 | AL15: =IF(AK15<Y15, "↑", IF(AK15>Y15, "↓", "=")) -> ↑ | AM15: MAGENTA | AN15: =SUM(AO15:AP15)+AB15+AU15 -> 11 | AO15: =COUNTA(AM15)*2 -> 2 | AP15: =SUM(AQ15*2)+(AR15*1) -> 0 | AQ15: =IF(AM15<>"", COUNTIFS(MATCH_INPUT!$K$14:$K$17,AM15), 0) -> 0 | AR15: =IF(AM15<>"", COUNTIFS(MATCH_INPUT!$F$14:$F$17, AM15, MATCH_INPUT!$K$14:$K$17, "Draw") + COUNTIFS(MATCH_INPUT!$J$14:$J$17, AM15, MATCH_INPUT!$K$14:$K$17, "Draw"), 0) -> 0 | AS15: =IF(AM15<>"", COUNTIFS(MATCH_INPUT!$F$14:$F$17, AM15, MATCH_INPUT!$K$14:$K$17, "<>"&AM15, MATCH_INPUT!$K$14:$K$17, "<>Draw", MATCH_INPUT!$K$14:$K$17, "<>""") + COUNTIFS(MATCH_INPUT!$J$14:$J$17, AM15, MATCH_INPUT!$K$14:$K$17, "<>"&AM15, MATCH_INPUT!$K$14:$K$17, "<>Draw", MATCH_INPUT!$K$14:$K$17, "<>"""), 0) -> 2 | AT15: {=IFERROR( INDEX(PLAYER_STAT!E$2:E64, MATCH(1, (PLAYER_STAT!A$2:A64 = MATCH_DATES!$A$5) * (PLAYER_STAT!D$2:D64 = $B15), 0) ), "" )} | AU15: {=IFERROR( INDEX(PLAYER_STAT!F$2:F64, MATCH(1, (PLAYER_STAT!A$2:A64 = MATCH_DATES!$A$5) * (PLAYER_STAT!D$2:D64 = $B15), 0) ), "" )} | AV15: {=IFERROR( INDEX(PLAYER_STAT!G$2:G64, MATCH(1, (PLAYER_STAT!A$2:A64 = MATCH_DATES!$A$5) * (PLAYER_STAT!D$2:D64 = $B15), 0) ), "" )} | AW15: =RANK(AN15, AN$3:AN$38, 0) -> 29 | AX15: =IF(AW15<AK15, "↑", IF(AW15>AK15, "↓", "=")) -> = | AY15: GREEN | AZ15: =SUM(BA15:BB15)+BG15+AN15 -> 24 | BA15: =COUNTA(AY15)*2 -> 2 | BB15: =SUM(BC15*2) + (BD15*1) + SUMIFS(MATCH_INPUT!$G$18:$G$21, MATCH_INPUT!$F$18:$F$21, AY15) + SUMIFS(MATCH_INPUT!$I$18:$I$21, MATCH_INPUT!$J$18:$J$21, AY15) -> 11 | BC15: =IF(AY15<>"", COUNTIFS(MATCH_INPUT!$K$18:$K$21,AY15), 0) -> 2 | BD15: =IF(AY15<>"", COUNTIFS(MATCH_INPUT!$F$18:$F$21, AY15, MATCH_INPUT!$K$18:$K$21, "Draw") + COUNTIFS(MATCH_INPUT!$J$18:$J$21, AY15, MATCH_INPUT!$K$18:$K$21, "Draw"), 0) -> 0 | BE15: =IF(AY15<>"", COUNTIFS(MATCH_INPUT!$F$18:$F$21, AY15, MATCH_INPUT!$K$18:$K$21, "<>"&AY15, MATCH_INPUT!$K$18:$K$21, "<>Draw", MATCH_INPUT!$K$18:$K$21, "<>""") + COUNTIFS(MATCH_INPUT!$J$18:$J$21, AY15, MATCH_INPUT!$K$18:$K$21, "<>"&AY15, MATCH_INPUT!$K$18:$K$21, "<>Draw", MATCH_INPUT!$K$18:$K$21, "<>"""), 0) -> 0 | BF15: {=IFERROR( INDEX(PLAYER_STAT!E$2:E64, MATCH(1, (PLAYER_STAT!A$2:A64 = MATCH_DATES!$A$6) * (PLAYER_STAT!D$2:D64 = $B15), 0) ), "" )} | BG15: {=IFERROR( INDEX(PLAYER_STAT!F$2:F64, MATCH(1, (PLAYER_STAT!A$2:A64 = MATCH_DATES!$A$6) * (PLAYER_STAT!D$2:D64 = $B15), 0) ), "" )} | BH15: {=IFERROR( INDEX(PLAYER_STAT!G$2:G64, MATCH(1, (PLAYER_STAT!A$2:A64 = MATCH_DATES!$A$6) * (PLAYER_STAT!D$2:D64 = $B15), 0) ), "" )} | BI15: =RANK(AZ15, AZ$3:AZ$38, 0) -> 13 | BJ15: =IF(BI15<AW15, "↑", IF(BI15>AW15, "↓", "=")) -> ↑ | BK15: MAGENTA | BL15: =SUM(BM15:BN15)+BS15+AZ15 -> 33 | BM15: =COUNTA(BK15)*2 -> 2 | BN15: =SUM(BO15*2) + (BP15*1) + SUMIFS(MATCH_INPUT!$G$22:$G$25, MATCH_INPUT!$F$22:$F$25, BK15) + SUMIFS(MATCH_INPUT!$I$22:$I$25, MATCH_INPUT!$J$22:$J$25, BK15) -> 7 | BO15: =IF(BK15<>"", COUNTIFS(MATCH_INPUT!$K$22:$K$25,BK15), 0) -> 1 | BP15: =IF(BK15<>"", COUNTIFS(MATCH_INPUT!$F$22:$F$25, BK15, MATCH_INPUT!$K$22:$K$25, "Draw") + COUNTIFS(MATCH_INPUT!$J$22:$J$25, BK15, MATCH_INPUT!$K$22:$K$25, "Draw"), 0) -> 1 | BQ15: =IF(BK15<>"", COUNTIFS(MATCH_INPUT!$F$22:$F$25, BK15, MATCH_INPUT!$K$22:$K$25, "<>"&BK15, MATCH_INPUT!$K$22:$K$25, "<>Draw", MATCH_INPUT!$K$22:$K$25, "<>""") + COUNTIFS(MATCH_INPUT!$J$22:$J$25, BK15, MATCH_INPUT!$K$22:$K$25, "<>"&BK15, MATCH_INPUT!$K$22:$K$25, "<>Draw", MATCH_INPUT!$K$22:$K$25, "<>"""), 0) -> 0 | BR15: {=IFERROR( INDEX(PLAYER_STAT!E$2:E64, MATCH(1, (PLAYER_STAT!A$2:A64 = MATCH_DATES!$A$7) * (PLAYER_STAT!D$2:D64 = $B15), 0) ), "" )} | BS15: {=IFERROR( INDEX(PLAYER_STAT!F$2:F64, MATCH(1, (PLAYER_STAT!A$2:A64 = MATCH_DATES!$A$7) * (PLAYER_STAT!D$2:D64 = $B15), 0) ), "" )} | BT15: {=IFERROR( INDEX(PLAYER_STAT!G$2:G64, MATCH(1, (PLAYER_STAT!A$2:A64 = MATCH_DATES!$A$7) * (PLAYER_STAT!D$2:D64 = $B15), 0) ), "" )} | BU15: =RANK(BL15, BL$3:BL$38, 0) -> 14 | BV15: =IF(BU15<BI15, "↑", IF(BU15>BI15, "↓", "=")) -> ↓ | BW15: MAGENTA | BX15: =SUM(BY15:BZ15)+CE15+BL15 -> 36 | BY15: =COUNTA(BW15)*2 -> 2 | BZ15: =SUM(CA15*2)+(CB15*1) + SUMIFS(MATCH_INPUT!$G$26:$G$29, MATCH_INPUT!$F$26:$F$29, BW15) + SUMIFS(MATCH_INPUT!$I$26:$I$29, MATCH_INPUT!$J$26:$J$29, BW15) -> 1 | CA15: =IF(BW15<>"", COUNTIFS(MATCH_INPUT!$K$26:$K$29,BW15), 0) -> 0 | CB15: =IF(BW15<>"", COUNTIFS(MATCH_INPUT!$F$26:$F$29, BW15, MATCH_INPUT!$K$26:$K$29, "Draw") + COUNTIFS(MATCH_INPUT!$J$26:$J$29, BW15, MATCH_INPUT!$K$26:$K$29, "Draw"), 0) -> 0 | CC15: =IF(BW15<>"", COUNTIFS(MATCH_INPUT!$F$26:$F$29, BW15, MATCH_INPUT!$K$26:$K$29, "<>"&BW15, MATCH_INPUT!$K$26:$K$29, "<>Draw", MATCH_INPUT!$K$26:$K$29, "<>""") + COUNTIFS(MATCH_INPUT!$J$26:$J$29, BW15, MATCH_INPUT!$K$26:$K$29, "<>"&BW15, MATCH_INPUT!$K$26:$K$29, "<>Draw", MATCH_INPUT!$K$26:$K$29, "<>"""), 0) -> 2 | CD15: {=IFERROR( INDEX(PLAYER_STAT!E$2:E64, MATCH(1, (PLAYER_STAT!A$2:A64 = MATCH_DATES!$A$8) * (PLAYER_STAT!D$2:D64 = $B15), 0) ), "" )} | CE15: {=IFERROR( INDEX(PLAYER_STAT!F$2:F64, MATCH(1, (PLAYER_STAT!A$2:A64 = MATCH_DATES!$A$8) * (PLAYER_STAT!D$2:D64 = $B15), 0) ), "" )} | CF15: {=IFERROR( INDEX(PLAYER_STAT!G$2:G64, MATCH(1, (PLAYER_STAT!A$2:A64 = MATCH_DATES!$A$8) * (PLAYER_STAT!D$2:D64 = $B15), 0) ), "" )} | CG15: =RANK(BX15, BX$3:BX$38, 0) -> 21 | CH15: =IF(CG15<BU15, "↑", IF(CG15>BU15, "↓", "=")) -> ↓ | CI15: ORANGE | CJ15: =SUM(CK15:CL15)+CQ15+BX15 -> 42 | CK15: =COUNTA(CI15)*2 -> 2 | CL15: =SUM(CM15*2)+(CN15*1) + SUMIFS(MATCH_INPUT!$G$30:$G$33, MATCH_INPUT!$F$30:$F$33, CI15) + SUMIFS(MATCH_INPUT!$I$30:$I$33, MATCH_INPUT!$J$30:$J$33, CI15) -> 4 | CM15: =IF(CI15<>"", COUNTIFS(MATCH_INPUT!$K$30:$K$33,CI15), 0) -> 0 | CN15: =IF(CI15<>"", COUNTIFS(MATCH_INPUT!$F$30:$F$33, CI15, MATCH_INPUT!$K$30:$K$33, "Draw") + COUNTIFS(MATCH_INPUT!$J$30:$J$33, CI15, MATCH_INPUT!$K$30:$K$33, "Draw"), 0) -> 0 | CO15: =IF(CI15<>"", COUNTIFS(MATCH_INPUT!$F$30:$F$33, CI15, MATCH_INPUT!$K$30:$K$33, "<>"&CI15, MATCH_INPUT!$K$30:$K$33, "<>Draw", MATCH_INPUT!$K$30:$K$33, "<>""") + COUNTIFS(MATCH_INPUT!$J$30:$J$33, CI15, MATCH_INPUT!$K$30:$K$33, "<>"&CI15, MATCH_INPUT!$K$30:$K$33, "<>Draw", MATCH_INPUT!$K$30:$K$33, "<>"""), 0) -> 2 | CP15: {=IFERROR( INDEX(PLAYER_STAT!E$2:E64, MATCH(1, (PLAYER_STAT!A$2:A64 = MATCH_DATES!$A$9) * (PLAYER_STAT!D$2:D64 = $B15), 0) ), "" )} | CQ15: {=IFERROR( INDEX(PLAYER_STAT!F$2:F64, MATCH(1, (PLAYER_STAT!A$2:A64 = MATCH_DATES!$A$9) * (PLAYER_STAT!D$2:D64 = $B15), 0) ), "" )} | CR15: {=IFERROR( INDEX(PLAYER_STAT!G$2:G64, MATCH(1, (PLAYER_STAT!A$2:A64 = MATCH_DATES!$A$9) * (PLAYER_STAT!D$2:D64 = $B15), 0) ), "" )} | CS15: =RANK(CJ15, CJ$3:CJ$38, 0) -> 23 | CT15: =IF(CS15<CG15, "↑", IF(CS15>CG15, "↓", "=")) -> ↓ | CU15: =SUM(F15,R15,AD15,AP15,BB15,BN15,BZ15,CL15) -> 27 | CV15: =A15 -> 🍂🎃 | CW15: =B15 -> Fer 👬 Guille | CX15: =SUM(CU15,CY15,DD15) -> 42 | CY15: =SUM( IF(AND(MATCH_DATES!$A$2 <= TODAY(), NOW() >= MATCH_DATES!$A$2 + TIME(22, 0, 0)), E15, 0), IF(AND(MATCH_DATES!$A$3 <= TODAY(), NOW() >= MATCH_DATES!$A$3 + TIME(22, 0, 0)), Q15, 0), IF(AND(MATCH_DATES!$A$4 <= TODAY(), NOW() >= MATCH_DATES!$A$4 + TIME(22, 0, 0)), AC15, 0), IF(AND(MATCH_DATES!$A$5 <= TODAY(), NOW() >= MATCH_DATES!$A$5 + TIME(22, 0, 0)), AO15, 0), IF(AND(MATCH_DATES!$A$6 <= TODAY(), NOW() >= MATCH_DATES!$A$6 + TIME(22, 0, 0)), BA15, 0), IF(AND(MATCH_DATES!$A$7 <= TODAY(), NOW() >= MATCH_DATES!$A$7 + TIME(22, 0, 0)), BM15, 0), IF(AND(MATCH_DATES!$A$8 <= TODAY(), NOW() >= MATCH_DATES!$A$8 + TIME(22, 0, 0)), BY15, 0), IF(AND(MATCH_DATES!$A$9 <= TODAY(), NOW() >= MATCH_DATES!$A$9 + TIME(22, 0, 0)), CK15, 0) ) -> 14 | CZ15: =SUM(G15,S15,AE15,AQ15,BC15,BO15,CA15,CM15) -> 5 | DA15: =SUM(H15,T15,AF15,AR15,BD15,BP15,CB15,CN15) -> 1 | DB15: =SUM( IF(AND(MATCH_DATES!$A$2 <= TODAY(), NOW() >= MATCH_DATES!$A$2 + TIME(22, 0, 0)), I15, 0), IF(AND(MATCH_DATES!$A$3 <= TODAY(), NOW() >= MATCH_DATES!$A$3 + TIME(22, 0, 0)), U15, 0), IF(AND(MATCH_DATES!$A$4 <= TODAY(), NOW() >= MATCH_DATES!$A$4 + TIME(22, 0, 0)), AG15, 0), IF(AND(MATCH_DATES!$A$5 <= TODAY(), NOW() >= MATCH_DATES!$A$5 + TIME(22, 0, 0)), AS15, 0), IF(AND(MATCH_DATES!$A$6 <= TODAY(), NOW() >= MATCH_DATES!$A$6 + TIME(22, 0, 0)), BE15, 0), IF(AND(MATCH_DATES!$A$7 <= TODAY(), NOW() >= MATCH_DATES!$A$7 + TIME(22, 0, 0)), BQ15, 0), IF(AND(MATCH_DATES!$A$8 <= TODAY(), NOW() >= MATCH_DATES!$A$8 + TIME(22, 0, 0)), CC15, 0), IF(AND(MATCH_DATES!$A$9 <= TODAY(), NOW() >= MATCH_DATES!$A$9 + TIME(22, 0, 0)), CO15, 0) ) -> 8 | DC15: =sum(J15,V15,AH15,AT15,BF15,BR15,CD15,CP15) -> 0 | DD15: =SUM(K15,W15,AI15,AU15,BG15,BS15,CE15,CQ15) -> 1 | DE15: =SUM(L15,X15,AJ15,AV15,BH15,BT15,CF15,CR15) -> 0
A16: 🍂🎃 | B16: Gabo | C16: BLUE | D16: =SUM(E16:F16)+K16 -> 4 | E16: =COUNTA(C16)*2 -> 2 | F16: =(G16*2)+(H16*1) -> 2 | G16: =IF(C16<>"", COUNTIFS(MATCH_INPUT!$K$2:$K$5,C16), 0) -> 1 | H16: =IF(C16<>"", COUNTIFS(MATCH_INPUT!$F$2:$F$5, C16, MATCH_INPUT!$K$2:$K$5, "Draw") + COUNTIFS(MATCH_INPUT!$J$2:$J$5, C16, MATCH_INPUT!$K$2:$K$5, "Draw"), 0) -> 0 | I16: =IF(C16<>"", COUNTIFS(MATCH_INPUT!$F$2:$F$5, C16, MATCH_INPUT!$K$2:$K$5, "<>"&C16, MATCH_INPUT!$K$2:$K$5, "<>Draw", MATCH_INPUT!$K$2:$K$5, "<>""") + COUNTIFS(MATCH_INPUT!$J$2:$J$5, C16, MATCH_INPUT!$K$2:$K$5, "<>"&C16, MATCH_INPUT!$K$2:$K$5, "<>Draw", MATCH_INPUT!$K$2:$K$5, "<>"""), 0) -> 1 | J16: {=IFERROR( INDEX(PLAYER_STAT!E$2:E64, MATCH(1, (PLAYER_STAT!A$2:A64 = MATCH_DATES!$A$2) * (PLAYER_STAT!D$2:D64 = $B16), 0) ), "" )} -> 1 | K16: {=IFERROR( INDEX(PLAYER_STAT!F$2:F64, MATCH(1, (PLAYER_STAT!A$2:A64 = MATCH_DATES!$A$2) * (PLAYER_STAT!D$2:D64 = $B16), 0) ), "" )} -> 0 | L16: {=IFERROR( INDEX(PLAYER_STAT!G$2:G64, MATCH(1, (PLAYER_STAT!A$2:A64 = MATCH_DATES!$A$2) * (PLAYER_STAT!D$2:D64 = $B16), 0) ), "" )} -> 0 | M16: =RANK(D16, D$3:D$39, 0) -> 11 | N16: =IF(M16<1, "↑", IF(M16>1, "↓", "=")) -> ↓ | O16: GREEN | P16: =SUM(Q16:R16)+D16+W16 -> 7 | Q16: =COUNTA(O16)*2 -> 2 | R16: =(S16*2)+(T16*1) -> 1 | S16: =IF(O16<>"", COUNTIFS(MATCH_INPUT!$K$6:$K$9,O16), 0) -> 0 | T16: =IF(O16<>"", COUNTIFS(MATCH_INPUT!$F$6:$F$9, O16, MATCH_INPUT!$K$6:$K$9, "Draw") + COUNTIFS(MATCH_INPUT!$J$6:$J$9, O16, MATCH_INPUT!$K$6:$K$9, "Draw"), 0) -> 1 | U16: =IF(O16<>"", COUNTIFS(MATCH_INPUT!$F$6:$F$9, O16, MATCH_INPUT!$K$6:$K$9, "<>"&O16, MATCH_INPUT!$K$6:$K$9, "<>Draw", MATCH_INPUT!$K$6:$K$9, "<>""") + COUNTIFS(MATCH_INPUT!$J$6:$J$9, O16, MATCH_INPUT!$K$6:$K$9, "<>"&O16, MATCH_INPUT!$K$6:$K$9, "<>Draw", MATCH_INPUT!$K$6:$K$9, "<>"""), 0) -> 1 | V16: {=IFERROR( INDEX(PLAYER_STAT!E$2:E64, MATCH(1, (PLAYER_STAT!A$2:A64 = MATCH_DATES!$A$3) * (PLAYER_STAT!D$2:D64 = $B16), 0) ), "" )} | W16: {=IFERROR( INDEX(PLAYER_STAT!F$2:F64, MATCH(1, (PLAYER_STAT!A$2:A64 = MATCH_DATES!$A$3) * (PLAYER_STAT!D$2:D64 = $B16), 0) ), "" )} | X16: {=IFERROR( INDEX(PLAYER_STAT!G$2:G64, MATCH(1, (PLAYER_STAT!A$2:A64 = MATCH_DATES!$A$3) * (PLAYER_STAT!D$2:D64 = $B16), 0) ), "" )} | Y16: =RANK(P16, P$3:P$38, 0) -> 20 | Z16: =IF(Y16<M16, "↑", IF(Y16>M16, "↓", "=")) -> ↓ | AA16: GREEN | AB16: =SUM(AC16:AD16)+P16+AI16 -> 13 | AC16: =COUNTA(AA16)*2 -> 2 | AD16: =SUM(AE16*2)+(AF16*1) -> 4 | AE16: =IF(AA16<>"", COUNTIFS(MATCH_INPUT!$K$10:$K$13,AA16), 0) -> 2 | AF16: =IF(AA16<>"", COUNTIFS(MATCH_INPUT!$F$10:$F$13, AA16, MATCH_INPUT!$K$10:$K$13, "Draw") + COUNTIFS(MATCH_INPUT!$J$10:$J$13, AA16, MATCH_INPUT!$K$10:$K$13, "Draw"), 0) -> 0 | AG16: =IF(AA16<>"", COUNTIFS(MATCH_INPUT!$F$10:$F$13, AA16, MATCH_INPUT!$K$10:$K$13, "<>"&AA16, MATCH_INPUT!$K$10:$K$13, "<>Draw", MATCH_INPUT!$K$10:$K$13, "<>""") + COUNTIFS(MATCH_INPUT!$J$10:$J$13, AA16, MATCH_INPUT!$K$10:$K$13, "<>"&AA16, MATCH_INPUT!$K$10:$K$13, "<>Draw", MATCH_INPUT!$K$10:$K$13, "<>"""), 0) -> 0 | AH16: {=IFERROR( INDEX(PLAYER_STAT!E$2:E64, MATCH(1, (PLAYER_STAT!A$2:A64 = MATCH_DATES!$A$4) * (PLAYER_STAT!D$2:D64 = $B16), 0) ), "" )} -> 1 | AI16: {=IFERROR( INDEX(PLAYER_STAT!F$2:F64, MATCH(1, (PLAYER_STAT!A$2:A64 = MATCH_DATES!$A$4) * (PLAYER_STAT!D$2:D64 = $B16), 0) ), "" )} -> 0 | AJ16: {=IFERROR( INDEX(PLAYER_STAT!G$2:G64, MATCH(1, (PLAYER_STAT!A$2:A64 = MATCH_DATES!$A$4) * (PLAYER_STAT!D$2:D64 = $B16), 0) ), "" )} -> 0 | AK16: =RANK(AB16, AB$3:AB$38, 0) -> 10 | AL16: =IF(AK16<Y16, "↑", IF(AK16>Y16, "↓", "=")) -> ↑ | AM16: MAGENTA | AN16: =SUM(AO16:AP16)+AB16+AU16 -> 15 | AO16: =COUNTA(AM16)*2 -> 2 | AP16: =SUM(AQ16*2)+(AR16*1) -> 0 | AQ16: =IF(AM16<>"", COUNTIFS(MATCH_INPUT!$K$14:$K$17,AM16), 0) -> 0 | AR16: =IF(AM16<>"", COUNTIFS(MATCH_INPUT!$F$14:$F$17, AM16, MATCH_INPUT!$K$14:$K$17, "Draw") + COUNTIFS(MATCH_INPUT!$J$14:$J$17, AM16, MATCH_INPUT!$K$14:$K$17, "Draw"), 0) -> 0 | AS16: =IF(AM16<>"", COUNTIFS(MATCH_INPUT!$F$14:$F$17, AM16, MATCH_INPUT!$K$14:$K$17, "<>"&AM16, MATCH_INPUT!$K$14:$K$17, "<>Draw", MATCH_INPUT!$K$14:$K$17, "<>""") + COUNTIFS(MATCH_INPUT!$J$14:$J$17, AM16, MATCH_INPUT!$K$14:$K$17, "<>"&AM16, MATCH_INPUT!$K$14:$K$17, "<>Draw", MATCH_INPUT!$K$14:$K$17, "<>"""), 0) -> 2 | AT16: {=IFERROR( INDEX(PLAYER_STAT!E$2:E64, MATCH(1, (PLAYER_STAT!A$2:A64 = MATCH_DATES!$A$5) * (PLAYER_STAT!D$2:D64 = $B16), 0) ), "" )} -> 1 | AU16: {=IFERROR( INDEX(PLAYER_STAT!F$2:F64, MATCH(1, (PLAYER_STAT!A$2:A64 = MATCH_DATES!$A$5) * (PLAYER_STAT!D$2:D64 = $B16), 0) ), "" )} -> 0 | AV16: {=IFERROR( INDEX(PLAYER_STAT!G$2:G64, MATCH(1, (PLAYER_STAT!A$2:A64 = MATCH_DATES!$A$5) * (PLAYER_STAT!D$2:D64 = $B16), 0) ), "" )} -> 0 | AW16: =RANK(AN16, AN$3:AN$38, 0) -> 16 | AX16: =IF(AW16<AK16, "↑", IF(AW16>AK16, "↓", "=")) -> ↓ | AY16: BLUE | AZ16: =SUM(BA16:BB16)+BG16+AN16 -> 19 | BA16: =COUNTA(AY16)*2 -> 2 | BB16: =SUM(BC16*2) + (BD16*1) + SUMIFS(MATCH_INPUT!$G$18:$G$21, MATCH_INPUT!$F$18:$F$21, AY16) + SUMIFS(MATCH_INPUT!$I$18:$I$21, MATCH_INPUT!$J$18:$J$21, AY16) -> 2 | BC16: =IF(AY16<>"", COUNTIFS(MATCH_INPUT!$K$18:$K$21,AY16), 0) -> 0 | BD16: =IF(AY16<>"", COUNTIFS(MATCH_INPUT!$F$18:$F$21, AY16, MATCH_INPUT!$K$18:$K$21, "Draw") + COUNTIFS(MATCH_INPUT!$J$18:$J$21, AY16, MATCH_INPUT!$K$18:$K$21, "Draw"), 0) -> 1 | BE16: =IF(AY16<>"", COUNTIFS(MATCH_INPUT!$F$18:$F$21, AY16, MATCH_INPUT!$K$18:$K$21, "<>"&AY16, MATCH_INPUT!$K$18:$K$21, "<>Draw", MATCH_INPUT!$K$18:$K$21, "<>""") + COUNTIFS(MATCH_INPUT!$J$18:$J$21, AY16, MATCH_INPUT!$K$18:$K$21, "<>"&AY16, MATCH_INPUT!$K$18:$K$21, "<>Draw", MATCH_INPUT!$K$18:$K$21, "<>"""), 0) -> 1 | BF16: {=IFERROR( INDEX(PLAYER_STAT!E$2:E64, MATCH(1, (PLAYER_STAT!A$2:A64 = MATCH_DATES!$A$6) * (PLAYER_STAT!D$2:D64 = $B16), 0) ), "" )} | BG16: {=IFERROR( INDEX(PLAYER_STAT!F$2:F64, MATCH(1, (PLAYER_STAT!A$2:A64 = MATCH_DATES!$A$6) * (PLAYER_STAT!D$2:D64 = $B16), 0) ), "" )} | BH16: {=IFERROR( INDEX(PLAYER_STAT!G$2:G64, MATCH(1, (PLAYER_STAT!A$2:A64 = MATCH_DATES!$A$6) * (PLAYER_STAT!D$2:D64 = $B16), 0) ), "" )} | BI16: =RANK(AZ16, AZ$3:AZ$38, 0) -> 21 | BJ16: =IF(BI16<AW16, "↑", IF(BI16>AW16, "↓", "=")) -> ↓ | BK16: GREEN | BL16: =SUM(BM16:BN16)+BS16+AZ16 -> 21 | BM16: =COUNTA(BK16)*2 -> 2 | BN16: =SUM(BO16*2) + (BP16*1) + SUMIFS(MATCH_INPUT!$G$22:$G$25, MATCH_INPUT!$F$22:$F$25, BK16) + SUMIFS(MATCH_INPUT!$I$22:$I$25, MATCH_INPUT!$J$22:$J$25, BK16) -> 0 | BO16: =IF(BK16<>"", COUNTIFS(MATCH_INPUT!$K$22:$K$25,BK16), 0) -> 0 | BP16: =IF(BK16<>"", COUNTIFS(MATCH_INPUT!$F$22:$F$25, BK16, MATCH_INPUT!$K$22:$K$25, "Draw") + COUNTIFS(MATCH_INPUT!$J$22:$J$25, BK16, MATCH_INPUT!$K$22:$K$25, "Draw"), 0) -> 0 | BQ16: =IF(BK16<>"", COUNTIFS(MATCH_INPUT!$F$22:$F$25, BK16, MATCH_INPUT!$K$22:$K$25, "<>"&BK16, MATCH_INPUT!$K$22:$K$25, "<>Draw", MATCH_INPUT!$K$22:$K$25, "<>""") + COUNTIFS(MATCH_INPUT!$J$22:$J$25, BK16, MATCH_INPUT!$K$22:$K$25, "<>"&BK16, MATCH_INPUT!$K$22:$K$25, "<>Draw", MATCH_INPUT!$K$22:$K$25, "<>"""), 0) -> 2 | BR16: {=IFERROR( INDEX(PLAYER_STAT!E$2:E64, MATCH(1, (PLAYER_STAT!A$2:A64 = MATCH_DATES!$A$7) * (PLAYER_STAT!D$2:D64 = $B16), 0) ), "" )} | BS16: {=IFERROR( INDEX(PLAYER_STAT!F$2:F64, MATCH(1, (PLAYER_STAT!A$2:A64 = MATCH_DATES!$A$7) * (PLAYER_STAT!D$2:D64 = $B16), 0) ), "" )} | BT16: {=IFERROR( INDEX(PLAYER_STAT!G$2:G64, MATCH(1, (PLAYER_STAT!A$2:A64 = MATCH_DATES!$A$7) * (PLAYER_STAT!D$2:D64 = $B16), 0) ), "" )} | BU16: =RANK(BL16, BL$3:BL$38, 0) -> 28 | BV16: =IF(BU16<BI16, "↑", IF(BU16>BI16, "↓", "=")) -> ↓ | BX16: =SUM(BY16:BZ16)+CE16+BL16 -> 21 | BY16: =COUNTA(BW16)*2 -> 0 | BZ16: =SUM(CA16*2)+(CB16*1) + SUMIFS(MATCH_INPUT!$G$26:$G$29, MATCH_INPUT!$F$26:$F$29, BW16) + SUMIFS(MATCH_INPUT!$I$26:$I$29, MATCH_INPUT!$J$26:$J$29, BW16) -> 0 | CA16: =IF(BW16<>"", COUNTIFS(MATCH_INPUT!$K$26:$K$29,BW16), 0) -> 0 | CB16: =IF(BW16<>"", COUNTIFS(MATCH_INPUT!$F$26:$F$29, BW16, MATCH_INPUT!$K$26:$K$29, "Draw") + COUNTIFS(MATCH_INPUT!$J$26:$J$29, BW16, MATCH_INPUT!$K$26:$K$29, "Draw"), 0) -> 0 | CC16: =IF(BW16<>"", COUNTIFS(MATCH_INPUT!$F$26:$F$29, BW16, MATCH_INPUT!$K$26:$K$29, "<>"&BW16, MATCH_INPUT!$K$26:$K$29, "<>Draw", MATCH_INPUT!$K$26:$K$29, "<>""") + COUNTIFS(MATCH_INPUT!$J$26:$J$29, BW16, MATCH_INPUT!$K$26:$K$29, "<>"&BW16, MATCH_INPUT!$K$26:$K$29, "<>Draw", MATCH_INPUT!$K$26:$K$29, "<>"""), 0) -> 0 | CD16: {=IFERROR( INDEX(PLAYER_STAT!E$2:E64, MATCH(1, (PLAYER_STAT!A$2:A64 = MATCH_DATES!$A$8) * (PLAYER_STAT!D$2:D64 = $B16), 0) ), "" )} | CE16: {=IFERROR( INDEX(PLAYER_STAT!F$2:F64, MATCH(1, (PLAYER_STAT!A$2:A64 = MATCH_DATES!$A$8) * (PLAYER_STAT!D$2:D64 = $B16), 0) ), "" )} | CF16: {=IFERROR( INDEX(PLAYER_STAT!G$2:G64, MATCH(1, (PLAYER_STAT!A$2:A64 = MATCH_DATES!$A$8) * (PLAYER_STAT!D$2:D64 = $B16), 0) ), "" )} | CG16: =RANK(BX16, BX$3:BX$38, 0) -> 33 | CH16: =IF(CG16<BU16, "↑", IF(CG16>BU16, "↓", "=")) -> ↓ | CI16: MAGENTA | CJ16: =SUM(CK16:CL16)+CQ16+BX16 -> 30 | CK16: =COUNTA(CI16)*2 -> 2 | CL16: =SUM(CM16*2)+(CN16*1) + SUMIFS(MATCH_INPUT!$G$30:$G$33, MATCH_INPUT!$F$30:$F$33, CI16) + SUMIFS(MATCH_INPUT!$I$30:$I$33, MATCH_INPUT!$J$30:$J$33, CI16) -> 7 | CM16: =IF(CI16<>"", COUNTIFS(MATCH_INPUT!$K$30:$K$33,CI16), 0) -> 1 | CN16: =IF(CI16<>"", COUNTIFS(MATCH_INPUT!$F$30:$F$33, CI16, MATCH_INPUT!$K$30:$K$33, "Draw") + COUNTIFS(MATCH_INPUT!$J$30:$J$33, CI16, MATCH_INPUT!$K$30:$K$33, "Draw"), 0) -> 1 | CO16: =IF(CI16<>"", COUNTIFS(MATCH_INPUT!$F$30:$F$33, CI16, MATCH_INPUT!$K$30:$K$33, "<>"&CI16, MATCH_INPUT!$K$30:$K$33, "<>Draw", MATCH_INPUT!$K$30:$K$33, "<>""") + COUNTIFS(MATCH_INPUT!$J$30:$J$33, CI16, MATCH_INPUT!$K$30:$K$33, "<>"&CI16, MATCH_INPUT!$K$30:$K$33, "<>Draw", MATCH_INPUT!$K$30:$K$33, "<>"""), 0) -> 0 | CP16: {=IFERROR( INDEX(PLAYER_STAT!E$2:E64, MATCH(1, (PLAYER_STAT!A$2:A64 = MATCH_DATES!$A$9) * (PLAYER_STAT!D$2:D64 = $B16), 0) ), "" )} | CQ16: {=IFERROR( INDEX(PLAYER_STAT!F$2:F64, MATCH(1, (PLAYER_STAT!A$2:A64 = MATCH_DATES!$A$9) * (PLAYER_STAT!D$2:D64 = $B16), 0) ), "" )} | CR16: {=IFERROR( INDEX(PLAYER_STAT!G$2:G64, MATCH(1, (PLAYER_STAT!A$2:A64 = MATCH_DATES!$A$9) * (PLAYER_STAT!D$2:D64 = $B16), 0) ), "" )} | CS16: =RANK(CJ16, CJ$3:CJ$38, 0) -> 33 | CT16: =IF(CS16<CG16, "↑", IF(CS16>CG16, "↓", "=")) -> = | CU16: =SUM(F16,R16,AD16,AP16,BB16,BN16,BZ16,CL16) -> 16 | CV16: =A16 -> 🍂🎃 | CW16: =B16 -> Gabo | CX16: =SUM(CU16,CY16,DD16) -> 30 | CY16: =SUM( IF(AND(MATCH_DATES!$A$2 <= TODAY(), NOW() >= MATCH_DATES!$A$2 + TIME(22, 0, 0)), E16, 0), IF(AND(MATCH_DATES!$A$3 <= TODAY(), NOW() >= MATCH_DATES!$A$3 + TIME(22, 0, 0)), Q16, 0), IF(AND(MATCH_DATES!$A$4 <= TODAY(), NOW() >= MATCH_DATES!$A$4 + TIME(22, 0, 0)), AC16, 0), IF(AND(MATCH_DATES!$A$5 <= TODAY(), NOW() >= MATCH_DATES!$A$5 + TIME(22, 0, 0)), AO16, 0), IF(AND(MATCH_DATES!$A$6 <= TODAY(), NOW() >= MATCH_DATES!$A$6 + TIME(22, 0, 0)), BA16, 0), IF(AND(MATCH_DATES!$A$7 <= TODAY(), NOW() >= MATCH_DATES!$A$7 + TIME(22, 0, 0)), BM16, 0), IF(AND(MATCH_DATES!$A$8 <= TODAY(), NOW() >= MATCH_DATES!$A$8 + TIME(22, 0, 0)), BY16, 0), IF(AND(MATCH_DATES!$A$9 <= TODAY(), NOW() >= MATCH_DATES!$A$9 + TIME(22, 0, 0)), CK16, 0) ) -> 14 | CZ16: =SUM(G16,S16,AE16,AQ16,BC16,BO16,CA16,CM16) -> 4 | DA16: =SUM(H16,T16,AF16,AR16,BD16,BP16,CB16,CN16) -> 3 | DB16: =SUM( IF(AND(MATCH_DATES!$A$2 <= TODAY(), NOW() >= MATCH_DATES!$A$2 + TIME(22, 0, 0)), I16, 0), IF(AND(MATCH_DATES!$A$3 <= TODAY(), NOW() >= MATCH_DATES!$A$3 + TIME(22, 0, 0)), U16, 0), IF(AND(MATCH_DATES!$A$4 <= TODAY(), NOW() >= MATCH_DATES!$A$4 + TIME(22, 0, 0)), AG16, 0), IF(AND(MATCH_DATES!$A$5 <= TODAY(), NOW() >= MATCH_DATES!$A$5 + TIME(22, 0, 0)), AS16, 0), IF(AND(MATCH_DATES!$A$6 <= TODAY(), NOW() >= MATCH_DATES!$A$6 + TIME(22, 0, 0)), BE16, 0), IF(AND(MATCH_DATES!$A$7 <= TODAY(), NOW() >= MATCH_DATES!$A$7 + TIME(22, 0, 0)), BQ16, 0), IF(AND(MATCH_DATES!$A$8 <= TODAY(), NOW() >= MATCH_DATES!$A$8 + TIME(22, 0, 0)), CC16, 0), IF(AND(MATCH_DATES!$A$9 <= TODAY(), NOW() >= MATCH_DATES!$A$9 + TIME(22, 0, 0)), CO16, 0) ) -> 7 | DC16: =sum(J16,V16,AH16,AT16,BF16,BR16,CD16,CP16) -> 3 | DD16: =SUM(K16,W16,AI16,AU16,BG16,BS16,CE16,CQ16) -> 0 | DE16: =SUM(L16,X16,AJ16,AV16,BH16,BT16,CF16,CR16) -> 0
A17: 🍂🎃 | B17: Gerardo | C17: MAGENTA | D17: =SUM(E17:F17)+K17 -> 6 | E17: =COUNTA(C17)*2 -> 2 | F17: =(G17*2)+(H17*1) -> 4 | G17: =IF(C17<>"", COUNTIFS(MATCH_INPUT!$K$2:$K$5,C17), 0) -> 2 | H17: =IF(C17<>"", COUNTIFS(MATCH_INPUT!$F$2:$F$5, C17, MATCH_INPUT!$K$2:$K$5, "Draw") + COUNTIFS(MATCH_INPUT!$J$2:$J$5, C17, MATCH_INPUT!$K$2:$K$5, "Draw"), 0) -> 0 | I17: =IF(C17<>"", COUNTIFS(MATCH_INPUT!$F$2:$F$5, C17, MATCH_INPUT!$K$2:$K$5, "<>"&C17, MATCH_INPUT!$K$2:$K$5, "<>Draw", MATCH_INPUT!$K$2:$K$5, "<>""") + COUNTIFS(MATCH_INPUT!$J$2:$J$5, C17, MATCH_INPUT!$K$2:$K$5, "<>"&C17, MATCH_INPUT!$K$2:$K$5, "<>Draw", MATCH_INPUT!$K$2:$K$5, "<>"""), 0) -> 0 | J17: {=IFERROR( INDEX(PLAYER_STAT!E$2:E64, MATCH(1, (PLAYER_STAT!A$2:A64 = MATCH_DATES!$A$2) * (PLAYER_STAT!D$2:D64 = $B17), 0) ), "" )} | K17: {=IFERROR( INDEX(PLAYER_STAT!F$2:F64, MATCH(1, (PLAYER_STAT!A$2:A64 = MATCH_DATES!$A$2) * (PLAYER_STAT!D$2:D64 = $B17), 0) ), "" )} | L17: {=IFERROR( INDEX(PLAYER_STAT!G$2:G64, MATCH(1, (PLAYER_STAT!A$2:A64 = MATCH_DATES!$A$2) * (PLAYER_STAT!D$2:D64 = $B17), 0) ), "" )} | M17: =RANK(D17, D$3:D$39, 0) -> 2 | N17: =IF(M17<1, "↑", IF(M17>1, "↓", "=")) -> ↓ | O17: BLUE | P17: =SUM(Q17:R17)+D17+W17 -> 11 | Q17: =COUNTA(O17)*2 -> 2 | R17: =(S17*2)+(T17*1) -> 3 | S17: =IF(O17<>"", COUNTIFS(MATCH_INPUT!$K$6:$K$9,O17), 0) -> 1 | T17: =IF(O17<>"", COUNTIFS(MATCH_INPUT!$F$6:$F$9, O17, MATCH_INPUT!$K$6:$K$9, "Draw") + COUNTIFS(MATCH_INPUT!$J$6:$J$9, O17, MATCH_INPUT!$K$6:$K$9, "Draw"), 0) -> 1 | U17: =IF(O17<>"", COUNTIFS(MATCH_INPUT!$F$6:$F$9, O17, MATCH_INPUT!$K$6:$K$9, "<>"&O17, MATCH_INPUT!$K$6:$K$9, "<>Draw", MATCH_INPUT!$K$6:$K$9, "<>""") + COUNTIFS(MATCH_INPUT!$J$6:$J$9, O17, MATCH_INPUT!$K$6:$K$9, "<>"&O17, MATCH_INPUT!$K$6:$K$9, "<>Draw", MATCH_INPUT!$K$6:$K$9, "<>"""), 0) -> 0 | V17: {=IFERROR( INDEX(PLAYER_STAT!E$2:E64, MATCH(1, (PLAYER_STAT!A$2:A64 = MATCH_DATES!$A$3) * (PLAYER_STAT!D$2:D64 = $B17), 0) ), "" )} -> 1 | W17: {=IFERROR( INDEX(PLAYER_STAT!F$2:F64, MATCH(1, (PLAYER_STAT!A$2:A64 = MATCH_DATES!$A$3) * (PLAYER_STAT!D$2:D64 = $B17), 0) ), "" )} -> 0 | X17: {=IFERROR( INDEX(PLAYER_STAT!G$2:G64, MATCH(1, (PLAYER_STAT!A$2:A64 = MATCH_DATES!$A$3) * (PLAYER_STAT!D$2:D64 = $B17), 0) ), "" )} -> 0 | Y17: =RANK(P17, P$3:P$38, 0) -> 1 | Z17: =IF(Y17<M17, "↑", IF(Y17>M17, "↓", "=")) -> ↑ | AA17: MAGENTA | AB17: =SUM(AC17:AD17)+P17+AI17 -> 15 | AC17: =COUNTA(AA17)*2 -> 2 | AD17: =SUM(AE17*2)+(AF17*1) -> 2 | AE17: =IF(AA17<>"", COUNTIFS(MATCH_INPUT!$K$10:$K$13,AA17), 0) -> 1 | AF17: =IF(AA17<>"", COUNTIFS(MATCH_INPUT!$F$10:$F$13, AA17, MATCH_INPUT!$K$10:$K$13, "Draw") + COUNTIFS(MATCH_INPUT!$J$10:$J$13, AA17, MATCH_INPUT!$K$10:$K$13, "Draw"), 0) -> 0 | AG17: =IF(AA17<>"", COUNTIFS(MATCH_INPUT!$F$10:$F$13, AA17, MATCH_INPUT!$K$10:$K$13, "<>"&AA17, MATCH_INPUT!$K$10:$K$13, "<>Draw", MATCH_INPUT!$K$10:$K$13, "<>""") + COUNTIFS(MATCH_INPUT!$J$10:$J$13, AA17, MATCH_INPUT!$K$10:$K$13, "<>"&AA17, MATCH_INPUT!$K$10:$K$13, "<>Draw", MATCH_INPUT!$K$10:$K$13, "<>"""), 0) -> 1 | AH17: {=IFERROR( INDEX(PLAYER_STAT!E$2:E64, MATCH(1, (PLAYER_STAT!A$2:A64 = MATCH_DATES!$A$4) * (PLAYER_STAT!D$2:D64 = $B17), 0) ), "" )} | AI17: {=IFERROR( INDEX(PLAYER_STAT!F$2:F64, MATCH(1, (PLAYER_STAT!A$2:A64 = MATCH_DATES!$A$4) * (PLAYER_STAT!D$2:D64 = $B17), 0) ), "" )} | AJ17: {=IFERROR( INDEX(PLAYER_STAT!G$2:G64, MATCH(1, (PLAYER_STAT!A$2:A64 = MATCH_DATES!$A$4) * (PLAYER_STAT!D$2:D64 = $B17), 0) ), "" )} | AK17: =RANK(AB17, AB$3:AB$38, 0) -> 1 | AL17: =IF(AK17<Y17, "↑", IF(AK17>Y17, "↓", "=")) -> = | AM17: ORANGE | AN17: =SUM(AO17:AP17)+AB17+AU17 -> 19 | AO17: =COUNTA(AM17)*2 -> 2 | AP17: =SUM(AQ17*2)+(AR17*1) -> 2 | AQ17: =IF(AM17<>"", COUNTIFS(MATCH_INPUT!$K$14:$K$17,AM17), 0) -> 1 | AR17: =IF(AM17<>"", COUNTIFS(MATCH_INPUT!$F$14:$F$17, AM17, MATCH_INPUT!$K$14:$K$17, "Draw") + COUNTIFS(MATCH_INPUT!$J$14:$J$17, AM17, MATCH_INPUT!$K$14:$K$17, "Draw"), 0) -> 0 | AS17: =IF(AM17<>"", COUNTIFS(MATCH_INPUT!$F$14:$F$17, AM17, MATCH_INPUT!$K$14:$K$17, "<>"&AM17, MATCH_INPUT!$K$14:$K$17, "<>Draw", MATCH_INPUT!$K$14:$K$17, "<>""") + COUNTIFS(MATCH_INPUT!$J$14:$J$17, AM17, MATCH_INPUT!$K$14:$K$17, "<>"&AM17, MATCH_INPUT!$K$14:$K$17, "<>Draw", MATCH_INPUT!$K$14:$K$17, "<>"""), 0) -> 1 | AT17: {=IFERROR( INDEX(PLAYER_STAT!E$2:E64, MATCH(1, (PLAYER_STAT!A$2:A64 = MATCH_DATES!$A$5) * (PLAYER_STAT!D$2:D64 = $B17), 0) ), "" )} | AU17: {=IFERROR( INDEX(PLAYER_STAT!F$2:F64, MATCH(1, (PLAYER_STAT!A$2:A64 = MATCH_DATES!$A$5) * (PLAYER_STAT!D$2:D64 = $B17), 0) ), "" )} | AV17: {=IFERROR( INDEX(PLAYER_STAT!G$2:G64, MATCH(1, (PLAYER_STAT!A$2:A64 = MATCH_DATES!$A$5) * (PLAYER_STAT!D$2:D64 = $B17), 0) ), "" )} | AW17: =RANK(AN17, AN$3:AN$38, 0) -> 4 | AX17: =IF(AW17<AK17, "↑", IF(AW17>AK17, "↓", "=")) -> ↓ | AY17: BLUE | AZ17: =SUM(BA17:BB17)+BG17+AN17 -> 23 | BA17: =COUNTA(AY17)*2 -> 2 | BB17: =SUM(BC17*2) + (BD17*1) + SUMIFS(MATCH_INPUT!$G$18:$G$21, MATCH_INPUT!$F$18:$F$21, AY17) + SUMIFS(MATCH_INPUT!$I$18:$I$21, MATCH_INPUT!$J$18:$J$21, AY17) -> 2 | BC17: =IF(AY17<>"", COUNTIFS(MATCH_INPUT!$K$18:$K$21,AY17), 0) -> 0 | BD17: =IF(AY17<>"", COUNTIFS(MATCH_INPUT!$F$18:$F$21, AY17, MATCH_INPUT!$K$18:$K$21, "Draw") + COUNTIFS(MATCH_INPUT!$J$18:$J$21, AY17, MATCH_INPUT!$K$18:$K$21, "Draw"), 0) -> 1 | BE17: =IF(AY17<>"", COUNTIFS(MATCH_INPUT!$F$18:$F$21, AY17, MATCH_INPUT!$K$18:$K$21, "<>"&AY17, MATCH_INPUT!$K$18:$K$21, "<>Draw", MATCH_INPUT!$K$18:$K$21, "<>""") + COUNTIFS(MATCH_INPUT!$J$18:$J$21, AY17, MATCH_INPUT!$K$18:$K$21, "<>"&AY17, MATCH_INPUT!$K$18:$K$21, "<>Draw", MATCH_INPUT!$K$18:$K$21, "<>"""), 0) -> 1 | BF17: {=IFERROR( INDEX(PLAYER_STAT!E$2:E64, MATCH(1, (PLAYER_STAT!A$2:A64 = MATCH_DATES!$A$6) * (PLAYER_STAT!D$2:D64 = $B17), 0) ), "" )} -> 0 | BG17: {=IFERROR( INDEX(PLAYER_STAT!F$2:F64, MATCH(1, (PLAYER_STAT!A$2:A64 = MATCH_DATES!$A$6) * (PLAYER_STAT!D$2:D64 = $B17), 0) ), "" )} -> 0 | BH17: {=IFERROR( INDEX(PLAYER_STAT!G$2:G64, MATCH(1, (PLAYER_STAT!A$2:A64 = MATCH_DATES!$A$6) * (PLAYER_STAT!D$2:D64 = $B17), 0) ), "" )} -> 0 | BI17: =RANK(AZ17, AZ$3:AZ$38, 0) -> 14 | BJ17: =IF(BI17<AW17, "↑", IF(BI17>AW17, "↓", "=")) -> ↓ | BK17: MAGENTA | BL17: =SUM(BM17:BN17)+BS17+AZ17 -> 32 | BM17: =COUNTA(BK17)*2 -> 2 | BN17: =SUM(BO17*2) + (BP17*1) + SUMIFS(MATCH_INPUT!$G$22:$G$25, MATCH_INPUT!$F$22:$F$25, BK17) + SUMIFS(MATCH_INPUT!$I$22:$I$25, MATCH_INPUT!$J$22:$J$25, BK17) -> 7 | BO17: =IF(BK17<>"", COUNTIFS(MATCH_INPUT!$K$22:$K$25,BK17), 0) -> 1 | BP17: =IF(BK17<>"", COUNTIFS(MATCH_INPUT!$F$22:$F$25, BK17, MATCH_INPUT!$K$22:$K$25, "Draw") + COUNTIFS(MATCH_INPUT!$J$22:$J$25, BK17, MATCH_INPUT!$K$22:$K$25, "Draw"), 0) -> 1 | BQ17: =IF(BK17<>"", COUNTIFS(MATCH_INPUT!$F$22:$F$25, BK17, MATCH_INPUT!$K$22:$K$25, "<>"&BK17, MATCH_INPUT!$K$22:$K$25, "<>Draw", MATCH_INPUT!$K$22:$K$25, "<>""") + COUNTIFS(MATCH_INPUT!$J$22:$J$25, BK17, MATCH_INPUT!$K$22:$K$25, "<>"&BK17, MATCH_INPUT!$K$22:$K$25, "<>Draw", MATCH_INPUT!$K$22:$K$25, "<>"""), 0) -> 0 | BR17: {=IFERROR( INDEX(PLAYER_STAT!E$2:E64, MATCH(1, (PLAYER_STAT!A$2:A64 = MATCH_DATES!$A$7) * (PLAYER_STAT!D$2:D64 = $B17), 0) ), "" )} | BS17: {=IFERROR( INDEX(PLAYER_STAT!F$2:F64, MATCH(1, (PLAYER_STAT!A$2:A64 = MATCH_DATES!$A$7) * (PLAYER_STAT!D$2:D64 = $B17), 0) ), "" )} | BT17: {=IFERROR( INDEX(PLAYER_STAT!G$2:G64, MATCH(1, (PLAYER_STAT!A$2:A64 = MATCH_DATES!$A$7) * (PLAYER_STAT!D$2:D64 = $B17), 0) ), "" )} | BU17: =RANK(BL17, BL$3:BL$38, 0) -> 15 | BV17: =IF(BU17<BI17, "↑", IF(BU17>BI17, "↓", "=")) -> ↓ | BW17: BLUE | BX17: =SUM(BY17:BZ17)+CE17+BL17 -> 48 | BY17: =COUNTA(BW17)*2 -> 2 | BZ17: =SUM(CA17*2)+(CB17*1) + SUMIFS(MATCH_INPUT!$G$26:$G$29, MATCH_INPUT!$F$26:$F$29, BW17) + SUMIFS(MATCH_INPUT!$I$26:$I$29, MATCH_INPUT!$J$26:$J$29, BW17) -> 14 | CA17: =IF(BW17<>"", COUNTIFS(MATCH_INPUT!$K$26:$K$29,BW17), 0) -> 2 | CB17: =IF(BW17<>"", COUNTIFS(MATCH_INPUT!$F$26:$F$29, BW17, MATCH_INPUT!$K$26:$K$29, "Draw") + COUNTIFS(MATCH_INPUT!$J$26:$J$29, BW17, MATCH_INPUT!$K$26:$K$29, "Draw"), 0) -> 0 | CC17: =IF(BW17<>"", COUNTIFS(MATCH_INPUT!$F$26:$F$29, BW17, MATCH_INPUT!$K$26:$K$29, "<>"&BW17, MATCH_INPUT!$K$26:$K$29, "<>Draw", MATCH_INPUT!$K$26:$K$29, "<>""") + COUNTIFS(MATCH_INPUT!$J$26:$J$29, BW17, MATCH_INPUT!$K$26:$K$29, "<>"&BW17, MATCH_INPUT!$K$26:$K$29, "<>Draw", MATCH_INPUT!$K$26:$K$29, "<>"""), 0) -> 0 | CD17: {=IFERROR( INDEX(PLAYER_STAT!E$2:E64, MATCH(1, (PLAYER_STAT!A$2:A64 = MATCH_DATES!$A$8) * (PLAYER_STAT!D$2:D64 = $B17), 0) ), "" )} -> 1 | CE17: {=IFERROR( INDEX(PLAYER_STAT!F$2:F64, MATCH(1, (PLAYER_STAT!A$2:A64 = MATCH_DATES!$A$8) * (PLAYER_STAT!D$2:D64 = $B17), 0) ), "" )} -> 0 | CF17: {=IFERROR( INDEX(PLAYER_STAT!G$2:G64, MATCH(1, (PLAYER_STAT!A$2:A64 = MATCH_DATES!$A$8) * (PLAYER_STAT!D$2:D64 = $B17), 0) ), "" )} -> 0 | CG17: =RANK(BX17, BX$3:BX$38, 0) -> 7 | CH17: =IF(CG17<BU17, "↑", IF(CG17>BU17, "↓", "=")) -> ↑ | CI17: BLUE | CJ17: =SUM(CK17:CL17)+CQ17+BX17 -> 58 | CK17: =COUNTA(CI17)*2 -> 2 | CL17: =SUM(CM17*2)+(CN17*1) + SUMIFS(MATCH_INPUT!$G$30:$G$33, MATCH_INPUT!$F$30:$F$33, CI17) + SUMIFS(MATCH_INPUT!$I$30:$I$33, MATCH_INPUT!$J$30:$J$33, CI17) -> 8 | CM17: =IF(CI17<>"", COUNTIFS(MATCH_INPUT!$K$30:$K$33,CI17), 0) -> 1 | CN17: =IF(CI17<>"", COUNTIFS(MATCH_INPUT!$F$30:$F$33, CI17, MATCH_INPUT!$K$30:$K$33, "Draw") + COUNTIFS(MATCH_INPUT!$J$30:$J$33, CI17, MATCH_INPUT!$K$30:$K$33, "Draw"), 0) -> 0 | CO17: =IF(CI17<>"", COUNTIFS(MATCH_INPUT!$F$30:$F$33, CI17, MATCH_INPUT!$K$30:$K$33, "<>"&CI17, MATCH_INPUT!$K$30:$K$33, "<>Draw", MATCH_INPUT!$K$30:$K$33, "<>""") + COUNTIFS(MATCH_INPUT!$J$30:$J$33, CI17, MATCH_INPUT!$K$30:$K$33, "<>"&CI17, MATCH_INPUT!$K$30:$K$33, "<>Draw", MATCH_INPUT!$K$30:$K$33, "<>"""), 0) -> 1 | CP17: {=IFERROR( INDEX(PLAYER_STAT!E$2:E64, MATCH(1, (PLAYER_STAT!A$2:A64 = MATCH_DATES!$A$9) * (PLAYER_STAT!D$2:D64 = $B17), 0) ), "" )} | CQ17: {=IFERROR( INDEX(PLAYER_STAT!F$2:F64, MATCH(1, (PLAYER_STAT!A$2:A64 = MATCH_DATES!$A$9) * (PLAYER_STAT!D$2:D64 = $B17), 0) ), "" )} | CR17: {=IFERROR( INDEX(PLAYER_STAT!G$2:G64, MATCH(1, (PLAYER_STAT!A$2:A64 = MATCH_DATES!$A$9) * (PLAYER_STAT!D$2:D64 = $B17), 0) ), "" )} | CS17: =RANK(CJ17, CJ$3:CJ$38, 0) -> 4 | CT17: =IF(CS17<CG17, "↑", IF(CS17>CG17, "↓", "=")) -> ↑ | CU17: =SUM(F17,R17,AD17,AP17,BB17,BN17,BZ17,CL17) -> 42 | CV17: =A17 -> 🍂🎃 | CW17: =B17 -> Gerardo | CX17: =SUM(CU17,CY17,DD17) -> 58 | CY17: =SUM( IF(AND(MATCH_DATES!$A$2 <= TODAY(), NOW() >= MATCH_DATES!$A$2 + TIME(22, 0, 0)), E17, 0), IF(AND(MATCH_DATES!$A$3 <= TODAY(), NOW() >= MATCH_DATES!$A$3 + TIME(22, 0, 0)), Q17, 0), IF(AND(MATCH_DATES!$A$4 <= TODAY(), NOW() >= MATCH_DATES!$A$4 + TIME(22, 0, 0)), AC17, 0), IF(AND(MATCH_DATES!$A$5 <= TODAY(), NOW() >= MATCH_DATES!$A$5 + TIME(22, 0, 0)), AO17, 0), IF(AND(MATCH_DATES!$A$6 <= TODAY(), NOW() >= MATCH_DATES!$A$6 + TIME(22, 0, 0)), BA17, 0), IF(AND(MATCH_DATES!$A$7 <= TODAY(), NOW() >= MATCH_DATES!$A$7 + TIME(22, 0, 0)), BM17, 0), IF(AND(MATCH_DATES!$A$8 <= TODAY(), NOW() >= MATCH_DATES!$A$8 + TIME(22, 0, 0)), BY17, 0), IF(AND(MATCH_DATES!$A$9 <= TODAY(), NOW() >= MATCH_DATES!$A$9 + TIME(22, 0, 0)), CK17, 0) ) -> 16 | CZ17: =SUM(G17,S17,AE17,AQ17,BC17,BO17,CA17,CM17) -> 9 | DA17: =SUM(H17,T17,AF17,AR17,BD17,BP17,CB17,CN17) -> 3 | DB17: =SUM( IF(AND(MATCH_DATES!$A$2 <= TODAY(), NOW() >= MATCH_DATES!$A$2 + TIME(22, 0, 0)), I17, 0), IF(AND(MATCH_DATES!$A$3 <= TODAY(), NOW() >= MATCH_DATES!$A$3 + TIME(22, 0, 0)), U17, 0), IF(AND(MATCH_DATES!$A$4 <= TODAY(), NOW() >= MATCH_DATES!$A$4 + TIME(22, 0, 0)), AG17, 0), IF(AND(MATCH_DATES!$A$5 <= TODAY(), NOW() >= MATCH_DATES!$A$5 + TIME(22, 0, 0)), AS17, 0), IF(AND(MATCH_DATES!$A$6 <= TODAY(), NOW() >= MATCH_DATES!$A$6 + TIME(22, 0, 0)), BE17, 0), IF(AND(MATCH_DATES!$A$7 <= TODAY(), NOW() >= MATCH_DATES!$A$7 + TIME(22, 0, 0)), BQ17, 0), IF(AND(MATCH_DATES!$A$8 <= TODAY(), NOW() >= MATCH_DATES!$A$8 + TIME(22, 0, 0)), CC17, 0), IF(AND(MATCH_DATES!$A$9 <= TODAY(), NOW() >= MATCH_DATES!$A$9 + TIME(22, 0, 0)), CO17, 0) ) -> 4 | DC17: =sum(J17,V17,AH17,AT17,BF17,BR17,CD17,CP17) -> 2 | DD17: =SUM(K17,W17,AI17,AU17,BG17,BS17,CE17,CQ17) -> 0 | DE17: =SUM(L17,X17,AJ17,AV17,BH17,BT17,CF17,CR17) -> 0
A18: 🍂🎃 | B18: Javier | C18: GREEN | D18: =SUM(E18:F18)+K18 -> 4 | E18: =COUNTA(C18)*2 -> 2 | F18: =(G18*2)+(H18*1) -> 2 | G18: =IF(C18<>"", COUNTIFS(MATCH_INPUT!$K$2:$K$5,C18), 0) -> 1 | H18: =IF(C18<>"", COUNTIFS(MATCH_INPUT!$F$2:$F$5, C18, MATCH_INPUT!$K$2:$K$5, "Draw") + COUNTIFS(MATCH_INPUT!$J$2:$J$5, C18, MATCH_INPUT!$K$2:$K$5, "Draw"), 0) -> 0 | I18: =IF(C18<>"", COUNTIFS(MATCH_INPUT!$F$2:$F$5, C18, MATCH_INPUT!$K$2:$K$5, "<>"&C18, MATCH_INPUT!$K$2:$K$5, "<>Draw", MATCH_INPUT!$K$2:$K$5, "<>""") + COUNTIFS(MATCH_INPUT!$J$2:$J$5, C18, MATCH_INPUT!$K$2:$K$5, "<>"&C18, MATCH_INPUT!$K$2:$K$5, "<>Draw", MATCH_INPUT!$K$2:$K$5, "<>"""), 0) -> 1 | J18: {=IFERROR( INDEX(PLAYER_STAT!E$2:E64, MATCH(1, (PLAYER_STAT!A$2:A64 = MATCH_DATES!$A$2) * (PLAYER_STAT!D$2:D64 = $B18), 0) ), "" )} | K18: {=IFERROR( INDEX(PLAYER_STAT!F$2:F64, MATCH(1, (PLAYER_STAT!A$2:A64 = MATCH_DATES!$A$2) * (PLAYER_STAT!D$2:D64 = $B18), 0) ), "" )} | L18: {=IFERROR( INDEX(PLAYER_STAT!G$2:G64, MATCH(1, (PLAYER_STAT!A$2:A64 = MATCH_DATES!$A$2) * (PLAYER_STAT!D$2:D64 = $B18), 0) ), "" )} | M18: =RANK(D18, D$3:D$39, 0) -> 11 | N18: =IF(M18<1, "↑", IF(M18>1, "↓", "=")) -> ↓ | O18: MAGENTA | P18: =SUM(Q18:R18)+D18+W18 -> 8 | Q18: =COUNTA(O18)*2 -> 2 | R18: =(S18*2)+(T18*1) -> 2 | S18: =IF(O18<>"", COUNTIFS(MATCH_INPUT!$K$6:$K$9,O18), 0) -> 0 | T18: =IF(O18<>"", COUNTIFS(MATCH_INPUT!$F$6:$F$9, O18, MATCH_INPUT!$K$6:$K$9, "Draw") + COUNTIFS(MATCH_INPUT!$J$6:$J$9, O18, MATCH_INPUT!$K$6:$K$9, "Draw"), 0) -> 2 | U18: =IF(O18<>"", COUNTIFS(MATCH_INPUT!$F$6:$F$9, O18, MATCH_INPUT!$K$6:$K$9, "<>"&O18, MATCH_INPUT!$K$6:$K$9, "<>Draw", MATCH_INPUT!$K$6:$K$9, "<>""") + COUNTIFS(MATCH_INPUT!$J$6:$J$9, O18, MATCH_INPUT!$K$6:$K$9, "<>"&O18, MATCH_INPUT!$K$6:$K$9, "<>Draw", MATCH_INPUT!$K$6:$K$9, "<>"""), 0) -> 0 | V18: {=IFERROR( INDEX(PLAYER_STAT!E$2:E64, MATCH(1, (PLAYER_STAT!A$2:A64 = MATCH_DATES!$A$3) * (PLAYER_STAT!D$2:D64 = $B18), 0) ), "" )} | W18: {=IFERROR( INDEX(PLAYER_STAT!F$2:F64, MATCH(1, (PLAYER_STAT!A$2:A64 = MATCH_DATES!$A$3) * (PLAYER_STAT!D$2:D64 = $B18), 0) ), "" )} | X18: {=IFERROR( INDEX(PLAYER_STAT!G$2:G64, MATCH(1, (PLAYER_STAT!A$2:A64 = MATCH_DATES!$A$3) * (PLAYER_STAT!D$2:D64 = $B18), 0) ), "" )} | Y18: =RANK(P18, P$3:P$38, 0) -> 13 | Z18: =IF(Y18<M18, "↑", IF(Y18>M18, "↓", "=")) -> ↓ | AA18: GREEN | AB18: =SUM(AC18:AD18)+P18+AI18 -> 14 | AC18: =COUNTA(AA18)*2 -> 2 | AD18: =SUM(AE18*2)+(AF18*1) -> 4 | AE18: =IF(AA18<>"", COUNTIFS(MATCH_INPUT!$K$10:$K$13,AA18), 0) -> 2 | AF18: =IF(AA18<>"", COUNTIFS(MATCH_INPUT!$F$10:$F$13, AA18, MATCH_INPUT!$K$10:$K$13, "Draw") + COUNTIFS(MATCH_INPUT!$J$10:$J$13, AA18, MATCH_INPUT!$K$10:$K$13, "Draw"), 0) -> 0 | AG18: =IF(AA18<>"", COUNTIFS(MATCH_INPUT!$F$10:$F$13, AA18, MATCH_INPUT!$K$10:$K$13, "<>"&AA18, MATCH_INPUT!$K$10:$K$13, "<>Draw", MATCH_INPUT!$K$10:$K$13, "<>""") + COUNTIFS(MATCH_INPUT!$J$10:$J$13, AA18, MATCH_INPUT!$K$10:$K$13, "<>"&AA18, MATCH_INPUT!$K$10:$K$13, "<>Draw", MATCH_INPUT!$K$10:$K$13, "<>"""), 0) -> 0 | AH18: {=IFERROR( INDEX(PLAYER_STAT!E$2:E64, MATCH(1, (PLAYER_STAT!A$2:A64 = MATCH_DATES!$A$4) * (PLAYER_STAT!D$2:D64 = $B18), 0) ), "" )} | AI18: {=IFERROR( INDEX(PLAYER_STAT!F$2:F64, MATCH(1, (PLAYER_STAT!A$2:A64 = MATCH_DATES!$A$4) * (PLAYER_STAT!D$2:D64 = $B18), 0) ), "" )} | AJ18: {=IFERROR( INDEX(PLAYER_STAT!G$2:G64, MATCH(1, (PLAYER_STAT!A$2:A64 = MATCH_DATES!$A$4) * (PLAYER_STAT!D$2:D64 = $B18), 0) ), "" )} | AK18: =RANK(AB18, AB$3:AB$38, 0) -> 6 | AL18: =IF(AK18<Y18, "↑", IF(AK18>Y18, "↓", "=")) -> ↑ | AM18: BLUE | AN18: =SUM(AO18:AP18)+AB18+AU18 -> 18 | AO18: =COUNTA(AM18)*2 -> 2 | AP18: =SUM(AQ18*2)+(AR18*1) -> 2 | AQ18: =IF(AM18<>"", COUNTIFS(MATCH_INPUT!$K$14:$K$17,AM18), 0) -> 1 | AR18: =IF(AM18<>"", COUNTIFS(MATCH_INPUT!$F$14:$F$17, AM18, MATCH_INPUT!$K$14:$K$17, "Draw") + COUNTIFS(MATCH_INPUT!$J$14:$J$17, AM18, MATCH_INPUT!$K$14:$K$17, "Draw"), 0) -> 0 | AS18: =IF(AM18<>"", COUNTIFS(MATCH_INPUT!$F$14:$F$17, AM18, MATCH_INPUT!$K$14:$K$17, "<>"&AM18, MATCH_INPUT!$K$14:$K$17, "<>Draw", MATCH_INPUT!$K$14:$K$17, "<>""") + COUNTIFS(MATCH_INPUT!$J$14:$J$17, AM18, MATCH_INPUT!$K$14:$K$17, "<>"&AM18, MATCH_INPUT!$K$14:$K$17, "<>Draw", MATCH_INPUT!$K$14:$K$17, "<>"""), 0) -> 1 | AT18: {=IFERROR( INDEX(PLAYER_STAT!E$2:E64, MATCH(1, (PLAYER_STAT!A$2:A64 = MATCH_DATES!$A$5) * (PLAYER_STAT!D$2:D64 = $B18), 0) ), "" )} | AU18: {=IFERROR( INDEX(PLAYER_STAT!F$2:F64, MATCH(1, (PLAYER_STAT!A$2:A64 = MATCH_DATES!$A$5) * (PLAYER_STAT!D$2:D64 = $B18), 0) ), "" )} | AV18: {=IFERROR( INDEX(PLAYER_STAT!G$2:G64, MATCH(1, (PLAYER_STAT!A$2:A64 = MATCH_DATES!$A$5) * (PLAYER_STAT!D$2:D64 = $B18), 0) ), "" )} | AW18: =RANK(AN18, AN$3:AN$38, 0) -> 8 | AX18: =IF(AW18<AK18, "↑", IF(AW18>AK18, "↓", "=")) -> ↓ | AY18: BLUE | AZ18: =SUM(BA18:BB18)+BG18+AN18 -> 22 | BA18: =COUNTA(AY18)*2 -> 2 | BB18: =SUM(BC18*2) + (BD18*1) + SUMIFS(MATCH_INPUT!$G$18:$G$21, MATCH_INPUT!$F$18:$F$21, AY18) + SUMIFS(MATCH_INPUT!$I$18:$I$21, MATCH_INPUT!$J$18:$J$21, AY18) -> 2 | BC18: =IF(AY18<>"", COUNTIFS(MATCH_INPUT!$K$18:$K$21,AY18), 0) -> 0 | BD18: =IF(AY18<>"", COUNTIFS(MATCH_INPUT!$F$18:$F$21, AY18, MATCH_INPUT!$K$18:$K$21, "Draw") + COUNTIFS(MATCH_INPUT!$J$18:$J$21, AY18, MATCH_INPUT!$K$18:$K$21, "Draw"), 0) -> 1 | BE18: =IF(AY18<>"", COUNTIFS(MATCH_INPUT!$F$18:$F$21, AY18, MATCH_INPUT!$K$18:$K$21, "<>"&AY18, MATCH_INPUT!$K$18:$K$21, "<>Draw", MATCH_INPUT!$K$18:$K$21, "<>""") + COUNTIFS(MATCH_INPUT!$J$18:$J$21, AY18, MATCH_INPUT!$K$18:$K$21, "<>"&AY18, MATCH_INPUT!$K$18:$K$21, "<>Draw", MATCH_INPUT!$K$18:$K$21, "<>"""), 0) -> 1 | BF18: {=IFERROR( INDEX(PLAYER_STAT!E$2:E64, MATCH(1, (PLAYER_STAT!A$2:A64 = MATCH_DATES!$A$6) * (PLAYER_STAT!D$2:D64 = $B18), 0) ), "" )} | BG18: {=IFERROR( INDEX(PLAYER_STAT!F$2:F64, MATCH(1, (PLAYER_STAT!A$2:A64 = MATCH_DATES!$A$6) * (PLAYER_STAT!D$2:D64 = $B18), 0) ), "" )} | BH18: {=IFERROR( INDEX(PLAYER_STAT!G$2:G64, MATCH(1, (PLAYER_STAT!A$2:A64 = MATCH_DATES!$A$6) * (PLAYER_STAT!D$2:D64 = $B18), 0) ), "" )} | BI18: =RANK(AZ18, AZ$3:AZ$38, 0) -> 16 | BJ18: =IF(BI18<AW18, "↑", IF(BI18>AW18, "↓", "=")) -> ↓ | BK18: BLUE | BL18: =SUM(BM18:BN18)+BS18+AZ18 -> 26 | BM18: =COUNTA(BK18)*2 -> 2 | BN18: =SUM(BO18*2) + (BP18*1) + SUMIFS(MATCH_INPUT!$G$22:$G$25, MATCH_INPUT!$F$22:$F$25, BK18) + SUMIFS(MATCH_INPUT!$I$22:$I$25, MATCH_INPUT!$J$22:$J$25, BK18) -> 2 | BO18: =IF(BK18<>"", COUNTIFS(MATCH_INPUT!$K$22:$K$25,BK18), 0) -> 0 | BP18: =IF(BK18<>"", COUNTIFS(MATCH_INPUT!$F$22:$F$25, BK18, MATCH_INPUT!$K$22:$K$25, "Draw") + COUNTIFS(MATCH_INPUT!$J$22:$J$25, BK18, MATCH_INPUT!$K$22:$K$25, "Draw"), 0) -> 1 | BQ18: =IF(BK18<>"", COUNTIFS(MATCH_INPUT!$F$22:$F$25, BK18, MATCH_INPUT!$K$22:$K$25, "<>"&BK18, MATCH_INPUT!$K$22:$K$25, "<>Draw", MATCH_INPUT!$K$22:$K$25, "<>""") + COUNTIFS(MATCH_INPUT!$J$22:$J$25, BK18, MATCH_INPUT!$K$22:$K$25, "<>"&BK18, MATCH_INPUT!$K$22:$K$25, "<>Draw", MATCH_INPUT!$K$22:$K$25, "<>"""), 0) -> 1 | BR18: {=IFERROR( INDEX(PLAYER_STAT!E$2:E64, MATCH(1, (PLAYER_STAT!A$2:A64 = MATCH_DATES!$A$7) * (PLAYER_STAT!D$2:D64 = $B18), 0) ), "" )} -> 1 | BS18: {=IFERROR( INDEX(PLAYER_STAT!F$2:F64, MATCH(1, (PLAYER_STAT!A$2:A64 = MATCH_DATES!$A$7) * (PLAYER_STAT!D$2:D64 = $B18), 0) ), "" )} -> 0 | BT18: {=IFERROR( INDEX(PLAYER_STAT!G$2:G64, MATCH(1, (PLAYER_STAT!A$2:A64 = MATCH_DATES!$A$7) * (PLAYER_STAT!D$2:D64 = $B18), 0) ), "" )} -> 0 | BU18: =RANK(BL18, BL$3:BL$38, 0) -> 25 | BV18: =IF(BU18<BI18, "↑", IF(BU18>BI18, "↓", "=")) -> ↓ | BW18: MAGENTA | BX18: =SUM(BY18:BZ18)+CE18+BL18 -> 29 | BY18: =COUNTA(BW18)*2 -> 2 | BZ18: =SUM(CA18*2)+(CB18*1) + SUMIFS(MATCH_INPUT!$G$26:$G$29, MATCH_INPUT!$F$26:$F$29, BW18) + SUMIFS(MATCH_INPUT!$I$26:$I$29, MATCH_INPUT!$J$26:$J$29, BW18) -> 1 | CA18: =IF(BW18<>"", COUNTIFS(MATCH_INPUT!$K$26:$K$29,BW18), 0) -> 0 | CB18: =IF(BW18<>"", COUNTIFS(MATCH_INPUT!$F$26:$F$29, BW18, MATCH_INPUT!$K$26:$K$29, "Draw") + COUNTIFS(MATCH_INPUT!$J$26:$J$29, BW18, MATCH_INPUT!$K$26:$K$29, "Draw"), 0) -> 0 | CC18: =IF(BW18<>"", COUNTIFS(MATCH_INPUT!$F$26:$F$29, BW18, MATCH_INPUT!$K$26:$K$29, "<>"&BW18, MATCH_INPUT!$K$26:$K$29, "<>Draw", MATCH_INPUT!$K$26:$K$29, "<>""") + COUNTIFS(MATCH_INPUT!$J$26:$J$29, BW18, MATCH_INPUT!$K$26:$K$29, "<>"&BW18, MATCH_INPUT!$K$26:$K$29, "<>Draw", MATCH_INPUT!$K$26:$K$29, "<>"""), 0) -> 2 | CD18: {=IFERROR( INDEX(PLAYER_STAT!E$2:E64, MATCH(1, (PLAYER_STAT!A$2:A64 = MATCH_DATES!$A$8) * (PLAYER_STAT!D$2:D64 = $B18), 0) ), "" )} | CE18: {=IFERROR( INDEX(PLAYER_STAT!F$2:F64, MATCH(1, (PLAYER_STAT!A$2:A64 = MATCH_DATES!$A$8) * (PLAYER_STAT!D$2:D64 = $B18), 0) ), "" )} | CF18: {=IFERROR( INDEX(PLAYER_STAT!G$2:G64, MATCH(1, (PLAYER_STAT!A$2:A64 = MATCH_DATES!$A$8) * (PLAYER_STAT!D$2:D64 = $B18), 0) ), "" )} | CG18: =RANK(BX18, BX$3:BX$38, 0) -> 26 | CH18: =IF(CG18<BU18, "↑", IF(CG18>BU18, "↓", "=")) -> ↓ | CI18: BLUE | CJ18: =SUM(CK18:CL18)+CQ18+BX18 -> 39 | CK18: =COUNTA(CI18)*2 -> 2 | CL18: =SUM(CM18*2)+(CN18*1) + SUMIFS(MATCH_INPUT!$G$30:$G$33, MATCH_INPUT!$F$30:$F$33, CI18) + SUMIFS(MATCH_INPUT!$I$30:$I$33, MATCH_INPUT!$J$30:$J$33, CI18) -> 8 | CM18: =IF(CI18<>"", COUNTIFS(MATCH_INPUT!$K$30:$K$33,CI18), 0) -> 1 | CN18: =IF(CI18<>"", COUNTIFS(MATCH_INPUT!$F$30:$F$33, CI18, MATCH_INPUT!$K$30:$K$33, "Draw") + COUNTIFS(MATCH_INPUT!$J$30:$J$33, CI18, MATCH_INPUT!$K$30:$K$33, "Draw"), 0) -> 0 | CO18: =IF(CI18<>"", COUNTIFS(MATCH_INPUT!$F$30:$F$33, CI18, MATCH_INPUT!$K$30:$K$33, "<>"&CI18, MATCH_INPUT!$K$30:$K$33, "<>Draw", MATCH_INPUT!$K$30:$K$33, "<>""") + COUNTIFS(MATCH_INPUT!$J$30:$J$33, CI18, MATCH_INPUT!$K$30:$K$33, "<>"&CI18, MATCH_INPUT!$K$30:$K$33, "<>Draw", MATCH_INPUT!$K$30:$K$33, "<>"""), 0) -> 1 | CP18: {=IFERROR( INDEX(PLAYER_STAT!E$2:E64, MATCH(1, (PLAYER_STAT!A$2:A64 = MATCH_DATES!$A$9) * (PLAYER_STAT!D$2:D64 = $B18), 0) ), "" )} | CQ18: {=IFERROR( INDEX(PLAYER_STAT!F$2:F64, MATCH(1, (PLAYER_STAT!A$2:A64 = MATCH_DATES!$A$9) * (PLAYER_STAT!D$2:D64 = $B18), 0) ), "" )} | CR18: {=IFERROR( INDEX(PLAYER_STAT!G$2:G64, MATCH(1, (PLAYER_STAT!A$2:A64 = MATCH_DATES!$A$9) * (PLAYER_STAT!D$2:D64 = $B18), 0) ), "" )} | CS18: =RANK(CJ18, CJ$3:CJ$38, 0) -> 25 | CT18: =IF(CS18<CG18, "↑", IF(CS18>CG18, "↓", "=")) -> ↑ | CU18: =SUM(F18,R18,AD18,AP18,BB18,BN18,BZ18,CL18) -> 23 | CV18: =A18 -> 🍂🎃 | CW18: =B18 -> Javier | CX18: =SUM(CU18,CY18,DD18) -> 39 | CY18: =SUM( IF(AND(MATCH_DATES!$A$2 <= TODAY(), NOW() >= MATCH_DATES!$A$2 + TIME(22, 0, 0)), E18, 0), IF(AND(MATCH_DATES!$A$3 <= TODAY(), NOW() >= MATCH_DATES!$A$3 + TIME(22, 0, 0)), Q18, 0), IF(AND(MATCH_DATES!$A$4 <= TODAY(), NOW() >= MATCH_DATES!$A$4 + TIME(22, 0, 0)), AC18, 0), IF(AND(MATCH_DATES!$A$5 <= TODAY(), NOW() >= MATCH_DATES!$A$5 + TIME(22, 0, 0)), AO18, 0), IF(AND(MATCH_DATES!$A$6 <= TODAY(), NOW() >= MATCH_DATES!$A$6 + TIME(22, 0, 0)), BA18, 0), IF(AND(MATCH_DATES!$A$7 <= TODAY(), NOW() >= MATCH_DATES!$A$7 + TIME(22, 0, 0)), BM18, 0), IF(AND(MATCH_DATES!$A$8 <= TODAY(), NOW() >= MATCH_DATES!$A$8 + TIME(22, 0, 0)), BY18, 0), IF(AND(MATCH_DATES!$A$9 <= TODAY(), NOW() >= MATCH_DATES!$A$9 + TIME(22, 0, 0)), CK18, 0) ) -> 16 | CZ18: =SUM(G18,S18,AE18,AQ18,BC18,BO18,CA18,CM18) -> 5 | DA18: =SUM(H18,T18,AF18,AR18,BD18,BP18,CB18,CN18) -> 4 | DB18: =SUM( IF(AND(MATCH_DATES!$A$2 <= TODAY(), NOW() >= MATCH_DATES!$A$2 + TIME(22, 0, 0)), I18, 0), IF(AND(MATCH_DATES!$A$3 <= TODAY(), NOW() >= MATCH_DATES!$A$3 + TIME(22, 0, 0)), U18, 0), IF(AND(MATCH_DATES!$A$4 <= TODAY(), NOW() >= MATCH_DATES!$A$4 + TIME(22, 0, 0)), AG18, 0), IF(AND(MATCH_DATES!$A$5 <= TODAY(), NOW() >= MATCH_DATES!$A$5 + TIME(22, 0, 0)), AS18, 0), IF(AND(MATCH_DATES!$A$6 <= TODAY(), NOW() >= MATCH_DATES!$A$6 + TIME(22, 0, 0)), BE18, 0), IF(AND(MATCH_DATES!$A$7 <= TODAY(), NOW() >= MATCH_DATES!$A$7 + TIME(22, 0, 0)), BQ18, 0), IF(AND(MATCH_DATES!$A$8 <= TODAY(), NOW() >= MATCH_DATES!$A$8 + TIME(22, 0, 0)), CC18, 0), IF(AND(MATCH_DATES!$A$9 <= TODAY(), NOW() >= MATCH_DATES!$A$9 + TIME(22, 0, 0)), CO18, 0) ) -> 7 | DC18: =sum(J18,V18,AH18,AT18,BF18,BR18,CD18,CP18) -> 1 | DD18: =SUM(K18,W18,AI18,AU18,BG18,BS18,CE18,CQ18) -> 0 | DE18: =SUM(L18,X18,AJ18,AV18,BH18,BT18,CF18,CR18) -> 0
