Workbook
Name MANDARINA_SEASON: WEEKLY_TEAMS!$A$1:$CY$53
Name LeagueStandingsTable: LEAGUE_STANDINGS!$B$13:$L$110

Sheet MATCH DATES
B1: Season to start 3/6/25
A2: 45722 | B2: MATCH DAY 1
A3: 45729 | B3: MATCH DAY 2
A4: 45736 | B4: MATCH DAY 3
A5: 45743 | B5: MATCH DAY 4
A6: 45750 | B6: MATCH DAY 5
A7: 45757 | B7: MATCH DAY 6
A8: 45764 | B8: MATCH DAY 7
A9: 45771 | B9: MATCH DAY 8
A15: WHAT IS THE PRIORITY SORTING FOR THIS
A17: With the updated formula I provided, the priority sorting is as follows:
A19: Total Points (CQ) - Highest priority, sorted in descending order.
A21: Wins (CR) - Second priority, sorted in descending order.
A23: Draws (CS) - Third priority, sorted in descending order.
A25: Losses (CT) - Fourth priority, sorted in descending order.
A27: Goals (CU) - Fifth priority, sorted in descending order.
A29: Clean Sheets (CV) - Sixth priority, sorted in descending order.
A31: Attendance (Matches Played) (CP) - Last priority, sorted in descending order.
A33: This order ensures that Total Points will always take precedence, followed by the other criteria in the order specified. This way, even if a player or team has high values in goals or clean sheets, the primary sorting criterion will still be Total Points.

Sheet WEEKLY_TEAMS
C1: MATCHDAY 1 | O1: MATCHDAY 2 | AA1: MATCHDAY 3 | AM1: MATCHDAY 4 | AY1: MATCHDAY 5 | BK1: MATCHDAY 6 | BW1: MATCHDAY 7 | CI1: MATCHDAY 8
A2: STATUS | B2: PLAYER | C2: MD 1 TEAM | D2: MD 1 TOTAL POINTS | E2: MD 1 ATTENDANCE | F2: MD 1 POINTS | G2: MD 1 (W) | H2: MD 1 (D) | I2: MD 1 (L) | J2: MD 1 GOALS | K2: MD 1 GOALIE POINT | L2: MD 1 CLEAN SHEET | M2: MD 1 RANK | N2: MD 1 FORM | O2: MD 2 TEAM | P2: MD 2 ACCUMULATED POINTS | Q2: MD 2 ATTENDANCE | R2: MD 2 POINTS | S2: MD 2 (W) | T2: MD 2 (D) | U2: MD 2 (L) | V2: MD 2 GOALS | W2: MD 2 GOALIE POINT | X2: MD 2 Clean Sheet | Y2: MD 2 RANK | Z2: MD 2 FORM | AA2: MD 3 TEAM | AB2: MD 3 ACCUMULATED POINTS | AC2: MD 3 ATTENDANCE | AD2: MD 3 POINTS | AE2: MD 3 (W) | AF2: MD 3 (D) | AG2: MD 3 (L) | AH2: MD 3 GOALS | AI2: MD 3 GOALIE POINT | AJ2: MD 3 CLEAN SHEET | AK2: MD 3 RANK | AL2: MD 3 FORM | AM2: MD 4 TEAM | AN2: MD 4 ACCUMULATED POINTS | AO2: MD 4 ATTENDANCE | AP2: MD 4 POINTS | AQ2: MD 4 (W) | AR2: MD 4 (D) | AS2: MD 4 (L) | AT2: MD 4 GOALS | AU2: MD 4 GOALIE POINT | AV2: MD 4 Clean Sheet | AW2: MD 4 RANK | AX2: MD 4 FORM | AY2: MD 5 TEAM | AZ2: MD 5 ACCUMULATED POINTS | BA2: MD 5 ATTENDANCE | BB2: MD 5 POINTS | BC2: MD 5 (W) | BD2: MD 5 (D) | BE2: MD 5 (L) | BF2: MD 5 GOALS | BG2: MD 5 GOALIE POINT | BH2: MD 5 CLEAN SHEET | BI2: MD 5 RANK | BJ2: MD 5 FORM | BK2: MD 6 TEAM | BL2: MD 6 ACCUMULATED POINTS | BM2: MD 6 ATTENDANCE | BN2: MD 6 POINTS | BO2: MD 6 (W) | BP2: MD 6 (D) | BQ2: MD 6 (L) | BR2: MD 6 GOALS | BS2: MD 6 GOALIE POINT | BT2: MD 6 Clean Sheet | BU2: MD 6 RANK | BV2: MD 6 FORM | BW2: MD 7 TEAM | BX2: MD 7 ACCUMULATED POINTS | BY2: MD 7 ATTENDANCE | BZ2: MD 7 POINTS | CA2: MD 7 (W) | CB2: MD 7 (D) | CC2: MD 7 (L) | CD2: MD 7 GOALS | CE2: MD 7 GOALIE POINT | CF2: MD 7 CLEAN SHEET | CG2: MD 7 RANK | CH2: MD 7 FORM | CI2: MD 8 TEAM | CJ2: MD 8 ACCUMULATED POINTS | CK2: MD 8 ATTENDANCE | CL2: MD 8 POINTS | CM2: MD 8 (W) | CN2: MD 8 (D) | CO2: MD 8 (L) | CP2: MD 8 GOALS | CQ2: MD 8 GOALIE POINT | CR2: MD 8 Clean Sheet | CS2: MD 8 RANK | CT2: MD 8 FORM | CU2: POINTS FOR GAMES | CV2: SEASON STATUS | CW2: PLAYER_ | CX2: TOTAL POINTS | CY2: ATTENDANCE | CZ2: WINS | DA2: DRAWS | DB2: LOSSES | DC2: Column 110 | DD2: GOALIE POINT | DE2: Column 109 | DF2: CLEAN SHEETS
A3: 🍀 | B3: 🏆 Asdruval | C3: BLUE | D3: =SUM(E3:F3)+K3 -> 6 | E3: =COUNTA(C3)*2 -> 2 | F3: =(G3*2)+(H3*1) -> 4 | G3: =IF(C3<>"", COUNTIFS(MATCH_INPUT!$K$2:$K$5,C3), 0) -> 2 | H3: =IF(C3<>"", COUNTIFS(MATCH_INPUT!$F$2:$F$5, C3, MATCH_INPUT!$K$2:$K$5, "Draw") + COUNTIFS(MATCH_INPUT!$J$2:$J$5, C3, MATCH_INPUT!$K$2:$K$5, "Draw"), 0) -> 0 | I3: =IF(C3<>"", COUNTIFS(MATCH_INPUT!$F$2:$F$5, C3, MATCH_INPUT!$K$2:$K$5, "<>"&C3, MATCH_INPUT!$K$2:$K$5, "<>Draw", MATCH_INPUT!$K$2:$K$5, "<>""") + COUNTIFS(MATCH_INPUT!$J$2:$J$5, C3, MATCH_INPUT!$K$2:$K$5, "<>"&C3, MATCH_INPUT!$K$2:$K$5, "<>Draw", MATCH_INPUT!$K$2:$K$5, "<>"""), 0) -> 0 | M3: =RANK(D3, D$3:D$38, 0) -> 2 | N3: =IF(M3<1, "↑", IF(M3>1, "↓", "=")) -> ↓ | O3: MAGENTA | P3: =SUM(Q3:R3)+D3+W3 -> 9 | Q3: =COUNTA(O3)*2 -> 2 | R3: =(S3*2)+(T3*1) -> 1 | S3: =IF(O3<>"", COUNTIFS(MATCH_INPUT!$K$6:$K$9,O3), 0) -> 0 | T3: =IF(O3<>"", COUNTIFS(MATCH_INPUT!$F$6:$F$9, O3, MATCH_INPUT!$K$6:$K$9, "Draw") + COUNTIFS(MATCH_INPUT!$J$6:$J$9, O3, MATCH_INPUT!$K$6:$K$9, "Draw"), 0) -> 1 | U3: =IF(O3<>"", COUNTIFS(MATCH_INPUT!$F$6:$F$9, O3, MATCH_INPUT!$K$6:$K$9, "<>"&O3, MATCH_INPUT!$K$6:$K$9, "<>Draw", MATCH_INPUT!$K$6:$K$9, "<>""") + COUNTIFS(MATCH_INPUT!$J$6:$J$9, O3, MATCH_INPUT!$K$6:$K$9, "<>"&O3, MATCH_INPUT!$K$6:$K$9, "<>Draw", MATCH_INPUT!$K$6:$K$9, "<>"""), 0) -> 1 | Y3: =RANK(P3, P$3:P$38, 0) -> 10 | Z3: =IF(Y3<M3, "↑", IF(Y3>M3, "↓", "=")) -> ↓ | AA3: BLUE | AB3: =SUM(AC3:AD3)+P3+AI3 -> 13 | AC3: =COUNTA(AA3)*2 -> 2 | AD3: =SUM(AE3*2)+(AF3*1) -> 2 | AE3: =IF(AA3<>"", COUNTIFS(MATCH_INPUT!$K$10:$K$13,AA3), 0) -> 0 | AF3: =IF(AA3<>"", COUNTIFS(MATCH_INPUT!$F$10:$F$13, AA3, MATCH_INPUT!$K$10:$K$13, "Draw") + COUNTIFS(MATCH_INPUT!$J$10:$J$13, AA3, MATCH_INPUT!$K$10:$K$13, "Draw"), 0) -> 2 | AG3: =IF(AA3<>"", COUNTIFS(MATCH_INPUT!$F$10:$F$13, AA3, MATCH_INPUT!$K$10:$K$13, "<>"&AA3, MATCH_INPUT!$K$10:$K$13, "<>Draw", MATCH_INPUT!$K$10:$K$13, "<>""") + COUNTIFS(MATCH_INPUT!$J$10:$J$13, AA3, MATCH_INPUT!$K$10:$K$13, "<>"&AA3, MATCH_INPUT!$K$10:$K$13, "<>Draw", MATCH_INPUT!$K$10:$K$13, "<>"""), 0) -> 0 | AH3: 1 | AK3: =RANK(AB3, AB$3:AB$38, 0) -> 9 | AL3: =IF(AK3<Y3, "↑", IF(AK3>Y3, "↓", "=")) -> ↑ | AM3: BLUE | AN3: =SUM(AO3:AP3)+AB3+AU3 -> 17 | AO3: =COUNTA(AM3)*2 -> 2 | AP3: =SUM(AQ3*2)+(AR3*1) -> 1 | AQ3: =IF(AM3<>"", COUNTIFS(MATCH_INPUT!$K$14:$K$17,AM3), 0) -> 0 | AR3: =IF(AM3<>"", COUNTIFS(MATCH_INPUT!$F$14:$F$17, AM3, MATCH_INPUT!$K$14:$K$17, "Draw") + COUNTIFS(MATCH_INPUT!$J$14:$J$17, AM3, MATCH_INPUT!$K$14:$K$17, "Draw"), 0) -> 1 | AS3: =IF(AM3<>"", COUNTIFS(MATCH_INPUT!$F$14:$F$17, AM3, MATCH_INPUT!$K$14:$K$17, "<>"&AM3, MATCH_INPUT!$K$14:$K$17, "<>Draw", MATCH_INPUT!$K$14:$K$17, "<>""") + COUNTIFS(MATCH_INPUT!$J$14:$J$17, AM3, MATCH_INPUT!$K$14:$K$17, "<>"&AM3, MATCH_INPUT!$K$14:$K$17, "<>Draw", MATCH_INPUT!$K$14:$K$17, "<>"""), 0) -> 1 | AU3: 1 | AW3: =RANK(AN3, AN$3:AN$38, 0) -> 9 | AX3: =IF(AW3<AK3, "↑", IF(AW3>AK3, "↓", "=")) -> = | AY3: ORANGE | AZ3: =SUM(BA3:BB3)+BG3+AN3 -> 30 | BA3: =COUNTA(AY3)*2 -> 2 | BB3: =SUM(BC3*2) + (BD3*1) + SUMIFS(MATCH_INPUT!$G$18:$G$21, MATCH_INPUT!$F$18:$F$21, AY3) + SUMIFS(MATCH_INPUT!$I$18:$I$21, MATCH_INPUT!$J$18:$J$21, AY3) -> 10 | BC3: =IF(AY3<>"", COUNTIFS(MATCH_INPUT!$K$18:$K$21,AY3), 0) -> 2 | BD3: =IF(AY3<>"", COUNTIFS(MATCH_INPUT!$F$18:$F$21, AY3, MATCH_INPUT!$K$18:$K$21, "Draw") + COUNTIFS(MATCH_INPUT!$J$18:$J$21, AY3, MATCH_INPUT!$K$18:$K$21, "Draw"), 0) -> 0 | BE3: =IF(AY3<>"", COUNTIFS(MATCH_INPUT!$F$18:$F$21, AY3, MATCH_INPUT!$K$18:$K$21, "<>"&AY3, MATCH_INPUT!$K$18:$K$21, "<>Draw", MATCH_INPUT!$K$18:$K$21, "<>""") + COUNTIFS(MATCH_INPUT!$J$18:$J$21, AY3, MATCH_INPUT!$K$18:$K$21, "<>"&AY3, MATCH_INPUT!$K$18:$K$21, "<>Draw", MATCH_INPUT!$K$18:$K$21, "<>"""), 0) -> 0 | BG3: 1 | BI3: =RANK(AZ3, AZ$3:AZ$38, 0) -> 2 | BJ3: =IF(BI3<AW3, "↑", IF(BI3>AW3, "↓", "=")) -> ↑ | BK3: GREEN | BL3: =SUM(BM3:BN3)+BS3+AZ3 -> 37 | BM3: =COUNTA(BK3)*2 -> 2 | BN3: =SUM(BO3*2) + (BP3*1) + SUMIFS(MATCH_INPUT!$G$22:$G$25, MATCH_INPUT!$F$22:$F$25, BK3) + SUMIFS(MATCH_INPUT!$I$22:$I$25, MATCH_INPUT!$J$22:$J$25, BK3) -> 5 | BO3: =IF(BK3<>"", COUNTIFS(MATCH_INPUT!$K$22:$K$25,BK3), 0) -> 1 | BP3: =IF(BK3<>"", COUNTIFS(MATCH_INPUT!$F$22:$F$25, BK3, MATCH_INPUT!$K$22:$K$25, "Draw") + COUNTIFS(MATCH_INPUT!$J$22:$J$25, BK3, MATCH_INPUT!$K$22:$K$25, "Draw"), 0) -> 1 | BQ3: =IF(BK3<>"", COUNTIFS(MATCH_INPUT!$F$22:$F$25, BK3, MATCH_INPUT!$K$22:$K$25, "<>"&BK3, MATCH_INPUT!$K$22:$K$25, "<>Draw", MATCH_INPUT!$K$22:$K$25, "<>""") + COUNTIFS(MATCH_INPUT!$J$22:$J$25, BK3, MATCH_INPUT!$K$22:$K$25, "<>"&BK3, MATCH_INPUT!$K$22:$K$25, "<>Draw", MATCH_INPUT!$K$22:$K$25, "<>"""), 0) -> 0 | BU3: =RANK(BL3, BL$3:BL$38, 0) -> 1 | BV3: =IF(BU3<BI3, "↑", IF(BU3>BI3, "↓", "=")) -> ↑ | BW3: GREEN | BX3: =SUM(BY3:BZ3)+CE3+BL3 -> 42 | BY3: =COUNTA(BW3)*2 -> 2 | BZ3: =SUM(CA3*2)+(CB3*1) + SUMIFS(MATCH_INPUT!$G$26:$G$29, MATCH_INPUT!$F$26:$F$29, BW3) + SUMIFS(MATCH_INPUT!$I$26:$I$29, MATCH_INPUT!$J$26:$J$29, BW3) -> 3 | CA3: =IF(BW3<>"", COUNTIFS(MATCH_INPUT!$K$26:$K$29,BW3), 0) -> 0 | CB3: =IF(BW3<>"", COUNTIFS(MATCH_INPUT!$F$26:$F$29, BW3, MATCH_INPUT!$K$26:$K$29, "Draw") + COUNTIFS(MATCH_INPUT!$J$26:$J$29, BW3, MATCH_INPUT!$K$26:$K$29, "Draw"), 0) -> 2 | CC3: =IF(BW3<>"", COUNTIFS(MATCH_INPUT!$F$26:$F$29, BW3, MATCH_INPUT!$K$26:$K$29, "<>"&BW3, MATCH_INPUT!$K$26:$K$29, "<>Draw", MATCH_INPUT!$K$26:$K$29, "<>""") + COUNTIFS(MATCH_INPUT!$J$26:$J$29, BW3, MATCH_INPUT!$K$26:$K$29, "<>"&BW3, MATCH_INPUT!$K$26:$K$29, "<>Draw", MATCH_INPUT!$K$26:$K$29, "<>"""), 0) -> 0 | CG3: =RANK(BX3, BX$3:BX$38, 0) -> 2 | CH3: =IF(CG3<BU3, "↑", IF(CG3>BU3, "↓", "=")) -> ↓ | CI3: ORANGE | CJ3: =SUM(CK3:CL3)+CQ3+BX3 -> 51 | CK3: =COUNTA(CI3)*2 -> 2 | CL3: =SUM(CM3*2)+(CN3*1) + SUMIFS(MATCH_INPUT!$G$30:$G$33, MATCH_INPUT!$F$30:$F$33, CI3) + SUMIFS(MATCH_INPUT!$I$30:$I$33, MATCH_INPUT!$J$30:$J$33, CI3) -> 7 | CM3: =IF(CI3<>"", COUNTIFS(MATCH_INPUT!$K$30:$K$33,CI3), 0) -> 2 | CN3: =IF(CI3<>"", COUNTIFS(MATCH_INPUT!$F$30:$F$33, CI3, MATCH_INPUT!$K$30:$K$33, "Draw") + COUNTIFS(MATCH_INPUT!$J$30:$J$33, CI3, MATCH_INPUT!$K$30:$K$33, "Draw"), 0) -> 0 | CO3: =IF(CI3<>"", COUNTIFS(MATCH_INPUT!$F$30:$F$33, CI3, MATCH_INPUT!$K$30:$K$33, "<>"&CI3, MATCH_INPUT!$K$30:$K$33, "<>Draw", MATCH_INPUT!$K$30:$K$33, "<>""") + COUNTIFS(MATCH_INPUT!$J$30:$J$33, CI3, MATCH_INPUT!$K$30:$K$33, "<>"&CI3, MATCH_INPUT!$K$30:$K$33, "<>Draw", MATCH_INPUT!$K$30:$K$33, "<>"""), 0) -> 0 | CS3: =RANK(CJ3, CJ$3:CJ$38, 0) -> 1 | CT3: =IF(CS3<CG3, "↑", IF(CS3>CG3, "↓", "=")) -> ↑ | CU3: =SUM(F3,R3,AD3,AP3,BB3,BN3,BZ3,CL3) -> 33 | CV3: =A3 -> 🍀 | CW3: =B3 -> 🏆 Asdruval | CX3: =SUM(CU3,CY3,DD3) -> 51 | CY3: =SUM( IF(AND('MATCH DATES'!$A$2 <= TODAY(), NOW() >= 'MATCH DATES'!$A$2 + TIME(22, 0, 0)), E3, 0), IF(AND('MATCH DATES'!$A$3 <= TODAY(), NOW() >= 'MATCH DATES'!$A$3 + TIME(22, 0, 0)), Q3, 0), IF(AND('MATCH DATES'!$A$4 <= TODAY(), NOW() >= 'MATCH DATES'!$A$4 + TIME(22, 0, 0)), AC3, 0), IF(AND('MATCH DATES'!$A$5 <= TODAY(), NOW() >= 'MATCH DATES'!$A$5 + TIME(22, 0, 0)), AO3, 0), IF(AND('MATCH DATES'!$A$6 <= TODAY(), NOW() >= 'MATCH DATES'!$A$6 + TIME(22, 0, 0)), BA3, 0), IF(AND('MATCH DATES'!$A$7 <= TODAY(), NOW() >= 'MATCH DATES'!$A$7 + TIME(22, 0, 0)), BM3, 0), IF(AND('MATCH DATES'!$A$8 <= TODAY(), NOW() >= 'MATCH DATES'!$A$8 + TIME(22, 0, 0)), BY3, 0), IF(AND('MATCH DATES'!$A$9 <= TODAY(), NOW() >= 'MATCH DATES'!$A$9 + TIME(22, 0, 0)), CK3, 0) ) -> 16 | CZ3: =SUM(G3,S3,AE3,AQ3,BC3,BO3,CA3,CM3) -> 7 | DA3: =SUM(H3,T3,AF3,AR3,BD3,BP3,CB3,CN3) -> 7 | DB3: =SUM( IF(AND('MATCH DATES'!$A$2 <= TODAY(), NOW() >= 'MATCH DATES'!$A$2 + TIME(22, 0, 0)), I3, 0), IF(AND('MATCH DATES'!$A$3 <= TODAY(), NOW() >= 'MATCH DATES'!$A$3 + TIME(22, 0, 0)), U3, 0), IF(AND('MATCH DATES'!$A$4 <= TODAY(), NOW() >= 'MATCH DATES'!$A$4 + TIME(22, 0, 0)), AG3, 0), IF(AND('MATCH DATES'!$A$5 <= TODAY(), NOW() >= 'MATCH DATES'!$A$5 + TIME(22, 0, 0)), AS3, 0), IF(AND('MATCH DATES'!$A$6 <= TODAY(), NOW() >= 'MATCH DATES'!$A$6 + TIME(22, 0, 0)), BE3, 0), IF(AND('MATCH DATES'!$A$7 <= TODAY(), NOW() >= 'MATCH DATES'!$A$7 + TIME(22, 0, 0)), BQ3, 0), IF(AND('MATCH DATES'!$A$8 <= TODAY(), NOW() >= 'MATCH DATES'!$A$8 + TIME(22, 0, 0)), CC3, 0), IF(AND('MATCH DATES'!$A$9 <= TODAY(), NOW() >= 'MATCH DATES'!$A$9 + TIME(22, 0, 0)), CO3, 0) ) -> 2 | DD3: =SUM(K3,W3,AI3,AU3,BG3,BS3,CE3,CQ3) -> 2 | DF3: =SUM(L3,X3,AJ3,AV3,BH3,BT3,CF3,CR3) -> 0
A4: 🍀 | B4: 🥈 Carlos S. | C4: GREEN | D4: =SUM(E4:F4)+K4 -> 2 | E4: =COUNTA(C4)*2 -> 2 | F4: =(G4*2)+(H4*1) -> 0 | G4: =IF(C4<>"", COUNTIFS(MATCH_INPUT!$K$2:$K$5,C4), 0) -> 0 | H4: =IF(C4<>"", COUNTIFS(MATCH_INPUT!$F$2:$F$5, C4, MATCH_INPUT!$K$2:$K$5, "Draw") + COUNTIFS(MATCH_INPUT!$J$2:$J$5, C4, MATCH_INPUT!$K$2:$K$5, "Draw"), 0) -> 0 | I4: =IF(C4<>"", COUNTIFS(MATCH_INPUT!$F$2:$F$5, C4, MATCH_INPUT!$K$2:$K$5, "<>"&C4, MATCH_INPUT!$K$2:$K$5, "<>Draw", MATCH_INPUT!$K$2:$K$5, "<>""") + COUNTIFS(MATCH_INPUT!$J$2:$J$5, C4, MATCH_INPUT!$K$2:$K$5, "<>"&C4, MATCH_INPUT!$K$2:$K$5, "<>Draw", MATCH_INPUT!$K$2:$K$5, "<>"""), 0) -> 2 | J4: 1 | M4: =RANK(D4, D$3:D$38, 0) -> 26 | N4: =IF(M4<1, "↑", IF(M4>1, "↓", "=")) -> ↓ | O4: ORANGE | P4: =SUM(Q4:R4)+D4+W4 -> 4 | Q4: =COUNTA(O4)*2 -> 2 | R4: =(S4*2)+(T4*1) -> 0 | S4: =IF(O4<>"", COUNTIFS(MATCH_INPUT!$K$6:$K$9,O4), 0) -> 0 | T4: =IF(O4<>"", COUNTIFS(MATCH_INPUT!$F$6:$F$9, O4, MATCH_INPUT!$K$6:$K$9, "Draw") + COUNTIFS(MATCH_INPUT!$J$6:$J$9, O4, MATCH_INPUT!$K$6:$K$9, "Draw"), 0) -> 0 | U4: =IF(O4<>"", COUNTIFS(MATCH_INPUT!$F$6:$F$9, O4, MATCH_INPUT!$K$6:$K$9, "<>"&O4, MATCH_INPUT!$K$6:$K$9, "<>Draw", MATCH_INPUT!$K$6:$K$9, "<>""") + COUNTIFS(MATCH_INPUT!$J$6:$J$9, O4, MATCH_INPUT!$K$6:$K$9, "<>"&O4, MATCH_INPUT!$K$6:$K$9, "<>Draw", MATCH_INPUT!$K$6:$K$9, "<>"""), 0) -> 2 | Y4: =RANK(P4, P$3:P$38, 0) -> 31 | Z4: =IF(Y4<M4, "↑", IF(Y4>M4, "↓", "=")) -> ↓ | AA4: ORANGE | AB4: =SUM(AC4:AD4)+P4+AI4 -> 9 | AC4: =COUNTA(AA4)*2 -> 2 | AD4: =SUM(AE4*2)+(AF4*1) -> 3 | AE4: =IF(AA4<>"", COUNTIFS(MATCH_INPUT!$K$10:$K$13,AA4), 0) -> 1 | AF4: =IF(AA4<>"", COUNTIFS(MATCH_INPUT!$F$10:$F$13, AA4, MATCH_INPUT!$K$10:$K$13, "Draw") + COUNTIFS(MATCH_INPUT!$J$10:$J$13, AA4, MATCH_INPUT!$K$10:$K$13, "Draw"), 0) -> 1 | AG4: =IF(AA4<>"", COUNTIFS(MATCH_INPUT!$F$10:$F$13, AA4, MATCH_INPUT!$K$10:$K$13, "<>"&AA4, MATCH_INPUT!$K$10:$K$13, "<>Draw", MATCH_INPUT!$K$10:$K$13, "<>""") + COUNTIFS(MATCH_INPUT!$J$10:$J$13, AA4, MATCH_INPUT!$K$10:$K$13, "<>"&AA4, MATCH_INPUT!$K$10:$K$13, "<>Draw", MATCH_INPUT!$K$10:$K$13, "<>"""), 0) -> 0 | AH4: 1 | AK4: =RANK(AB4, AB$3:AB$38, 0) -> 28 | AL4: =IF(AK4<Y4, "↑", IF(AK4>Y4, "↓", "=")) -> ↑ | AM4: ORANGE | AN4: =SUM(AO4:AP4)+AB4+AU4 -> 13 | AO4: =COUNTA(AM4)*2 -> 2 | AP4: =SUM(AQ4*2)+(AR4*1) -> 2 | AQ4: =IF(AM4<>"", COUNTIFS(MATCH_INPUT!$K$14:$K$17,AM4), 0) -> 0 | AR4: =IF(AM4<>"", COUNTIFS(MATCH_INPUT!$F$14:$F$17, AM4, MATCH_INPUT!$K$14:$K$17, "Draw") + COUNTIFS(MATCH_INPUT!$J$14:$J$17, AM4, MATCH_INPUT!$K$14:$K$17, "Draw"), 0) -> 2 | AS4: =IF(AM4<>"", COUNTIFS(MATCH_INPUT!$F$14:$F$17, AM4, MATCH_INPUT!$K$14:$K$17, "<>"&AM4, MATCH_INPUT!$K$14:$K$17, "<>Draw", MATCH_INPUT!$K$14:$K$17, "<>""") + COUNTIFS(MATCH_INPUT!$J$14:$J$17, AM4, MATCH_INPUT!$K$14:$K$17, "<>"&AM4, MATCH_INPUT!$K$14:$K$17, "<>Draw", MATCH_INPUT!$K$14:$K$17, "<>"""), 0) -> 0 | AW4: =RANK(AN4, AN$3:AN$38, 0) -> 26 | AX4: =IF(AW4<AK4, "↑", IF(AW4>AK4, "↓", "=")) -> ↑ | AY4: ORANGE | AZ4: =SUM(BA4:BB4)+BG4+AN4 -> 25 | BA4: =COUNTA(AY4)*2 -> 2 | BB4: =SUM(BC4*2) + (BD4*1) + SUMIFS(MATCH_INPUT!$G$18:$G$21, MATCH_INPUT!$F$18:$F$21, AY4) + SUMIFS(MATCH_INPUT!$I$18:$I$21, MATCH_INPUT!$J$18:$J$21, AY4) -> 10 | BC4: =IF(AY4<>"", COUNTIFS(MATCH_INPUT!$K$18:$K$21,AY4), 0) -> 2 | BD4: =IF(AY4<>"", COUNTIFS(MATCH_INPUT!$F$18:$F$21, AY4, MATCH_INPUT!$K$18:$K$21, "Draw") + COUNTIFS(MATCH_INPUT!$J$18:$J$21, AY4, MATCH_INPUT!$K$18:$K$21, "Draw"), 0) -> 0 | BE4: =IF(AY4<>"", COUNTIFS(MATCH_INPUT!$F$18:$F$21, AY4, MATCH_INPUT!$K$18:$K$21, "<>"&AY4, MATCH_INPUT!$K$18:$K$21, "<>Draw", MATCH_INPUT!$K$18:$K$21, "<>""") + COUNTIFS(MATCH_INPUT!$J$18:$J$21, AY4, MATCH_INPUT!$K$18:$K$21, "<>"&AY4, MATCH_INPUT!$K$18:$K$21, "<>Draw", MATCH_INPUT!$K$18:$K$21, "<>"""), 0) -> 0 | BI4: =RANK(AZ4, AZ$3:AZ$38, 0) -> 8 | BJ4: =IF(BI4<AW4, "↑", IF(BI4>AW4, "↓", "=")) -> ↑ | BK4: BLUE | BL4: =SUM(BM4:BN4)+BS4+AZ4 -> 33 | BM4: =COUNTA(BK4)*2 -> 2 | BN4: =SUM(BO4*2) + (BP4*1) + SUMIFS(MATCH_INPUT!$G$22:$G$25, MATCH_INPUT!$F$22:$F$25, BK4) + SUMIFS(MATCH_INPUT!$I$22:$I$25, MATCH_INPUT!$J$22:$J$25, BK4) -> 6 | BO4: =IF(BK4<>"", COUNTIFS(MATCH_INPUT!$K$22:$K$25,BK4), 0) -> 1 | BP4: =IF(BK4<>"", COUNTIFS(MATCH_INPUT!$F$22:$F$25, BK4, MATCH_INPUT!$K$22:$K$25, "Draw") + COUNTIFS(MATCH_INPUT!$J$22:$J$25, BK4, MATCH_INPUT!$K$22:$K$25, "Draw"), 0) -> 1 | BQ4: =IF(BK4<>"", COUNTIFS(MATCH_INPUT!$F$22:$F$25, BK4, MATCH_INPUT!$K$22:$K$25, "<>"&BK4, MATCH_INPUT!$K$22:$K$25, "<>Draw", MATCH_INPUT!$K$22:$K$25, "<>""") + COUNTIFS(MATCH_INPUT!$J$22:$J$25, BK4, MATCH_INPUT!$K$22:$K$25, "<>"&BK4, MATCH_INPUT!$K$22:$K$25, "<>Draw", MATCH_INPUT!$K$22:$K$25, "<>"""), 0) -> 0 | BU4: =RANK(BL4, BL$3:BL$38, 0) -> 5 | BV4: =IF(BU4<BI4, "↑", IF(BU4>BI4, "↓", "=")) -> ↑ | BW4: BLUE | BX4: =SUM(BY4:BZ4)+CE4+BL4 -> 40 | BY4: =COUNTA(BW4)*2 -> 2 | BZ4: =SUM(CA4*2)+(CB4*1) + SUMIFS(MATCH_INPUT!$G$26:$G$29, MATCH_INPUT!$F$26:$F$29, BW4) + SUMIFS(MATCH_INPUT!$I$26:$I$29, MATCH_INPUT!$J$26:$J$29, BW4) -> 5 | CA4: =IF(BW4<>"", COUNTIFS(MATCH_INPUT!$K$26:$K$29,BW4), 0) -> 1 | CB4: =IF(BW4<>"", COUNTIFS(MATCH_INPUT!$F$26:$F$29, BW4, MATCH_INPUT!$K$26:$K$29, "Draw") + COUNTIFS(MATCH_INPUT!$J$26:$J$29, BW4, MATCH_INPUT!$K$26:$K$29, "Draw"), 0) -> 0 | CC4: =IF(BW4<>"", COUNTIFS(MATCH_INPUT!$F$26:$F$29, BW4, MATCH_INPUT!$K$26:$K$29, "<>"&BW4, MATCH_INPUT!$K$26:$K$29, "<>Draw", MATCH_INPUT!$K$26:$K$29, "<>""") + COUNTIFS(MATCH_INPUT!$J$26:$J$29, BW4, MATCH_INPUT!$K$26:$K$29, "<>"&BW4, MATCH_INPUT!$K$26:$K$29, "<>Draw", MATCH_INPUT!$K$26:$K$29, "<>"""), 0) -> 1 | CD4: 1 | CG4: =RANK(BX4, BX$3:BX$38, 0) -> 5 | CH4: =IF(CG4<BU4, "↑", IF(CG4>BU4, "↓", "=")) -> = | CI4: ORANGE | CJ4: =SUM(CK4:CL4)+CQ4+BX4 -> 49 | CK4: =COUNTA(CI4)*2 -> 2 | CL4: =SUM(CM4*2)+(CN4*1) + SUMIFS(MATCH_INPUT!$G$30:$G$33, MATCH_INPUT!$F$30:$F$33, CI4) + SUMIFS(MATCH_INPUT!$I$30:$I$33, MATCH_INPUT!$J$30:$J$33, CI4) -> 7 | CM4: =IF(CI4<>"", COUNTIFS(MATCH_INPUT!$K$30:$K$33,CI4), 0) -> 2 | CN4: =IF(CI4<>"", COUNTIFS(MATCH_INPUT!$F$30:$F$33, CI4, MATCH_INPUT!$K$30:$K$33, "Draw") + COUNTIFS(MATCH_INPUT!$J$30:$J$33, CI4, MATCH_INPUT!$K$30:$K$33, "Draw"), 0) -> 0 | CO4: =IF(CI4<>"", COUNTIFS(MATCH_INPUT!$F$30:$F$33, CI4, MATCH_INPUT!$K$30:$K$33, "<>"&CI4, MATCH_INPUT!$K$30:$K$33, "<>Draw", MATCH_INPUT!$K$30:$K$33, "<>""") + COUNTIFS(MATCH_INPUT!$J$30:$J$33, CI4, MATCH_INPUT!$K$30:$K$33, "<>"&CI4, MATCH_INPUT!$K$30:$K$33, "<>Draw", MATCH_INPUT!$K$30:$K$33, "<>"""), 0) -> 0 | CS4: =RANK(CJ4, CJ$3:CJ$38, 0) -> 2 | CT4: =IF(CS4<CG4, "↑", IF(CS4>CG4, "↓", "=")) -> ↑ | CU4: =SUM(F4,R4,AD4,AP4,BB4,BN4,BZ4,CL4) -> 33 | CV4: =A4 -> 🍀 | CW4: =B4 -> 🥈 Carlos S. | CX4: =SUM(CU4,CY4,DD4) -> 49 | CY4: =SUM( IF(AND('MATCH DATES'!$A$2 <= TODAY(), NOW() >= 'MATCH DATES'!$A$2 + TIME(22, 0, 0)), E4, 0), IF(AND('MATCH DATES'!$A$3 <= TODAY(), NOW() >= 'MATCH DATES'!$A$3 + TIME(22, 0, 0)), Q4, 0), IF(AND('MATCH DATES'!$A$4 <= TODAY(), NOW() >= 'MATCH DATES'!$A$4 + TIME(22, 0, 0)), AC4, 0), IF(AND('MATCH DATES'!$A$5 <= TODAY(), NOW() >= 'MATCH DATES'!$A$5 + TIME(22, 0, 0)), AO4, 0), IF(AND('MATCH DATES'!$A$6 <= TODAY(), NOW() >= 'MATCH DATES'!$A$6 + TIME(22, 0, 0)), BA4, 0), IF(AND('MATCH DATES'!$A$7 <= TODAY(), NOW() >= 'MATCH DATES'!$A$7 + TIME(22, 0, 0)), BM4, 0), IF(AND('MATCH DATES'!$A$8 <= TODAY(), NOW() >= 'MATCH DATES'!$A$8 + TIME(22, 0, 0)), BY4, 0), IF(AND('MATCH DATES'!$A$9 <= TODAY(), NOW() >= 'MATCH DATES'!$A$9 + TIME(22, 0, 0)), CK4, 0) ) -> 16 | CZ4: =SUM(G4,S4,AE4,AQ4,BC4,BO4,CA4,CM4) -> 7 | DA4: =SUM(H4,T4,AF4,AR4,BD4,BP4,CB4,CN4) -> 4 | DB4: =SUM( IF(AND('MATCH DATES'!$A$2 <= TODAY(), NOW() >= 'MATCH DATES'!$A$2 + TIME(22, 0, 0)), I4, 0), IF(AND('MATCH DATES'!$A$3 <= TODAY(), NOW() >= 'MATCH DATES'!$A$3 + TIME(22, 0, 0)), U4, 0), IF(AND('MATCH DATES'!$A$4 <= TODAY(), NOW() >= 'MATCH DATES'!$A$4 + TIME(22, 0, 0)), AG4, 0), IF(AND('MATCH DATES'!$A$5 <= TODAY(), NOW() >= 'MATCH DATES'!$A$5 + TIME(22, 0, 0)), AS4, 0), IF(AND('MATCH DATES'!$A$6 <= TODAY(), NOW() >= 'MATCH DATES'!$A$6 + TIME(22, 0, 0)), BE4, 0), IF(AND('MATCH DATES'!$A$7 <= TODAY(), NOW() >= 'MATCH DATES'!$A$7 + TIME(22, 0, 0)), BQ4, 0), IF(AND('MATCH DATES'!$A$8 <= TODAY(), NOW() >= 'MATCH DATES'!$A$8 + TIME(22, 0, 0)), CC4, 0), IF(AND('MATCH DATES'!$A$9 <= TODAY(), NOW() >= 'MATCH DATES'!$A$9 + TIME(22, 0, 0)), CO4, 0) ) -> 5 | DD4: =SUM(K4,W4,AI4,AU4,BG4,BS4,CE4,CQ4) -> 0 | DF4: =SUM(L4,X4,AJ4,AV4,BH4,BT4,CF4,CR4) -> 0
A5: 🍀 | B5: 🥉 Andres | C5: BLUE | D5: =SUM(E5:F5)+K5 -> 6 | E5: =COUNTA(C5)*2 -> 2 | F5: =(G5*2)+(H5*1) -> 4 | G5: =IF(C5<>"", COUNTIFS(MATCH_INPUT!$K$2:$K$5,C5), 0) -> 2 | H5: =IF(C5<>"", COUNTIFS(MATCH_INPUT!$F$2:$F$5, C5, MATCH_INPUT!$K$2:$K$5, "Draw") + COUNTIFS(MATCH_INPUT!$J$2:$J$5, C5, MATCH_INPUT!$K$2:$K$5, "Draw"), 0) -> 0 | I5: =IF(C5<>"", COUNTIFS(MATCH_INPUT!$F$2:$F$5, C5, MATCH_INPUT!$K$2:$K$5, "<>"&C5, MATCH_INPUT!$K$2:$K$5, "<>Draw", MATCH_INPUT!$K$2:$K$5, "<>""") + COUNTIFS(MATCH_INPUT!$J$2:$J$5, C5, MATCH_INPUT!$K$2:$K$5, "<>"&C5, MATCH_INPUT!$K$2:$K$5, "<>Draw", MATCH_INPUT!$K$2:$K$5, "<>"""), 0) -> 0 | J5: 1 | M5: =RANK(D5, D$3:D$38, 0) -> 2 | N5: =IF(M5<1, "↑", IF(M5>1, "↓", "=")) -> ↓ | O5: GREEN | P5: =SUM(Q5:R5)+D5+W5 -> 12 | Q5: =COUNTA(O5)*2 -> 2 | R5: =(S5*2)+(T5*1) -> 4 | S5: =IF(O5<>"", COUNTIFS(MATCH_INPUT!$K$6:$K$9,O5), 0) -> 2 | T5: =IF(O5<>"", COUNTIFS(MATCH_INPUT!$F$6:$F$9, O5, MATCH_INPUT!$K$6:$K$9, "Draw") + COUNTIFS(MATCH_INPUT!$J$6:$J$9, O5, MATCH_INPUT!$K$6:$K$9, "Draw"), 0) -> 0 | U5: =IF(O5<>"", COUNTIFS(MATCH_INPUT!$F$6:$F$9, O5, MATCH_INPUT!$K$6:$K$9, "<>"&O5, MATCH_INPUT!$K$6:$K$9, "<>Draw", MATCH_INPUT!$K$6:$K$9, "<>""") + COUNTIFS(MATCH_INPUT!$J$6:$J$9, O5, MATCH_INPUT!$K$6:$K$9, "<>"&O5, MATCH_INPUT!$K$6:$K$9, "<>Draw", MATCH_INPUT!$K$6:$K$9, "<>"""), 0) -> 0 | Y5: =RANK(P5, P$3:P$38, 0) -> 1 | Z5: =IF(Y5<M5, "↑", IF(Y5>M5, "↓", "=")) -> ↑ | AA5: MAGENTA | AB5: =SUM(AC5:AD5)+P5+AI5 -> 15 | AC5: =COUNTA(AA5)*2 -> 2 | AD5: =SUM(AE5*2)+(AF5*1) -> 1 | AE5: =IF(AA5<>"", COUNTIFS(MATCH_INPUT!$K$10:$K$13,AA5), 0) -> 0 | AF5: =IF(AA5<>"", COUNTIFS(MATCH_INPUT!$F$10:$F$13, AA5, MATCH_INPUT!$K$10:$K$13, "Draw") + COUNTIFS(MATCH_INPUT!$J$10:$J$13, AA5, MATCH_INPUT!$K$10:$K$13, "Draw"), 0) -> 1 | AG5: =IF(AA5<>"", COUNTIFS(MATCH_INPUT!$F$10:$F$13, AA5, MATCH_INPUT!$K$10:$K$13, "<>"&AA5, MATCH_INPUT!$K$10:$K$13, "<>Draw", MATCH_INPUT!$K$10:$K$13, "<>""") + COUNTIFS(MATCH_INPUT!$J$10:$J$13, AA5, MATCH_INPUT!$K$10:$K$13, "<>"&AA5, MATCH_INPUT!$K$10:$K$13, "<>Draw", MATCH_INPUT!$K$10:$K$13, "<>"""), 0) -> 1 | AH5: 1 | AK5: =RANK(AB5, AB$3:AB$38, 0) -> 3 | AL5: =IF(AK5<Y5, "↑", IF(AK5>Y5, "↓", "=")) -> ↓ | AM5: GREEN | AN5: =SUM(AO5:AP5)+AB5+AU5 -> 18 | AO5: =COUNTA(AM5)*2 -> 2 | AP5: =SUM(AQ5*2)+(AR5*1) -> 1 | AQ5: =IF(AM5<>"", COUNTIFS(MATCH_INPUT!$K$14:$K$17,AM5), 0) -> 0 | AR5: =IF(AM5<>"", COUNTIFS(MATCH_INPUT!$F$14:$F$17, AM5, MATCH_INPUT!$K$14:$K$17, "Draw") + COUNTIFS(MATCH_INPUT!$J$14:$J$17, AM5, MATCH_INPUT!$K$14:$K$17, "Draw"), 0) -> 1 | AS5: =IF(AM5<>"", COUNTIFS(MATCH_INPUT!$F$14:$F$17, AM5, MATCH_INPUT!$K$14:$K$17, "<>"&AM5, MATCH_INPUT!$K$14:$K$17, "<>Draw", MATCH_INPUT!$K$14:$K$17, "<>""") + COUNTIFS(MATCH_INPUT!$J$14:$J$17, AM5, MATCH_INPUT!$K$14:$K$17, "<>"&AM5, MATCH_INPUT!$K$14:$K$17, "<>Draw", MATCH_INPUT!$K$14:$K$17, "<>"""), 0) -> 1 | AW5: =RANK(AN5, AN$3:AN$38, 0) -> 4 | AX5: =IF(AW5<AK5, "↑", IF(AW5>AK5, "↓", "=")) -> ↓ | AY5: ORANGE | AZ5: =SUM(BA5:BB5)+BG5+AN5 -> 31 | BA5: =COUNTA(AY5)*2 -> 2 | BB5: =SUM(BC5*2) + (BD5*1) + SUMIFS(MATCH_INPUT!$G$18:$G$21, MATCH_INPUT!$F$18:$F$21, AY5) + SUMIFS(MATCH_INPUT!$I$18:$I$21, MATCH_INPUT!$J$18:$J$21, AY5) -> 10 | BC5: =IF(AY5<>"", COUNTIFS(MATCH_INPUT!$K$18:$K$21,AY5), 0) -> 2 | BD5: =IF(AY5<>"", COUNTIFS(MATCH_INPUT!$F$18:$F$21, AY5, MATCH_INPUT!$K$18:$K$21, "Draw") + COUNTIFS(MATCH_INPUT!$J$18:$J$21, AY5, MATCH_INPUT!$K$18:$K$21, "Draw"), 0) -> 0 | BE5: =IF(AY5<>"", COUNTIFS(MATCH_INPUT!$F$18:$F$21, AY5, MATCH_INPUT!$K$18:$K$21, "<>"&AY5, MATCH_INPUT!$K$18:$K$21, "<>Draw", MATCH_INPUT!$K$18:$K$21, "<>""") + COUNTIFS(MATCH_INPUT!$J$18:$J$21, AY5, MATCH_INPUT!$K$18:$K$21, "<>"&AY5, MATCH_INPUT!$K$18:$K$21, "<>Draw", MATCH_INPUT!$K$18:$K$21, "<>"""), 0) -> 0 | BG5: 1 | BH5: 1 | BI5: =RANK(AZ5, AZ$3:AZ$38, 0) -> 1 | BJ5: =IF(BI5<AW5, "↑", IF(BI5>AW5, "↓", "=")) -> ↑ | BK5: MAGENTA | BL5: =SUM(BM5:BN5)+BS5+AZ5 -> 37 | BM5: =COUNTA(BK5)*2 -> 2 | BN5: =SUM(BO5*2) + (BP5*1) + SUMIFS(MATCH_INPUT!$G$22:$G$25, MATCH_INPUT!$F$22:$F$25, BK5) + SUMIFS(MATCH_INPUT!$I$22:$I$25, MATCH_INPUT!$J$22:$J$25, BK5) -> 4 | BO5: =IF(BK5<>"", COUNTIFS(MATCH_INPUT!$K$22:$K$25,BK5), 0) -> 0 | BP5: =IF(BK5<>"", COUNTIFS(MATCH_INPUT!$F$22:$F$25, BK5, MATCH_INPUT!$K$22:$K$25, "Draw") + COUNTIFS(MATCH_INPUT!$J$22:$J$25, BK5, MATCH_INPUT!$K$22:$K$25, "Draw"), 0) -> 2 | BQ5: =IF(BK5<>"", COUNTIFS(MATCH_INPUT!$F$22:$F$25, BK5, MATCH_INPUT!$K$22:$K$25, "<>"&BK5, MATCH_INPUT!$K$22:$K$25, "<>Draw", MATCH_INPUT!$K$22:$K$25, "<>""") + COUNTIFS(MATCH_INPUT!$J$22:$J$25, BK5, MATCH_INPUT!$K$22:$K$25, "<>"&BK5, MATCH_INPUT!$K$22:$K$25, "<>Draw", MATCH_INPUT!$K$22:$K$25, "<>"""), 0) -> 0 | BU5: =RANK(BL5, BL$3:BL$38, 0) -> 1 | BV5: =IF(BU5<BI5, "↑", IF(BU5>BI5, "↓", "=")) -> = | BW5: MAGENTA | BX5: =SUM(BY5:BZ5)+CE5+BL5 -> 42 | BY5: =COUNTA(BW5)*2 -> 2 | BZ5: =SUM(CA5*2)+(CB5*1) + SUMIFS(MATCH_INPUT!$G$26:$G$29, MATCH_INPUT!$F$26:$F$29, BW5) + SUMIFS(MATCH_INPUT!$I$26:$I$29, MATCH_INPUT!$J$26:$J$29, BW5) -> 3 | CA5: =IF(BW5<>"", COUNTIFS(MATCH_INPUT!$K$26:$K$29,BW5), 0) -> 0 | CB5: =IF(BW5<>"", COUNTIFS(MATCH_INPUT!$F$26:$F$29, BW5, MATCH_INPUT!$K$26:$K$29, "Draw") + COUNTIFS(MATCH_INPUT!$J$26:$J$29, BW5, MATCH_INPUT!$K$26:$K$29, "Draw"), 0) -> 1 | CC5: =IF(BW5<>"", COUNTIFS(MATCH_INPUT!$F$26:$F$29, BW5, MATCH_INPUT!$K$26:$K$29, "<>"&BW5, MATCH_INPUT!$K$26:$K$29, "<>Draw", MATCH_INPUT!$K$26:$K$29, "<>""") + COUNTIFS(MATCH_INPUT!$J$26:$J$29, BW5, MATCH_INPUT!$K$26:$K$29, "<>"&BW5, MATCH_INPUT!$K$26:$K$29, "<>Draw", MATCH_INPUT!$K$26:$K$29, "<>"""), 0) -> 1 | CG5: =RANK(BX5, BX$3:BX$38, 0) -> 2 | CH5: =IF(CG5<BU5, "↑", IF(CG5>BU5, "↓", "=")) -> ↓ | CI5: MAGENTA | CJ5: =SUM(CK5:CL5)+CQ5+BX5 -> 46 | CK5: =COUNTA(CI5)*2 -> 2 | CL5: =SUM(CM5*2)+(CN5*1) + SUMIFS(MATCH_INPUT!$G$30:$G$33, MATCH_INPUT!$F$30:$F$33, CI5) + SUMIFS(MATCH_INPUT!$I$30:$I$33, MATCH_INPUT!$J$30:$J$33, CI5) -> 2 | CM5: =IF(CI5<>"", COUNTIFS(MATCH_INPUT!$K$30:$K$33,CI5), 0) -> 0 | CN5: =IF(CI5<>"", COUNTIFS(MATCH_INPUT!$F$30:$F$33, CI5, MATCH_INPUT!$K$30:$K$33, "Draw") + COUNTIFS(MATCH_INPUT!$J$30:$J$33, CI5, MATCH_INPUT!$K$30:$K$33, "Draw"), 0) -> 1 | CO5: =IF(CI5<>"", COUNTIFS(MATCH_INPUT!$F$30:$F$33, CI5, MATCH_INPUT!$K$30:$K$33, "<>"&CI5, MATCH_INPUT!$K$30:$K$33, "<>Draw", MATCH_INPUT!$K$30:$K$33, "<>""") + COUNTIFS(MATCH_INPUT!$J$30:$J$33, CI5, MATCH_INPUT!$K$30:$K$33, "<>"&CI5, MATCH_INPUT!$K$30:$K$33, "<>Draw", MATCH_INPUT!$K$30:$K$33, "<>"""), 0) -> 1 | CS5: =RANK(CJ5, CJ$3:CJ$38, 0) -> 3 | CT5: =IF(CS5<CG5, "↑", IF(CS5>CG5, "↓", "=")) -> ↓ | CU5: =SUM(F5,R5,AD5,AP5,BB5,BN5,BZ5,CL5) -> 29 | CV5: =A5 -> 🍀 | CW5: =B5 -> 🥉 Andres | CX5: =SUM(CU5,CY5,DD5) -> 46 | CY5: =SUM( IF(AND('MATCH DATES'!$A$2 <= TODAY(), NOW() >= 'MATCH DATES'!$A$2 + TIME(22, 0, 0)), E5, 0), IF(AND('MATCH DATES'!$A$3 <= TODAY(), NOW() >= 'MATCH DATES'!$A$3 + TIME(22, 0, 0)), Q5, 0), IF(AND('MATCH DATES'!$A$4 <= TODAY(), NOW() >= 'MATCH DATES'!$A$4 + TIME(22, 0, 0)), AC5, 0), IF(AND('MATCH DATES'!$A$5 <= TODAY(), NOW() >= 'MATCH DATES'!$A$5 + TIME(22, 0, 0)), AO5, 0), IF(AND('MATCH DATES'!$A$6 <= TODAY(), NOW() >= 'MATCH DATES'!$A$6 + TIME(22, 0, 0)), BA5, 0), IF(AND('MATCH DATES'!$A$7 <= TODAY(), NOW() >= 'MATCH DATES'!$A$7 + TIME(22, 0, 0)), BM5, 0), IF(AND('MATCH DATES'!$A$8 <= TODAY(), NOW() >= 'MATCH DATES'!$A$8 + TIME(22, 0, 0)), BY5, 0), IF(AND('MATCH DATES'!$A$9 <= TODAY(), NOW() >= 'MATCH DATES'!$A$9 + TIME(22, 0, 0)), CK5, 0) ) -> 16 | CZ5: =SUM(G5,S5,AE5,AQ5,BC5,BO5,CA5,CM5) -> 6 | DA5: =SUM(H5,T5,AF5,AR5,BD5,BP5,CB5,CN5) -> 6 | DB5: =SUM( IF(AND('MATCH DATES'!$A$2 <= TODAY(), NOW() >= 'MATCH DATES'!$A$2 + TIME(22, 0, 0)), I5, 0), IF(AND('MATCH DATES'!$A$3 <= TODAY(), NOW() >= 'MATCH DATES'!$A$3 + TIME(22, 0, 0)), U5, 0), IF(AND('MATCH DATES'!$A$4 <= TODAY(), NOW() >= 'MATCH DATES'!$A$4 + TIME(22, 0, 0)), AG5, 0), IF(AND('MATCH DATES'!$A$5 <= TODAY(), NOW() >= 'MATCH DATES'!$A$5 + TIME(22, 0, 0)), AS5, 0), IF(AND('MATCH DATES'!$A$6 <= TODAY(), NOW() >= 'MATCH DATES'!$A$6 + TIME(22, 0, 0)), BE5, 0), IF(AND('MATCH DATES'!$A$7 <= TODAY(), NOW() >= 'MATCH DATES'!$A$7 + TIME(22, 0, 0)), BQ5, 0), IF(AND('MATCH DATES'!$A$8 <= TODAY(), NOW() >= 'MATCH DATES'!$A$8 + TIME(22, 0, 0)), CC5, 0), IF(AND('MATCH DATES'!$A$9 <= TODAY(), NOW() >= 'MATCH DATES'!$A$9 + TIME(22, 0, 0)), CO5, 0) ) -> 4 | DD5: =SUM(K5,W5,AI5,AU5,BG5,BS5,CE5,CQ5) -> 1 | DF5: =SUM(L5,X5,AJ5,AV5,BH5,BT5,CF5,CR5) -> 1
A6: 🍀 | B6: Mikey | C6: ORANGE | D6: =SUM(E6:F6)+K6 -> 4 | E6: =COUNTA(C6)*2 -> 2 | F6: =(G6*2)+(H6*1) -> 2 | G6: =IF(C6<>"", COUNTIFS(MATCH_INPUT!$K$2:$K$5,C6), 0) -> 1 | H6: =IF(C6<>"", COUNTIFS(MATCH_INPUT!$F$2:$F$5, C6, MATCH_INPUT!$K$2:$K$5, "Draw") + COUNTIFS(MATCH_INPUT!$J$2:$J$5, C6, MATCH_INPUT!$K$2:$K$5, "Draw"), 0) -> 0 | I6: =IF(C6<>"", COUNTIFS(MATCH_INPUT!$F$2:$F$5, C6, MATCH_INPUT!$K$2:$K$5, "<>"&C6, MATCH_INPUT!$K$2:$K$5, "<>Draw", MATCH_INPUT!$K$2:$K$5, "<>""") + COUNTIFS(MATCH_INPUT!$J$2:$J$5, C6, MATCH_INPUT!$K$2:$K$5, "<>"&C6, MATCH_INPUT!$K$2:$K$5, "<>Draw", MATCH_INPUT!$K$2:$K$5, "<>"""), 0) -> 1 | M6: =RANK(D6, D$3:D$38, 0) -> 11 | N6: =IF(M6<1, "↑", IF(M6>1, "↓", "=")) -> ↓ | O6: BLUE | P6: =SUM(Q6:R6)+D6+W6 -> 9 | Q6: =COUNTA(O6)*2 -> 2 | R6: =(S6*2)+(T6*1) -> 3 | S6: =IF(O6<>"", COUNTIFS(MATCH_INPUT!$K$6:$K$9,O6), 0) -> 1 | T6: =IF(O6<>"", COUNTIFS(MATCH_INPUT!$F$6:$F$9, O6, MATCH_INPUT!$K$6:$K$9, "Draw") + COUNTIFS(MATCH_INPUT!$J$6:$J$9, O6, MATCH_INPUT!$K$6:$K$9, "Draw"), 0) -> 1 | U6: =IF(O6<>"", COUNTIFS(MATCH_INPUT!$F$6:$F$9, O6, MATCH_INPUT!$K$6:$K$9, "<>"&O6, MATCH_INPUT!$K$6:$K$9, "<>Draw", MATCH_INPUT!$K$6:$K$9, "<>""") + COUNTIFS(MATCH_INPUT!$J$6:$J$9, O6, MATCH_INPUT!$K$6:$K$9, "<>"&O6, MATCH_INPUT!$K$6:$K$9, "<>Draw", MATCH_INPUT!$K$6:$K$9, "<>"""), 0) -> 0 | Y6: =RANK(P6, P$3:P$38, 0) -> 10 | Z6: =IF(Y6<M6, "↑", IF(Y6>M6, "↓", "=")) -> ↑ | AA6: BLUE | AB6: =SUM(AC6:AD6)+P6+AI6 -> 13 | AC6: =COUNTA(AA6)*2 -> 2 | AD6: =SUM(AE6*2)+(AF6*1) -> 2 | AE6: =IF(AA6<>"", COUNTIFS(MATCH_INPUT!$K$10:$K$13,AA6), 0) -> 0 | AF6: =IF(AA6<>"", COUNTIFS(MATCH_INPUT!$F$10:$F$13, AA6, MATCH_INPUT!$K$10:$K$13, "Draw") + COUNTIFS(MATCH_INPUT!$J$10:$J$13, AA6, MATCH_INPUT!$K$10:$K$13, "Draw"), 0) -> 2 | AG6: =IF(AA6<>"", COUNTIFS(MATCH_INPUT!$F$10:$F$13, AA6, MATCH_INPUT!$K$10:$K$13, "<>"&AA6, MATCH_INPUT!$K$10:$K$13, "<>Draw", MATCH_INPUT!$K$10:$K$13, "<>""") + COUNTIFS(MATCH_INPUT!$J$10:$J$13, AA6, MATCH_INPUT!$K$10:$K$13, "<>"&AA6, MATCH_INPUT!$K$10:$K$13, "<>Draw", MATCH_INPUT!$K$10:$K$13, "<>"""), 0) -> 0 | AK6: =RANK(AB6, AB$3:AB$38, 0) -> 9 | AL6: =IF(AK6<Y6, "↑", IF(AK6>Y6, "↓", "=")) -> ↑ | AM6: BLUE | AN6: =SUM(AO6:AP6)+AB6+AU6 -> 16 | AO6: =COUNTA(AM6)*2 -> 2 | AP6: =SUM(AQ6*2)+(AR6*1) -> 1 | AQ6: =IF(AM6<>"", COUNTIFS(MATCH_INPUT!$K$14:$K$17,AM6), 0) -> 0 | AR6: =IF(AM6<>"", COUNTIFS(MATCH_INPUT!$F$14:$F$17, AM6, MATCH_INPUT!$K$14:$K$17, "Draw") + COUNTIFS(MATCH_INPUT!$J$14:$J$17, AM6, MATCH_INPUT!$K$14:$K$17, "Draw"), 0) -> 1 | AS6: =IF(AM6<>"", COUNTIFS(MATCH_INPUT!$F$14:$F$17, AM6, MATCH_INPUT!$K$14:$K$17, "<>"&AM6, MATCH_INPUT!$K$14:$K$17, "<>Draw", MATCH_INPUT!$K$14:$K$17, "<>""") + COUNTIFS(MATCH_INPUT!$J$14:$J$17, AM6, MATCH_INPUT!$K$14:$K$17, "<>"&AM6, MATCH_INPUT!$K$14:$K$17, "<>Draw", MATCH_INPUT!$K$14:$K$17, "<>"""), 0) -> 1 | AW6: =RANK(AN6, AN$3:AN$38, 0) -> 15 | AX6: =IF(AW6<AK6, "↑", IF(AW6>AK6, "↓", "=")) -> ↓ | AY6: ORANGE | AZ6: =SUM(BA6:BB6)+BG6+AN6 -> 28 | BA6: =COUNTA(AY6)*2 -> 2 | BB6: =SUM(BC6*2) + (BD6*1) + SUMIFS(MATCH_INPUT!$G$18:$G$21, MATCH_INPUT!$F$18:$F$21, AY6) + SUMIFS(MATCH_INPUT!$I$18:$I$21, MATCH_INPUT!$J$18:$J$21, AY6) -> 10 | BC6: =IF(AY6<>"", COUNTIFS(MATCH_INPUT!$K$18:$K$21,AY6), 0) -> 2 | BD6: =IF(AY6<>"", COUNTIFS(MATCH_INPUT!$F$18:$F$21, AY6, MATCH_INPUT!$K$18:$K$21, "Draw") + COUNTIFS(MATCH_INPUT!$J$18:$J$21, AY6, MATCH_INPUT!$K$18:$K$21, "Draw"), 0) -> 0 | BE6: =IF(AY6<>"", COUNTIFS(MATCH_INPUT!$F$18:$F$21, AY6, MATCH_INPUT!$K$18:$K$21, "<>"&AY6, MATCH_INPUT!$K$18:$K$21, "<>Draw", MATCH_INPUT!$K$18:$K$21, "<>""") + COUNTIFS(MATCH_INPUT!$J$18:$J$21, AY6, MATCH_INPUT!$K$18:$K$21, "<>"&AY6, MATCH_INPUT!$K$18:$K$21, "<>Draw", MATCH_INPUT!$K$18:$K$21, "<>"""), 0) -> 0 | BI6: =RANK(AZ6, AZ$3:AZ$38, 0) -> 4 | BJ6: =IF(BI6<AW6, "↑", IF(BI6>AW6, "↓", "=")) -> ↑ | BK6: BLUE | BL6: =SUM(BM6:BN6)+BS6+AZ6 -> 36 | BM6: =COUNTA(BK6)*2 -> 2 | BN6: =SUM(BO6*2) + (BP6*1) + SUMIFS(MATCH_INPUT!$G$22:$G$25, MATCH_INPUT!$F$22:$F$25, BK6) + SUMIFS(MATCH_INPUT!$I$22:$I$25, MATCH_INPUT!$J$22:$J$25, BK6) -> 6 | BO6: =IF(BK6<>"", COUNTIFS(MATCH_INPUT!$K$22:$K$25,BK6), 0) -> 1 | BP6: =IF(BK6<>"", COUNTIFS(MATCH_INPUT!$F$22:$F$25, BK6, MATCH_INPUT!$K$22:$K$25, "Draw") + COUNTIFS(MATCH_INPUT!$J$22:$J$25, BK6, MATCH_INPUT!$K$22:$K$25, "Draw"), 0) -> 1 | BQ6: =IF(BK6<>"", COUNTIFS(MATCH_INPUT!$F$22:$F$25, BK6, MATCH_INPUT!$K$22:$K$25, "<>"&BK6, MATCH_INPUT!$K$22:$K$25, "<>Draw", MATCH_INPUT!$K$22:$K$25, "<>""") + COUNTIFS(MATCH_INPUT!$J$22:$J$25, BK6, MATCH_INPUT!$K$22:$K$25, "<>"&BK6, MATCH_INPUT!$K$22:$K$25, "<>Draw", MATCH_INPUT!$K$22:$K$25, "<>"""), 0) -> 0 | BU6: =RANK(BL6, BL$3:BL$38, 0) -> 3 | BV6: =IF(BU6<BI6, "↑", IF(BU6>BI6, "↓", "=")) -> ↑ | BW6: ORANGE | BX6: =SUM(BY6:BZ6)+CE6+BL6 -> 45 | BY6: =COUNTA(BW6)*2 -> 2 | BZ6: =SUM(CA6*2)+(CB6*1) + SUMIFS(MATCH_INPUT!$G$26:$G$29, MATCH_INPUT!$F$26:$F$29, BW6) + SUMIFS(MATCH_INPUT!$I$26:$I$29, MATCH_INPUT!$J$26:$J$29, BW6) -> 7 | CA6: =IF(BW6<>"", COUNTIFS(MATCH_INPUT!$K$26:$K$29,BW6), 0) -> 1 | CB6: =IF(BW6<>"", COUNTIFS(MATCH_INPUT!$F$26:$F$29, BW6, MATCH_INPUT!$K$26:$K$29, "Draw") + COUNTIFS(MATCH_INPUT!$J$26:$J$29, BW6, MATCH_INPUT!$K$26:$K$29, "Draw"), 0) -> 1 | CC6: =IF(BW6<>"", COUNTIFS(MATCH_INPUT!$F$26:$F$29, BW6, MATCH_INPUT!$K$26:$K$29, "<>"&BW6, MATCH_INPUT!$K$26:$K$29, "<>Draw", MATCH_INPUT!$K$26:$K$29, "<>""") + COUNTIFS(MATCH_INPUT!$J$26:$J$29, BW6, MATCH_INPUT!$K$26:$K$29, "<>"&BW6, MATCH_INPUT!$K$26:$K$29, "<>Draw", MATCH_INPUT!$K$26:$K$29, "<>"""), 0) -> 0 | CG6: =RANK(BX6, BX$3:BX$38, 0) -> 1 | CH6: =IF(CG6<BU6, "↑", IF(CG6>BU6, "↓", "=")) -> ↑ | CJ6: =SUM(CK6:CL6)+CQ6+BX6 -> 45 | CK6: =COUNTA(CI6)*2 -> 0 | CL6: =SUM(CM6*2)+(CN6*1) + SUMIFS(MATCH_INPUT!$G$30:$G$33, MATCH_INPUT!$F$30:$F$33, CI6) + SUMIFS(MATCH_INPUT!$I$30:$I$33, MATCH_INPUT!$J$30:$J$33, CI6) -> 0 | CM6: =IF(CI6<>"", COUNTIFS(MATCH_INPUT!$K$30:$K$33,CI6), 0) -> 0 | CN6: =IF(CI6<>"", COUNTIFS(MATCH_INPUT!$F$30:$F$33, CI6, MATCH_INPUT!$K$30:$K$33, "Draw") + COUNTIFS(MATCH_INPUT!$J$30:$J$33, CI6, MATCH_INPUT!$K$30:$K$33, "Draw"), 0) -> 0 | CO6: =IF(CI6<>"", COUNTIFS(MATCH_INPUT!$F$30:$F$33, CI6, MATCH_INPUT!$K$30:$K$33, "<>"&CI6, MATCH_INPUT!$K$30:$K$33, "<>Draw", MATCH_INPUT!$K$30:$K$33, "<>""") + COUNTIFS(MATCH_INPUT!$J$30:$J$33, CI6, MATCH_INPUT!$K$30:$K$33, "<>"&CI6, MATCH_INPUT!$K$30:$K$33, "<>Draw", MATCH_INPUT!$K$30:$K$33, "<>"""), 0) -> 0 | CS6: =RANK(CJ6, CJ$3:CJ$38, 0) -> 4 | CT6: =IF(CS6<CG6, "↑", IF(CS6>CG6, "↓", "=")) -> ↓ | CU6: =SUM(F6,R6,AD6,AP6,BB6,BN6,BZ6,CL6) -> 31 | CV6: =A6 -> 🍀 | CW6: =B6 -> Mikey | CX6: =SUM(CU6,CY6,DD6) -> 45 | CY6: =SUM( IF(AND('MATCH DATES'!$A$2 <= TODAY(), NOW() >= 'MATCH DATES'!$A$2 + TIME(22, 0, 0)), E6, 0), IF(AND('MATCH DATES'!$A$3 <= TODAY(), NOW() >= 'MATCH DATES'!$A$3 + TIME(22, 0, 0)), Q6, 0), IF(AND('MATCH DATES'!$A$4 <= TODAY(), NOW() >= 'MATCH DATES'!$A$4 + TIME(22, 0, 0)), AC6, 0), IF(AND('MATCH DATES'!$A$5 <= TODAY(), NOW() >= 'MATCH DATES'!$A$5 + TIME(22, 0, 0)), AO6, 0), IF(AND('MATCH DATES'!$A$6 <= TODAY(), NOW() >= 'MATCH DATES'!$A$6 + TIME(22, 0, 0)), BA6, 0), IF(AND('MATCH DATES'!$A$7 <= TODAY(), NOW() >= 'MATCH DATES'!$A$7 + TIME(22, 0, 0)), BM6, 0), IF(AND('MATCH DATES'!$A$8 <= TODAY(), NOW() >= 'MATCH DATES'!$A$8 + TIME(22, 0, 0)), BY6, 0), IF(AND('MATCH DATES'!$A$9 <= TODAY(), NOW() >= 'MATCH DATES'!$A$9 + TIME(22, 0, 0)), CK6, 0) ) -> 14 | CZ6: =SUM(G6,S6,AE6,AQ6,BC6,BO6,CA6,CM6) -> 6 | DA6: =SUM(H6,T6,AF6,AR6,BD6,BP6,CB6,CN6) -> 6 | DB6: =SUM( IF(AND('MATCH DATES'!$A$2 <= TODAY(), NOW() >= 'MATCH DATES'!$A$2 + TIME(22, 0, 0)), I6, 0), IF(AND('MATCH DATES'!$A$3 <= TODAY(), NOW() >= 'MATCH DATES'!$A$3 + TIME(22, 0, 0)), U6, 0), IF(AND('MATCH DATES'!$A$4 <= TODAY(), NOW() >= 'MATCH DATES'!$A$4 + TIME(22, 0, 0)), AG6, 0), IF(AND('MATCH DATES'!$A$5 <= TODAY(), NOW() >= 'MATCH DATES'!$A$5 + TIME(22, 0, 0)), AS6, 0), IF(AND('MATCH DATES'!$A$6 <= TODAY(), NOW() >= 'MATCH DATES'!$A$6 + TIME(22, 0, 0)), BE6, 0), IF(AND('MATCH DATES'!$A$7 <= TODAY(), NOW() >= 'MATCH DATES'!$A$7 + TIME(22, 0, 0)), BQ6, 0), IF(AND('MATCH DATES'!$A$8 <= TODAY(), NOW() >= 'MATCH DATES'!$A$8 + TIME(22, 0, 0)), CC6, 0), IF(AND('MATCH DATES'!$A$9 <= TODAY(), NOW() >= 'MATCH DATES'!$A$9 + TIME(22, 0, 0)), CO6, 0) ) -> 2 | DD6: =SUM(K6,W6,AI6,AU6,BG6,BS6,CE6,CQ6) -> 0 | DF6: =SUM(L6,X6,AJ6,AV6,BH6,BT6,CF6,CR6) -> 0
A7: 🍀 | B7: Jose Blanco | C7: GREEN | D7: =SUM(E7:F7)+K7 -> 2 | E7: =COUNTA(C7)*2 -> 2 | F7: =(G7*2)+(H7*1) -> 0 | G7: =IF(C7<>"", COUNTIFS(MATCH_INPUT!$K$2:$K$5,C7), 0) -> 0 | H7: =IF(C7<>"", COUNTIFS(MATCH_INPUT!$F$2:$F$5, C7, MATCH_INPUT!$K$2:$K$5, "Draw") + COUNTIFS(MATCH_INPUT!$J$2:$J$5, C7, MATCH_INPUT!$K$2:$K$5, "Draw"), 0) -> 0 | I7: =IF(C7<>"", COUNTIFS(MATCH_INPUT!$F$2:$F$5, C7, MATCH_INPUT!$K$2:$K$5, "<>"&C7, MATCH_INPUT!$K$2:$K$5, "<>Draw", MATCH_INPUT!$K$2:$K$5, "<>""") + COUNTIFS(MATCH_INPUT!$J$2:$J$5, C7, MATCH_INPUT!$K$2:$K$5, "<>"&C7, MATCH_INPUT!$K$2:$K$5, "<>Draw", MATCH_INPUT!$K$2:$K$5, "<>"""), 0) -> 2 | J7: 1 | M7: =RANK(D7, D$3:D$38, 0) -> 26 | N7: =IF(M7<1, "↑", IF(M7>1, "↓", "=")) -> ↓ | O7: BLUE | P7: =SUM(Q7:R7)+D7+W7 -> 7 | Q7: =COUNTA(O7)*2 -> 2 | R7: =(S7*2)+(T7*1) -> 3 | S7: =IF(O7<>"", COUNTIFS(MATCH_INPUT!$K$6:$K$9,O7), 0) -> 1 | T7: =IF(O7<>"", COUNTIFS(MATCH_INPUT!$F$6:$F$9, O7, MATCH_INPUT!$K$6:$K$9, "Draw") + COUNTIFS(MATCH_INPUT!$J$6:$J$9, O7, MATCH_INPUT!$K$6:$K$9, "Draw"), 0) -> 1 | U7: =IF(O7<>"", COUNTIFS(MATCH_INPUT!$F$6:$F$9, O7, MATCH_INPUT!$K$6:$K$9, "<>"&O7, MATCH_INPUT!$K$6:$K$9, "<>Draw", MATCH_INPUT!$K$6:$K$9, "<>""") + COUNTIFS(MATCH_INPUT!$J$6:$J$9, O7, MATCH_INPUT!$K$6:$K$9, "<>"&O7, MATCH_INPUT!$K$6:$K$9, "<>Draw", MATCH_INPUT!$K$6:$K$9, "<>"""), 0) -> 0 | V7: 1 | Y7: =RANK(P7, P$3:P$38, 0) -> 20 | Z7: =IF(Y7<M7, "↑", IF(Y7>M7, "↓", "=")) -> ↑ | AA7: ORANGE | AB7: =SUM(AC7:AD7)+P7+AI7 -> 12 | AC7: =COUNTA(AA7)*2 -> 2 | AD7: =SUM(AE7*2)+(AF7*1) -> 3 | AE7: =IF(AA7<>"", COUNTIFS(MATCH_INPUT!$K$10:$K$13,AA7), 0) -> 1 | AF7: =IF(AA7<>"", COUNTIFS(MATCH_INPUT!$F$10:$F$13, AA7, MATCH_INPUT!$K$10:$K$13, "Draw") + COUNTIFS(MATCH_INPUT!$J$10:$J$13, AA7, MATCH_INPUT!$K$10:$K$13, "Draw"), 0) -> 1 | AG7: =IF(AA7<>"", COUNTIFS(MATCH_INPUT!$F$10:$F$13, AA7, MATCH_INPUT!$K$10:$K$13, "<>"&AA7, MATCH_INPUT!$K$10:$K$13, "<>Draw", MATCH_INPUT!$K$10:$K$13, "<>""") + COUNTIFS(MATCH_INPUT!$J$10:$J$13, AA7, MATCH_INPUT!$K$10:$K$13, "<>"&AA7, MATCH_INPUT!$K$10:$K$13, "<>Draw", MATCH_INPUT!$K$10:$K$13, "<>"""), 0) -> 0 | AH7: 2 | AK7: =RANK(AB7, AB$3:AB$38, 0) -> 17 | AL7: =IF(AK7<Y7, "↑", IF(AK7>Y7, "↓", "=")) -> ↑ | AM7: BLUE | AN7: =SUM(AO7:AP7)+AB7+AU7 -> 15 | AO7: =COUNTA(AM7)*2 -> 2 | AP7: =SUM(AQ7*2)+(AR7*1) -> 1 | AQ7: =IF(AM7<>"", COUNTIFS(MATCH_INPUT!$K$14:$K$17,AM7), 0) -> 0 | AR7: =IF(AM7<>"", COUNTIFS(MATCH_INPUT!$F$14:$F$17, AM7, MATCH_INPUT!$K$14:$K$17, "Draw") + COUNTIFS(MATCH_INPUT!$J$14:$J$17, AM7, MATCH_INPUT!$K$14:$K$17, "Draw"), 0) -> 1 | AS7: =IF(AM7<>"", COUNTIFS(MATCH_INPUT!$F$14:$F$17, AM7, MATCH_INPUT!$K$14:$K$17, "<>"&AM7, MATCH_INPUT!$K$14:$K$17, "<>Draw", MATCH_INPUT!$K$14:$K$17, "<>""") + COUNTIFS(MATCH_INPUT!$J$14:$J$17, AM7, MATCH_INPUT!$K$14:$K$17, "<>"&AM7, MATCH_INPUT!$K$14:$K$17, "<>Draw", MATCH_INPUT!$K$14:$K$17, "<>"""), 0) -> 1 | AW7: =RANK(AN7, AN$3:AN$38, 0) -> 19 | AX7: =IF(AW7<AK7, "↑", IF(AW7>AK7, "↓", "=")) -> ↓ | AY7: MAGENTA | AZ7: =SUM(BA7:BB7)+BG7+AN7 -> 21 | BA7: =COUNTA(AY7)*2 -> 2 | BB7: =SUM(BC7*2) + (BD7*1) + SUMIFS(MATCH_INPUT!$G$18:$G$21, MATCH_INPUT!$F$18:$F$21, AY7) + SUMIFS(MATCH_INPUT!$I$18:$I$21, MATCH_INPUT!$J$18:$J$21, AY7) -> 4 | BC7: =IF(AY7<>"", COUNTIFS(MATCH_INPUT!$K$18:$K$21,AY7), 0) -> 0 | BD7: =IF(AY7<>"", COUNTIFS(MATCH_INPUT!$F$18:$F$21, AY7, MATCH_INPUT!$K$18:$K$21, "Draw") + COUNTIFS(MATCH_INPUT!$J$18:$J$21, AY7, MATCH_INPUT!$K$18:$K$21, "Draw"), 0) -> 1 | BE7: =IF(AY7<>"", COUNTIFS(MATCH_INPUT!$F$18:$F$21, AY7, MATCH_INPUT!$K$18:$K$21, "<>"&AY7, MATCH_INPUT!$K$18:$K$21, "<>Draw", MATCH_INPUT!$K$18:$K$21, "<>""") + COUNTIFS(MATCH_INPUT!$J$18:$J$21, AY7, MATCH_INPUT!$K$18:$K$21, "<>"&AY7, MATCH_INPUT!$K$18:$K$21, "<>Draw", MATCH_INPUT!$K$18:$K$21, "<>"""), 0) -> 1 | BF7: 1 | BI7: =RANK(AZ7, AZ$3:AZ$38, 0) -> 20 | BJ7: =IF(BI7<AW7, "↑", IF(BI7>AW7, "↓", "=")) -> ↓ | BK7: BLUE | BL7: =SUM(BM7:BN7)+BS7+AZ7 -> 29 | BM7: =COUNTA(BK7)*2 -> 2 | BN7: =SUM(BO7*2) + (BP7*1) + SUMIFS(MATCH_INPUT!$G$22:$G$25, MATCH_INPUT!$F$22:$F$25, BK7) + SUMIFS(MATCH_INPUT!$I$22:$I$25, MATCH_INPUT!$J$22:$J$25, BK7) -> 6 | BO7: =IF(BK7<>"", COUNTIFS(MATCH_INPUT!$K$22:$K$25,BK7), 0) -> 1 | BP7: =IF(BK7<>"", COUNTIFS(MATCH_INPUT!$F$22:$F$25, BK7, MATCH_INPUT!$K$22:$K$25, "Draw") + COUNTIFS(MATCH_INPUT!$J$22:$J$25, BK7, MATCH_INPUT!$K$22:$K$25, "Draw"), 0) -> 1 | BQ7: =IF(BK7<>"", COUNTIFS(MATCH_INPUT!$F$22:$F$25, BK7, MATCH_INPUT!$K$22:$K$25, "<>"&BK7, MATCH_INPUT!$K$22:$K$25, "<>Draw", MATCH_INPUT!$K$22:$K$25, "<>""") + COUNTIFS(MATCH_INPUT!$J$22:$J$25, BK7, MATCH_INPUT!$K$22:$K$25, "<>"&BK7, MATCH_INPUT!$K$22:$K$25, "<>Draw", MATCH_INPUT!$K$22:$K$25, "<>"""), 0) -> 0 | BU7: =RANK(BL7, BL$3:BL$38, 0) -> 11 | BV7: =IF(BU7<BI7, "↑", IF(BU7>BI7, "↓", "=")) -> ↑ | BW7: ORANGE | BX7: =SUM(BY7:BZ7)+CE7+BL7 -> 38 | BY7: =COUNTA(BW7)*2 -> 2 | BZ7: =SUM(CA7*2)+(CB7*1) + SUMIFS(MATCH_INPUT!$G$26:$G$29, MATCH_INPUT!$F$26:$F$29, BW7) + SUMIFS(MATCH_INPUT!$I$26:$I$29, MATCH_INPUT!$J$26:$J$29, BW7) -> 7 | CA7: =IF(BW7<>"", COUNTIFS(MATCH_INPUT!$K$26:$K$29,BW7), 0) -> 1 | CB7: =IF(BW7<>"", COUNTIFS(MATCH_INPUT!$F$26:$F$29, BW7, MATCH_INPUT!$K$26:$K$29, "Draw") + COUNTIFS(MATCH_INPUT!$J$26:$J$29, BW7, MATCH_INPUT!$K$26:$K$29, "Draw"), 0) -> 1 | CC7: =IF(BW7<>"", COUNTIFS(MATCH_INPUT!$F$26:$F$29, BW7, MATCH_INPUT!$K$26:$K$29, "<>"&BW7, MATCH_INPUT!$K$26:$K$29, "<>Draw", MATCH_INPUT!$K$26:$K$29, "<>""") + COUNTIFS(MATCH_INPUT!$J$26:$J$29, BW7, MATCH_INPUT!$K$26:$K$29, "<>"&BW7, MATCH_INPUT!$K$26:$K$29, "<>Draw", MATCH_INPUT!$K$26:$K$29, "<>"""), 0) -> 0 | CD7: 1 | CG7: =RANK(BX7, BX$3:BX$38, 0) -> 6 | CH7: =IF(CG7<BU7, "↑", IF(CG7>BU7, "↓", "=")) -> ↑ | CI7: GREEN | CJ7: =SUM(CK7:CL7)+CQ7+BX7 -> 44 | CK7: =COUNTA(CI7)*2 -> 2 | CL7: =SUM(CM7*2)+(CN7*1) + SUMIFS(MATCH_INPUT!$G$30:$G$33, MATCH_INPUT!$F$30:$F$33, CI7) + SUMIFS(MATCH_INPUT!$I$30:$I$33, MATCH_INPUT!$J$30:$J$33, CI7) -> 4 | CM7: =IF(CI7<>"", COUNTIFS(MATCH_INPUT!$K$30:$K$33,CI7), 0) -> 1 | CN7: =IF(CI7<>"", COUNTIFS(MATCH_INPUT!$F$30:$F$33, CI7, MATCH_INPUT!$K$30:$K$33, "Draw") + COUNTIFS(MATCH_INPUT!$J$30:$J$33, CI7, MATCH_INPUT!$K$30:$K$33, "Draw"), 0) -> 0 | CO7: =IF(CI7<>"", COUNTIFS(MATCH_INPUT!$F$30:$F$33, CI7, MATCH_INPUT!$K$30:$K$33, "<>"&CI7, MATCH_INPUT!$K$30:$K$33, "<>Draw", MATCH_INPUT!$K$30:$K$33, "<>""") + COUNTIFS(MATCH_INPUT!$J$30:$J$33, CI7, MATCH_INPUT!$K$30:$K$33, "<>"&CI7, MATCH_INPUT!$K$30:$K$33, "<>Draw", MATCH_INPUT!$K$30:$K$33, "<>"""), 0) -> 1 | CS7: =RANK(CJ7, CJ$3:CJ$38, 0) -> 5 | CT7: =IF(CS7<CG7, "↑", IF(CS7>CG7, "↓", "=")) -> ↑ | CU7: =SUM(F7,R7,AD7,AP7,BB7,BN7,BZ7,CL7) -> 28 | CV7: =A7 -> 🍀 | CW7: =B7 -> Jose Blanco | CX7: =SUM(CU7,CY7,DD7) -> 44 | CY7: =SUM( IF(AND('MATCH DATES'!$A$2 <= TODAY(), NOW() >= 'MATCH DATES'!$A$2 + TIME(22, 0, 0)), E7, 0), IF(AND('MATCH DATES'!$A$3 <= TODAY(), NOW() >= 'MATCH DATES'!$A$3 + TIME(22, 0, 0)), Q7, 0), IF(AND('MATCH DATES'!$A$4 <= TODAY(), NOW() >= 'MATCH DATES'!$A$4 + TIME(22, 0, 0)), AC7, 0), IF(AND('MATCH DATES'!$A$5 <= TODAY(), NOW() >= 'MATCH DATES'!$A$5 + TIME(22, 0, 0)), AO7, 0), IF(AND('MATCH DATES'!$A$6 <= TODAY(), NOW() >= 'MATCH DATES'!$A$6 + TIME(22, 0, 0)), BA7, 0), IF(AND('MATCH DATES'!$A$7 <= TODAY(), NOW() >= 'MATCH DATES'!$A$7 + TIME(22, 0, 0)), BM7, 0), IF(AND('MATCH DATES'!$A$8 <= TODAY(), NOW() >= 'MATCH DATES'!$A$8 + TIME(22, 0, 0)), BY7, 0), IF(AND('MATCH DATES'!$A$9 <= TODAY(), NOW() >= 'MATCH DATES'!$A$9 + TIME(22, 0, 0)), CK7, 0) ) -> 16 | CZ7: =SUM(G7,S7,AE7,AQ7,BC7,BO7,CA7,CM7) -> 5 | DA7: =SUM(H7,T7,AF7,AR7,BD7,BP7,CB7,CN7) -> 6 | DB7: =SUM( IF(AND('MATCH DATES'!$A$2 <= TODAY(), NOW() >= 'MATCH DATES'!$A$2 + TIME(22, 0, 0)), I7, 0), IF(AND('MATCH DATES'!$A$3 <= TODAY(), NOW() >= 'MATCH DATES'!$A$3 + TIME(22, 0, 0)), U7, 0), IF(AND('MATCH DATES'!$A$4 <= TODAY(), NOW() >= 'MATCH DATES'!$A$4 + TIME(22, 0, 0)), AG7, 0), IF(AND('MATCH DATES'!$A$5 <= TODAY(), NOW() >= 'MATCH DATES'!$A$5 + TIME(22, 0, 0)), AS7, 0), IF(AND('MATCH DATES'!$A$6 <= TODAY(), NOW() >= 'MATCH DATES'!$A$6 + TIME(22, 0, 0)), BE7, 0), IF(AND('MATCH DATES'!$A$7 <= TODAY(), NOW() >= 'MATCH DATES'!$A$7 + TIME(22, 0, 0)), BQ7, 0), IF(AND('MATCH DATES'!$A$8 <= TODAY(), NOW() >= 'MATCH DATES'!$A$8 + TIME(22, 0, 0)), CC7, 0), IF(AND('MATCH DATES'!$A$9 <= TODAY(), NOW() >= 'MATCH DATES'!$A$9 + TIME(22, 0, 0)), CO7, 0) ) -> 5 | DD7: =SUM(K7,W7,AI7,AU7,BG7,BS7,CE7,CQ7) -> 0 | DF7: =SUM(L7,X7,AJ7,AV7,BH7,BT7,CF7,CR7) -> 0
A8: 🍀 | B8: Rodrigo | C8: MAGENTA | D8: =SUM(E8:F8)+K8 -> 4 | E8: =COUNTA(C8)*2 -> 2 | F8: =(G8*2)+(H8*1) -> 2 | G8: =IF(C8<>"", COUNTIFS(MATCH_INPUT!$K$2:$K$5,C8), 0) -> 1 | H8: =IF(C8<>"", COUNTIFS(MATCH_INPUT!$F$2:$F$5, C8, MATCH_INPUT!$K$2:$K$5, "Draw") + COUNTIFS(MATCH_INPUT!$J$2:$J$5, C8, MATCH_INPUT!$K$2:$K$5, "Draw"), 0) -> 0 | I8: =IF(C8<>"", COUNTIFS(MATCH_INPUT!$F$2:$F$5, C8, MATCH_INPUT!$K$2:$K$5, "<>"&C8, MATCH_INPUT!$K$2:$K$5, "<>Draw", MATCH_INPUT!$K$2:$K$5, "<>""") + COUNTIFS(MATCH_INPUT!$J$2:$J$5, C8, MATCH_INPUT!$K$2:$K$5, "<>"&C8, MATCH_INPUT!$K$2:$K$5, "<>Draw", MATCH_INPUT!$K$2:$K$5, "<>"""), 0) -> 1 | M8: =RANK(D8, D$3:D$38, 0) -> 11 | N8: =IF(M8<1, "↑", IF(M8>1, "↓", "=")) -> ↓ | O8: MAGENTA | P8: =SUM(Q8:R8)+D8+W8 -> 7 | Q8: =COUNTA(O8)*2 -> 2 | R8: =(S8*2)+(T8*1) -> 1 | S8: =IF(O8<>"", COUNTIFS(MATCH_INPUT!$K$6:$K$9,O8), 0) -> 0 | T8: =IF(O8<>"", COUNTIFS(MATCH_INPUT!$F$6:$F$9, O8, MATCH_INPUT!$K$6:$K$9, "Draw") + COUNTIFS(MATCH_INPUT!$J$6:$J$9, O8, MATCH_INPUT!$K$6:$K$9, "Draw"), 0) -> 1 | U8: =IF(O8<>"", COUNTIFS(MATCH_INPUT!$F$6:$F$9, O8, MATCH_INPUT!$K$6:$K$9, "<>"&O8, MATCH_INPUT!$K$6:$K$9, "<>Draw", MATCH_INPUT!$K$6:$K$9, "<>""") + COUNTIFS(MATCH_INPUT!$J$6:$J$9, O8, MATCH_INPUT!$K$6:$K$9, "<>"&O8, MATCH_INPUT!$K$6:$K$9, "<>Draw", MATCH_INPUT!$K$6:$K$9, "<>"""), 0) -> 1 | Y8: =RANK(P8, P$3:P$38, 0) -> 20 | Z8: =IF(Y8<M8, "↑", IF(Y8>M8, "↓", "=")) -> ↓ | AA8: ORANGE | AB8: =SUM(AC8:AD8)+P8+AI8 -> 12 | AC8: =COUNTA(AA8)*2 -> 2 | AD8: =SUM(AE8*2)+(AF8*1) -> 3 | AE8: =IF(AA8<>"", COUNTIFS(MATCH_INPUT!$K$10:$K$13,AA8), 0) -> 1 | AF8: =IF(AA8<>"", COUNTIFS(MATCH_INPUT!$F$10:$F$13, AA8, MATCH_INPUT!$K$10:$K$13, "Draw") + COUNTIFS(MATCH_INPUT!$J$10:$J$13, AA8, MATCH_INPUT!$K$10:$K$13, "Draw"), 0) -> 1 | AG8: =IF(AA8<>"", COUNTIFS(MATCH_INPUT!$F$10:$F$13, AA8, MATCH_INPUT!$K$10:$K$13, "<>"&AA8, MATCH_INPUT!$K$10:$K$13, "<>Draw", MATCH_INPUT!$K$10:$K$13, "<>""") + COUNTIFS(MATCH_INPUT!$J$10:$J$13, AA8, MATCH_INPUT!$K$10:$K$13, "<>"&AA8, MATCH_INPUT!$K$10:$K$13, "<>Draw", MATCH_INPUT!$K$10:$K$13, "<>"""), 0) -> 0 | AK8: =RANK(AB8, AB$3:AB$38, 0) -> 17 | AL8: =IF(AK8<Y8, "↑", IF(AK8>Y8, "↓", "=")) -> ↑ | AM8: BLUE | AN8: =SUM(AO8:AP8)+AB8+AU8 -> 15 | AO8: =COUNTA(AM8)*2 -> 2 | AP8: =SUM(AQ8*2)+(AR8*1) -> 1 | AQ8: =IF(AM8<>"", COUNTIFS(MATCH_INPUT!$K$14:$K$17,AM8), 0) -> 0 | AR8: =IF(AM8<>"", COUNTIFS(MATCH_INPUT!$F$14:$F$17, AM8, MATCH_INPUT!$K$14:$K$17, "Draw") + COUNTIFS(MATCH_INPUT!$J$14:$J$17, AM8, MATCH_INPUT!$K$14:$K$17, "Draw"), 0) -> 1 | AS8: =IF(AM8<>"", COUNTIFS(MATCH_INPUT!$F$14:$F$17, AM8, MATCH_INPUT!$K$14:$K$17, "<>"&AM8, MATCH_INPUT!$K$14:$K$17, "<>Draw", MATCH_INPUT!$K$14:$K$17, "<>""") + COUNTIFS(MATCH_INPUT!$J$14:$J$17, AM8, MATCH_INPUT!$K$14:$K$17, "<>"&AM8, MATCH_INPUT!$K$14:$K$17, "<>Draw", MATCH_INPUT!$K$14:$K$17, "<>"""), 0) -> 1 | AW8: =RANK(AN8, AN$3:AN$38, 0) -> 19 | AX8: =IF(AW8<AK8, "↑", IF(AW8>AK8, "↓", "=")) -> ↓ | AY8: GREEN | AZ8: =SUM(BA8:BB8)+BG8+AN8 -> 22 | BA8: =COUNTA(AY8)*2 -> 2 | BB8: =SUM(BC8*2) + (BD8*1) + SUMIFS(MATCH_INPUT!$G$18:$G$21, MATCH_INPUT!$F$18:$F$21, AY8) + SUMIFS(MATCH_INPUT!$I$18:$I$21, MATCH_INPUT!$J$18:$J$21, AY8) -> 5 | BC8: =IF(AY8<>"", COUNTIFS(MATCH_INPUT!$K$18:$K$21,AY8), 0) -> 1 | BD8: =IF(AY8<>"", COUNTIFS(MATCH_INPUT!$F$18:$F$21, AY8, MATCH_INPUT!$K$18:$K$21, "Draw") + COUNTIFS(MATCH_INPUT!$J$18:$J$21, AY8, MATCH_INPUT!$K$18:$K$21, "Draw"), 0) -> 0 | BE8: =IF(AY8<>"", COUNTIFS(MATCH_INPUT!$F$18:$F$21, AY8, MATCH_INPUT!$K$18:$K$21, "<>"&AY8, MATCH_INPUT!$K$18:$K$21, "<>Draw", MATCH_INPUT!$K$18:$K$21, "<>""") + COUNTIFS(MATCH_INPUT!$J$18:$J$21, AY8, MATCH_INPUT!$K$18:$K$21, "<>"&AY8, MATCH_INPUT!$K$18:$K$21, "<>Draw", MATCH_INPUT!$K$18:$K$21, "<>"""), 0) -> 1 | BI8: =RANK(AZ8, AZ$3:AZ$38, 0) -> 17 | BJ8: =IF(BI8<AW8, "↑", IF(BI8>AW8, "↓", "=")) -> ↑ | BK8: MAGENTA | BL8: =SUM(BM8:BN8)+BS8+AZ8 -> 28 | BM8: =COUNTA(BK8)*2 -> 2 | BN8: =SUM(BO8*2) + (BP8*1) + SUMIFS(MATCH_INPUT!$G$22:$G$25, MATCH_INPUT!$F$22:$F$25, BK8) + SUMIFS(MATCH_INPUT!$I$22:$I$25, MATCH_INPUT!$J$22:$J$25, BK8) -> 4 | BO8: =IF(BK8<>"", COUNTIFS(MATCH_INPUT!$K$22:$K$25,BK8), 0) -> 0 | BP8: =IF(BK8<>"", COUNTIFS(MATCH_INPUT!$F$22:$F$25, BK8, MATCH_INPUT!$K$22:$K$25, "Draw") + COUNTIFS(MATCH_INPUT!$J$22:$J$25, BK8, MATCH_INPUT!$K$22:$K$25, "Draw"), 0) -> 2 | BQ8: =IF(BK8<>"", COUNTIFS(MATCH_INPUT!$F$22:$F$25, BK8, MATCH_INPUT!$K$22:$K$25, "<>"&BK8, MATCH_INPUT!$K$22:$K$25, "<>Draw", MATCH_INPUT!$K$22:$K$25, "<>""") + COUNTIFS(MATCH_INPUT!$J$22:$J$25, BK8, MATCH_INPUT!$K$22:$K$25, "<>"&BK8, MATCH_INPUT!$K$22:$K$25, "<>Draw", MATCH_INPUT!$K$22:$K$25, "<>"""), 0) -> 0 | BU8: =RANK(BL8, BL$3:BL$38, 0) -> 15 | BV8: =IF(BU8<BI8, "↑", IF(BU8>BI8, "↓", "=")) -> ↑ | BW8: MAGENTA | BX8: =SUM(BY8:BZ8)+CE8+BL8 -> 33 | BY8: =COUNTA(BW8)*2 -> 2 | BZ8: =SUM(CA8*2)+(CB8*1) + SUMIFS(MATCH_INPUT!$G$26:$G$29, MATCH_INPUT!$F$26:$F$29, BW8) + SUMIFS(MATCH_INPUT!$I$26:$I$29, MATCH_INPUT!$J$26:$J$29, BW8) -> 3 | CA8: =IF(BW8<>"", COUNTIFS(MATCH_INPUT!$K$26:$K$29,BW8), 0) -> 0 | CB8: =IF(BW8<>"", COUNTIFS(MATCH_INPUT!$F$26:$F$29, BW8, MATCH_INPUT!$K$26:$K$29, "Draw") + COUNTIFS(MATCH_INPUT!$J$26:$J$29, BW8, MATCH_INPUT!$K$26:$K$29, "Draw"), 0) -> 1 | CC8: =IF(BW8<>"", COUNTIFS(MATCH_INPUT!$F$26:$F$29, BW8, MATCH_INPUT!$K$26:$K$29, "<>"&BW8, MATCH_INPUT!$K$26:$K$29, "<>Draw", MATCH_INPUT!$K$26:$K$29, "<>""") + COUNTIFS(MATCH_INPUT!$J$26:$J$29, BW8, MATCH_INPUT!$K$26:$K$29, "<>"&BW8, MATCH_INPUT!$K$26:$K$29, "<>Draw", MATCH_INPUT!$K$26:$K$29, "<>"""), 0) -> 1 | CG8: =RANK(BX8, BX$3:BX$38, 0) -> 19 | CH8: =IF(CG8<BU8, "↑", IF(CG8>BU8, "↓", "=")) -> ↓ | CI8: ORANGE | CJ8: =SUM(CK8:CL8)+CQ8+BX8 -> 42 | CK8: =COUNTA(CI8)*2 -> 2 | CL8: =SUM(CM8*2)+(CN8*1) + SUMIFS(MATCH_INPUT!$G$30:$G$33, MATCH_INPUT!$F$30:$F$33, CI8) + SUMIFS(MATCH_INPUT!$I$30:$I$33, MATCH_INPUT!$J$30:$J$33, CI8) -> 7 | CM8: =IF(CI8<>"", COUNTIFS(MATCH_INPUT!$K$30:$K$33,CI8), 0) -> 2 | CN8: =IF(CI8<>"", COUNTIFS(MATCH_INPUT!$F$30:$F$33, CI8, MATCH_INPUT!$K$30:$K$33, "Draw") + COUNTIFS(MATCH_INPUT!$J$30:$J$33, CI8, MATCH_INPUT!$K$30:$K$33, "Draw"), 0) -> 0 | CO8: =IF(CI8<>"", COUNTIFS(MATCH_INPUT!$F$30:$F$33, CI8, MATCH_INPUT!$K$30:$K$33, "<>"&CI8, MATCH_INPUT!$K$30:$K$33, "<>Draw", MATCH_INPUT!$K$30:$K$33, "<>""") + COUNTIFS(MATCH_INPUT!$J$30:$J$33, CI8, MATCH_INPUT!$K$30:$K$33, "<>"&CI8, MATCH_INPUT!$K$30:$K$33, "<>Draw", MATCH_INPUT!$K$30:$K$33, "<>"""), 0) -> 0 | CS8: =RANK(CJ8, CJ$3:CJ$38, 0) -> 6 | CT8: =IF(CS8<CG8, "↑", IF(CS8>CG8, "↓", "=")) -> ↑ | CU8: =SUM(F8,R8,AD8,AP8,BB8,BN8,BZ8,CL8) -> 26 | CV8: =A8 -> 🍀 | CW8: =B8 -> Rodrigo | CX8: =SUM(CU8,CY8,DD8) -> 42 | CY8: =SUM( IF(AND('MATCH DATES'!$A$2 <= TODAY(), NOW() >= 'MATCH DATES'!$A$2 + TIME(22, 0, 0)), E8, 0), IF(AND('MATCH DATES'!$A$3 <= TODAY(), NOW() >= 'MATCH DATES'!$A$3 + TIME(22, 0, 0)), Q8, 0), IF(AND('MATCH DATES'!$A$4 <= TODAY(), NOW() >= 'MATCH DATES'!$A$4 + TIME(22, 0, 0)), AC8, 0), IF(AND('MATCH DATES'!$A$5 <= TODAY(), NOW() >= 'MATCH DATES'!$A$5 + TIME(22, 0, 0)), AO8, 0), IF(AND('MATCH DATES'!$A$6 <= TODAY(), NOW() >= 'MATCH DATES'!$A$6 + TIME(22, 0, 0)), BA8, 0), IF(AND('MATCH DATES'!$A$7 <= TODAY(), NOW() >= 'MATCH DATES'!$A$7 + TIME(22, 0, 0)), BM8, 0), IF(AND('MATCH DATES'!$A$8 <= TODAY(), NOW() >= 'MATCH DATES'!$A$8 + TIME(22, 0, 0)), BY8, 0), IF(AND('MATCH DATES'!$A$9 <= TODAY(), NOW() >= 'MATCH DATES'!$A$9 + TIME(22, 0, 0)), CK8, 0) ) -> 16 | CZ8: =SUM(G8,S8,AE8,AQ8,BC8,BO8,CA8,CM8) -> 5 | DA8: =SUM(H8,T8,AF8,AR8,BD8,BP8,CB8,CN8) -> 6 | DB8: =SUM( IF(AND('MATCH DATES'!$A$2 <= TODAY(), NOW() >= 'MATCH DATES'!$A$2 + TIME(22, 0, 0)), I8, 0), IF(AND('MATCH DATES'!$A$3 <= TODAY(), NOW() >= 'MATCH DATES'!$A$3 + TIME(22, 0, 0)), U8, 0), IF(AND('MATCH DATES'!$A$4 <= TODAY(), NOW() >= 'MATCH DATES'!$A$4 + TIME(22, 0, 0)), AG8, 0), IF(AND('MATCH DATES'!$A$5 <= TODAY(), NOW() >= 'MATCH DATES'!$A$5 + TIME(22, 0, 0)), AS8, 0), IF(AND('MATCH DATES'!$A$6 <= TODAY(), NOW() >= 'MATCH DATES'!$A$6 + TIME(22, 0, 0)), BE8, 0), IF(AND('MATCH DATES'!$A$7 <= TODAY(), NOW() >= 'MATCH DATES'!$A$7 + TIME(22, 0, 0)), BQ8, 0), IF(AND('MATCH DATES'!$A$8 <= TODAY(), NOW() >= 'MATCH DATES'!$A$8 + TIME(22, 0, 0)), CC8, 0), IF(AND('MATCH DATES'!$A$9 <= TODAY(), NOW() >= 'MATCH DATES'!$A$9 + TIME(22, 0, 0)), CO8, 0) ) -> 5 | DD8: =SUM(K8,W8,AI8,AU8,BG8,BS8,CE8,CQ8) -> 0 | DF8: =SUM(L8,X8,AJ8,AV8,BH8,BT8,CF8,CR8) -> 0
A9: 🍀 | B9: Javier | C9: BLUE | D9: =SUM(E9:F9)+K9 -> 6 | E9: =COUNTA(C9)*2 -> 2 | F9: =(G9*2)+(H9*1) -> 4 | G9: =IF(C9<>"", COUNTIFS(MATCH_INPUT!$K$2:$K$5,C9), 0) -> 2 | H9: =IF(C9<>"", COUNTIFS(MATCH_INPUT!$F$2:$F$5, C9, MATCH_INPUT!$K$2:$K$5, "Draw") + COUNTIFS(MATCH_INPUT!$J$2:$J$5, C9, MATCH_INPUT!$K$2:$K$5, "Draw"), 0) -> 0 | I9: =IF(C9<>"", COUNTIFS(MATCH_INPUT!$F$2:$F$5, C9, MATCH_INPUT!$K$2:$K$5, "<>"&C9, MATCH_INPUT!$K$2:$K$5, "<>Draw", MATCH_INPUT!$K$2:$K$5, "<>""") + COUNTIFS(MATCH_INPUT!$J$2:$J$5, C9, MATCH_INPUT!$K$2:$K$5, "<>"&C9, MATCH_INPUT!$K$2:$K$5, "<>Draw", MATCH_INPUT!$K$2:$K$5, "<>"""), 0) -> 0 | M9: =RANK(D9, D$3:D$38, 0) -> 2 | N9: =IF(M9<1, "↑", IF(M9>1, "↓", "=")) -> ↓ | O9: MAGENTA | P9: =SUM(Q9:R9)+D9+W9 -> 9 | Q9: =COUNTA(O9)*2 -> 2 | R9: =(S9*2)+(T9*1) -> 1 | S9: =IF(O9<>"", COUNTIFS(MATCH_INPUT!$K$6:$K$9,O9), 0) -> 0 | T9: =IF(O9<>"", COUNTIFS(MATCH_INPUT!$F$6:$F$9, O9, MATCH_INPUT!$K$6:$K$9, "Draw") + COUNTIFS(MATCH_INPUT!$J$6:$J$9, O9, MATCH_INPUT!$K$6:$K$9, "Draw"), 0) -> 1 | U9: =IF(O9<>"", COUNTIFS(MATCH_INPUT!$F$6:$F$9, O9, MATCH_INPUT!$K$6:$K$9, "<>"&O9, MATCH_INPUT!$K$6:$K$9, "<>Draw", MATCH_INPUT!$K$6:$K$9, "<>""") + COUNTIFS(MATCH_INPUT!$J$6:$J$9, O9, MATCH_INPUT!$K$6:$K$9, "<>"&O9, MATCH_INPUT!$K$6:$K$9, "<>Draw", MATCH_INPUT!$K$6:$K$9, "<>"""), 0) -> 1 | Y9: =RANK(P9, P$3:P$38, 0) -> 10 | Z9: =IF(Y9<M9, "↑", IF(Y9>M9, "↓", "=")) -> ↓ | AA9: BLUE | AB9: =SUM(AC9:AD9)+P9+AI9 -> 13 | AC9: =COUNTA(AA9)*2 -> 2 | AD9: =SUM(AE9*2)+(AF9*1) -> 2 | AE9: =IF(AA9<>"", COUNTIFS(MATCH_INPUT!$K$10:$K$13,AA9), 0) -> 0 | AF9: =IF(AA9<>"", COUNTIFS(MATCH_INPUT!$F$10:$F$13, AA9, MATCH_INPUT!$K$10:$K$13, "Draw") + COUNTIFS(MATCH_INPUT!$J$10:$J$13, AA9, MATCH_INPUT!$K$10:$K$13, "Draw"), 0) -> 2 | AG9: =IF(AA9<>"", COUNTIFS(MATCH_INPUT!$F$10:$F$13, AA9, MATCH_INPUT!$K$10:$K$13, "<>"&AA9, MATCH_INPUT!$K$10:$K$13, "<>Draw", MATCH_INPUT!$K$10:$K$13, "<>""") + COUNTIFS(MATCH_INPUT!$J$10:$J$13, AA9, MATCH_INPUT!$K$10:$K$13, "<>"&AA9, MATCH_INPUT!$K$10:$K$13, "<>Draw", MATCH_INPUT!$K$10:$K$13, "<>"""), 0) -> 0 | AH9: 2 | AK9: =RANK(AB9, AB$3:AB$38, 0) -> 9 | AL9: =IF(AK9<Y9, "↑", IF(AK9>Y9, "↓", "=")) -> ↑ | AM9: ORANGE | AN9: =SUM(AO9:AP9)+AB9+AU9 -> 17 | AO9: =COUNTA(AM9)*2 -> 2 | AP9: =SUM(AQ9*2)+(AR9*1) -> 2 | AQ9: =IF(AM9<>"", COUNTIFS(MATCH_INPUT!$K$14:$K$17,AM9), 0) -> 0 | AR9: =IF(AM9<>"", COUNTIFS(MATCH_INPUT!$F$14:$F$17, AM9, MATCH_INPUT!$K$14:$K$17, "Draw") + COUNTIFS(MATCH_INPUT!$J$14:$J$17, AM9, MATCH_INPUT!$K$14:$K$17, "Draw"), 0) -> 2 | AS9: =IF(AM9<>"", COUNTIFS(MATCH_INPUT!$F$14:$F$17, AM9, MATCH_INPUT!$K$14:$K$17, "<>"&AM9, MATCH_INPUT!$K$14:$K$17, "<>Draw", MATCH_INPUT!$K$14:$K$17, "<>""") + COUNTIFS(MATCH_INPUT!$J$14:$J$17, AM9, MATCH_INPUT!$K$14:$K$17, "<>"&AM9, MATCH_INPUT!$K$14:$K$17, "<>Draw", MATCH_INPUT!$K$14:$K$17, "<>"""), 0) -> 0 | AW9: =RANK(AN9, AN$3:AN$38, 0) -> 9 | AX9: =IF(AW9<AK9, "↑", IF(AW9>AK9, "↓", "=")) -> = | AY9: BLUE | AZ9: =SUM(BA9:BB9)+BG9+AN9 -> 24 | BA9: =COUNTA(AY9)*2 -> 2 | BB9: =SUM(BC9*2) + (BD9*1) + SUMIFS(MATCH_INPUT!$G$18:$G$21, MATCH_INPUT!$F$18:$F$21, AY9) + SUMIFS(MATCH_INPUT!$I$18:$I$21, MATCH_INPUT!$J$18:$J$21, AY9) -> 5 | BC9: =IF(AY9<>"", COUNTIFS(MATCH_INPUT!$K$18:$K$21,AY9), 0) -> 0 | BD9: =IF(AY9<>"", COUNTIFS(MATCH_INPUT!$F$18:$F$21, AY9, MATCH_INPUT!$K$18:$K$21, "Draw") + COUNTIFS(MATCH_INPUT!$J$18:$J$21, AY9, MATCH_INPUT!$K$18:$K$21, "Draw"), 0) -> 1 | BE9: =IF(AY9<>"", COUNTIFS(MATCH_INPUT!$F$18:$F$21, AY9, MATCH_INPUT!$K$18:$K$21, "<>"&AY9, MATCH_INPUT!$K$18:$K$21, "<>Draw", MATCH_INPUT!$K$18:$K$21, "<>""") + COUNTIFS(MATCH_INPUT!$J$18:$J$21, AY9, MATCH_INPUT!$K$18:$K$21, "<>"&AY9, MATCH_INPUT!$K$18:$K$21, "<>Draw", MATCH_INPUT!$K$18:$K$21, "<>"""), 0) -> 1 | BF9: 1 | BI9: =RANK(AZ9, AZ$3:AZ$38, 0) -> 11 | BJ9: =IF(BI9<AW9, "↑", IF(BI9>AW9, "↓", "=")) -> ↓ | BK9: GREEN | BL9: =SUM(BM9:BN9)+BS9+AZ9 -> 31 | BM9: =COUNTA(BK9)*2 -> 2 | BN9: =SUM(BO9*2) + (BP9*1) + SUMIFS(MATCH_INPUT!$G$22:$G$25, MATCH_INPUT!$F$22:$F$25, BK9) + SUMIFS(MATCH_INPUT!$I$22:$I$25, MATCH_INPUT!$J$22:$J$25, BK9) -> 5 | BO9: =IF(BK9<>"", COUNTIFS(MATCH_INPUT!$K$22:$K$25,BK9), 0) -> 1 | BP9: =IF(BK9<>"", COUNTIFS(MATCH_INPUT!$F$22:$F$25, BK9, MATCH_INPUT!$K$22:$K$25, "Draw") + COUNTIFS(MATCH_INPUT!$J$22:$J$25, BK9, MATCH_INPUT!$K$22:$K$25, "Draw"), 0) -> 1 | BQ9: =IF(BK9<>"", COUNTIFS(MATCH_INPUT!$F$22:$F$25, BK9, MATCH_INPUT!$K$22:$K$25, "<>"&BK9, MATCH_INPUT!$K$22:$K$25, "<>Draw", MATCH_INPUT!$K$22:$K$25, "<>""") + COUNTIFS(MATCH_INPUT!$J$22:$J$25, BK9, MATCH_INPUT!$K$22:$K$25, "<>"&BK9, MATCH_INPUT!$K$22:$K$25, "<>Draw", MATCH_INPUT!$K$22:$K$25, "<>"""), 0) -> 0 | BU9: =RANK(BL9, BL$3:BL$38, 0) -> 8 | BV9: =IF(BU9<BI9, "↑", IF(BU9>BI9, "↓", "=")) -> ↑ | BW9: MAGENTA | BX9: =SUM(BY9:BZ9)+CE9+BL9 -> 36 | BY9: =COUNTA(BW9)*2 -> 2 | BZ9: =SUM(CA9*2)+(CB9*1) + SUMIFS(MATCH_INPUT!$G$26:$G$29, MATCH_INPUT!$F$26:$F$29, BW9) + SUMIFS(MATCH_INPUT!$I$26:$I$29, MATCH_INPUT!$J$26:$J$29, BW9) -> 3 | CA9: =IF(BW9<>"", COUNTIFS(MATCH_INPUT!$K$26:$K$29,BW9), 0) -> 0 | CB9: =IF(BW9<>"", COUNTIFS(MATCH_INPUT!$F$26:$F$29, BW9, MATCH_INPUT!$K$26:$K$29, "Draw") + COUNTIFS(MATCH_INPUT!$J$26:$J$29, BW9, MATCH_INPUT!$K$26:$K$29, "Draw"), 0) -> 1 | CC9: =IF(BW9<>"", COUNTIFS(MATCH_INPUT!$F$26:$F$29, BW9, MATCH_INPUT!$K$26:$K$29, "<>"&BW9, MATCH_INPUT!$K$26:$K$29, "<>Draw", MATCH_INPUT!$K$26:$K$29, "<>""") + COUNTIFS(MATCH_INPUT!$J$26:$J$29, BW9, MATCH_INPUT!$K$26:$K$29, "<>"&BW9, MATCH_INPUT!$K$26:$K$29, "<>Draw", MATCH_INPUT!$K$26:$K$29, "<>"""), 0) -> 1 | CG9: =RANK(BX9, BX$3:BX$38, 0) -> 10 | CH9: =IF(CG9<BU9, "↑", IF(CG9>BU9, "↓", "=")) -> ↓ | CI9: GREEN | CJ9: =SUM(CK9:CL9)+CQ9+BX9 -> 42 | CK9: =COUNTA(CI9)*2 -> 2 | CL9: =SUM(CM9*2)+(CN9*1) + SUMIFS(MATCH_INPUT!$G$30:$G$33, MATCH_INPUT!$F$30:$F$33, CI9) + SUMIFS(MATCH_INPUT!$I$30:$I$33, MATCH_INPUT!$J$30:$J$33, CI9) -> 4 | CM9: =IF(CI9<>"", COUNTIFS(MATCH_INPUT!$K$30:$K$33,CI9), 0) -> 1 | CN9: =IF(CI9<>"", COUNTIFS(MATCH_INPUT!$F$30:$F$33, CI9, MATCH_INPUT!$K$30:$K$33, "Draw") + COUNTIFS(MATCH_INPUT!$J$30:$J$33, CI9, MATCH_INPUT!$K$30:$K$33, "Draw"), 0) -> 0 | CO9: =IF(CI9<>"", COUNTIFS(MATCH_INPUT!$F$30:$F$33, CI9, MATCH_INPUT!$K$30:$K$33, "<>"&CI9, MATCH_INPUT!$K$30:$K$33, "<>Draw", MATCH_INPUT!$K$30:$K$33, "<>""") + COUNTIFS(MATCH_INPUT!$J$30:$J$33, CI9, MATCH_INPUT!$K$30:$K$33, "<>"&CI9, MATCH_INPUT!$K$30:$K$33, "<>Draw", MATCH_INPUT!$K$30:$K$33, "<>"""), 0) -> 1 | CS9: =RANK(CJ9, CJ$3:CJ$38, 0) -> 6 | CT9: =IF(CS9<CG9, "↑", IF(CS9>CG9, "↓", "=")) -> ↑ | CU9: =SUM(F9,R9,AD9,AP9,BB9,BN9,BZ9,CL9) -> 26 | CV9: =A9 -> 🍀 | CW9: =B9 -> Javier | CX9: =SUM(CU9,CY9,DD9) -> 42 | CY9: =SUM( IF(AND('MATCH DATES'!$A$2 <= TODAY(), NOW() >= 'MATCH DATES'!$A$2 + TIME(22, 0, 0)), E9, 0), IF(AND('MATCH DATES'!$A$3 <= TODAY(), NOW() >= 'MATCH DATES'!$A$3 + TIME(22, 0, 0)), Q9, 0), IF(AND('MATCH DATES'!$A$4 <= TODAY(), NOW() >= 'MATCH DATES'!$A$4 + TIME(22, 0, 0)), AC9, 0), IF(AND('MATCH DATES'!$A$5 <= TODAY(), NOW() >= 'MATCH DATES'!$A$5 + TIME(22, 0, 0)), AO9, 0), IF(AND('MATCH DATES'!$A$6 <= TODAY(), NOW() >= 'MATCH DATES'!$A$6 + TIME(22, 0, 0)), BA9, 0), IF(AND('MATCH DATES'!$A$7 <= TODAY(), NOW() >= 'MATCH DATES'!$A$7 + TIME(22, 0, 0)), BM9, 0), IF(AND('MATCH DATES'!$A$8 <= TODAY(), NOW() >= 'MATCH DATES'!$A$8 + TIME(22, 0, 0)), BY9, 0), IF(AND('MATCH DATES'!$A$9 <= TODAY(), NOW() >= 'MATCH DATES'!$A$9 + TIME(22, 0, 0)), CK9, 0) ) -> 16 | CZ9: =SUM(G9,S9,AE9,AQ9,BC9,BO9,CA9,CM9) -> 4 | DA9: =SUM(H9,T9,AF9,AR9,BD9,BP9,CB9,CN9) -> 8 | DB9: =SUM( IF(AND('MATCH DATES'!$A$2 <= TODAY(), NOW() >= 'MATCH DATES'!$A$2 + TIME(22, 0, 0)), I9, 0), IF(AND('MATCH DATES'!$A$3 <= TODAY(), NOW() >= 'MATCH DATES'!$A$3 + TIME(22, 0, 0)), U9, 0), IF(AND('MATCH DATES'!$A$4 <= TODAY(), NOW() >= 'MATCH DATES'!$A$4 + TIME(22, 0, 0)), AG9, 0), IF(AND('MATCH DATES'!$A$5 <= TODAY(), NOW() >= 'MATCH DATES'!$A$5 + TIME(22, 0, 0)), AS9, 0), IF(AND('MATCH DATES'!$A$6 <= TODAY(), NOW() >= 'MATCH DATES'!$A$6 + TIME(22, 0, 0)), BE9, 0), IF(AND('MATCH DATES'!$A$7 <= TODAY(), NOW() >= 'MATCH DATES'!$A$7 + TIME(22, 0, 0)), BQ9, 0), IF(AND('MATCH DATES'!$A$8 <= TODAY(), NOW() >= 'MATCH DATES'!$A$8 + TIME(22, 0, 0)), CC9, 0), IF(AND('MATCH DATES'!$A$9 <= TODAY(), NOW() >= 'MATCH DATES'!$A$9 + TIME(22, 0, 0)), CO9, 0) ) -> 4 | DD9: =SUM(K9,W9,AI9,AU9,BG9,BS9,CE9,CQ9) -> 0 | DF9: =SUM(L9,X9,AJ9,AV9,BH9,BT9,CF9,CR9) -> 0
A10: 🍀 | B10: Valencia | C10: ORANGE | D10: =SUM(E10:F10)+K10 -> 4 | E10: =COUNTA(C10)*2 -> 2 | F10: =(G10*2)+(H10*1) -> 2 | G10: =IF(C10<>"", COUNTIFS(MATCH_INPUT!$K$2:$K$5,C10), 0) -> 1 | H10: =IF(C10<>"", COUNTIFS(MATCH_INPUT!$F$2:$F$5, C10, MATCH_INPUT!$K$2:$K$5, "Draw") + COUNTIFS(MATCH_INPUT!$J$2:$J$5, C10, MATCH_INPUT!$K$2:$K$5, "Draw"), 0) -> 0 | I10: =IF(C10<>"", COUNTIFS(MATCH_INPUT!$F$2:$F$5, C10, MATCH_INPUT!$K$2:$K$5, "<>"&C10, MATCH_INPUT!$K$2:$K$5, "<>Draw", MATCH_INPUT!$K$2:$K$5, "<>""") + COUNTIFS(MATCH_INPUT!$J$2:$J$5, C10, MATCH_INPUT!$K$2:$K$5, "<>"&C10, MATCH_INPUT!$K$2:$K$5, "<>Draw", MATCH_INPUT!$K$2:$K$5, "<>"""), 0) -> 1 | J10: 1 | M10: =RANK(D10, D$3:D$38, 0) -> 11 | N10: =IF(M10<1, "↑", IF(M10>1, "↓", "=")) -> ↓ | O10: BLUE | P10: =SUM(Q10:R10)+D10+W10 -> 9 | Q10: =COUNTA(O10)*2 -> 2 | R10: =(S10*2)+(T10*1) -> 3 | S10: =IF(O10<>"", COUNTIFS(MATCH_INPUT!$K$6:$K$9,O10), 0) -> 1 | T10: =IF(O10<>"", COUNTIFS(MATCH_INPUT!$F$6:$F$9, O10, MATCH_INPUT!$K$6:$K$9, "Draw") + COUNTIFS(MATCH_INPUT!$J$6:$J$9, O10, MATCH_INPUT!$K$6:$K$9, "Draw"), 0) -> 1 | U10: =IF(O10<>"", COUNTIFS(MATCH_INPUT!$F$6:$F$9, O10, MATCH_INPUT!$K$6:$K$9, "<>"&O10, MATCH_INPUT!$K$6:$K$9, "<>Draw", MATCH_INPUT!$K$6:$K$9, "<>""") + COUNTIFS(MATCH_INPUT!$J$6:$J$9, O10, MATCH_INPUT!$K$6:$K$9, "<>"&O10, MATCH_INPUT!$K$6:$K$9, "<>Draw", MATCH_INPUT!$K$6:$K$9, "<>"""), 0) -> 0 | V10: 1 | Y10: =RANK(P10, P$3:P$38, 0) -> 10 | Z10: =IF(Y10<M10, "↑", IF(Y10>M10, "↓", "=")) -> ↑ | AA10: GREEN | AB10: =SUM(AC10:AD10)+P10+AI10 -> 13 | AC10: =COUNTA(AA10)*2 -> 2 | AD10: =SUM(AE10*2)+(AF10*1) -> 2 | AE10: =IF(AA10<>"", COUNTIFS(MATCH_INPUT!$K$10:$K$13,AA10), 0) -> 0 | AF10: =IF(AA10<>"", COUNTIFS(MATCH_INPUT!$F$10:$F$13, AA10, MATCH_INPUT!$K$10:$K$13, "Draw") + COUNTIFS(MATCH_INPUT!$J$10:$J$13, AA10, MATCH_INPUT!$K$10:$K$13, "Draw"), 0) -> 2 | AG10: =IF(AA10<>"", COUNTIFS(MATCH_INPUT!$F$10:$F$13, AA10, MATCH_INPUT!$K$10:$K$13, "<>"&AA10, MATCH_INPUT!$K$10:$K$13, "<>Draw", MATCH_INPUT!$K$10:$K$13, "<>""") + COUNTIFS(MATCH_INPUT!$J$10:$J$13, AA10, MATCH_INPUT!$K$10:$K$13, "<>"&AA10, MATCH_INPUT!$K$10:$K$13, "<>Draw", MATCH_INPUT!$K$10:$K$13, "<>"""), 0) -> 0 | AH10: 2 | AK10: =RANK(AB10, AB$3:AB$38, 0) -> 9 | AL10: =IF(AK10<Y10, "↑", IF(AK10>Y10, "↓", "=")) -> ↑ | AM10: BLUE | AN10: =SUM(AO10:AP10)+AB10+AU10 -> 16 | AO10: =COUNTA(AM10)*2 -> 2 | AP10: =SUM(AQ10*2)+(AR10*1) -> 1 | AQ10: =IF(AM10<>"", COUNTIFS(MATCH_INPUT!$K$14:$K$17,AM10), 0) -> 0 | AR10: =IF(AM10<>"", COUNTIFS(MATCH_INPUT!$F$14:$F$17, AM10, MATCH_INPUT!$K$14:$K$17, "Draw") + COUNTIFS(MATCH_INPUT!$J$14:$J$17, AM10, MATCH_INPUT!$K$14:$K$17, "Draw"), 0) -> 1 | AS10: =IF(AM10<>"", COUNTIFS(MATCH_INPUT!$F$14:$F$17, AM10, MATCH_INPUT!$K$14:$K$17, "<>"&AM10, MATCH_INPUT!$K$14:$K$17, "<>Draw", MATCH_INPUT!$K$14:$K$17, "<>""") + COUNTIFS(MATCH_INPUT!$J$14:$J$17, AM10, MATCH_INPUT!$K$14:$K$17, "<>"&AM10, MATCH_INPUT!$K$14:$K$17, "<>Draw", MATCH_INPUT!$K$14:$K$17, "<>"""), 0) -> 1 | AW10: =RANK(AN10, AN$3:AN$38, 0) -> 15 | AX10: =IF(AW10<AK10, "↑", IF(AW10>AK10, "↓", "=")) -> ↓ | AY10: ORANGE | AZ10: =SUM(BA10:BB10)+BG10+AN10 -> 28 | BA10: =COUNTA(AY10)*2 -> 2 | BB10: =SUM(BC10*2) + (BD10*1) + SUMIFS(MATCH_INPUT!$G$18:$G$21, MATCH_INPUT!$F$18:$F$21, AY10) + SUMIFS(MATCH_INPUT!$I$18:$I$21, MATCH_INPUT!$J$18:$J$21, AY10) -> 10 | BC10: =IF(AY10<>"", COUNTIFS(MATCH_INPUT!$K$18:$K$21,AY10), 0) -> 2 | BD10: =IF(AY10<>"", COUNTIFS(MATCH_INPUT!$F$18:$F$21, AY10, MATCH_INPUT!$K$18:$K$21, "Draw") + COUNTIFS(MATCH_INPUT!$J$18:$J$21, AY10, MATCH_INPUT!$K$18:$K$21, "Draw"), 0) -> 0 | BE10: =IF(AY10<>"", COUNTIFS(MATCH_INPUT!$F$18:$F$21, AY10, MATCH_INPUT!$K$18:$K$21, "<>"&AY10, MATCH_INPUT!$K$18:$K$21, "<>Draw", MATCH_INPUT!$K$18:$K$21, "<>""") + COUNTIFS(MATCH_INPUT!$J$18:$J$21, AY10, MATCH_INPUT!$K$18:$K$21, "<>"&AY10, MATCH_INPUT!$K$18:$K$21, "<>Draw", MATCH_INPUT!$K$18:$K$21, "<>"""), 0) -> 0 | BF10: 1 | BI10: =RANK(AZ10, AZ$3:AZ$38, 0) -> 4 | BJ10: =IF(BI10<AW10, "↑", IF(BI10>AW10, "↓", "=")) -> ↑ | BK10: GREEN | BL10: =SUM(BM10:BN10)+BS10+AZ10 -> 35 | BM10: =COUNTA(BK10)*2 -> 2 | BN10: =SUM(BO10*2) + (BP10*1) + SUMIFS(MATCH_INPUT!$G$22:$G$25, MATCH_INPUT!$F$22:$F$25, BK10) + SUMIFS(MATCH_INPUT!$I$22:$I$25, MATCH_INPUT!$J$22:$J$25, BK10) -> 5 | BO10: =IF(BK10<>"", COUNTIFS(MATCH_INPUT!$K$22:$K$25,BK10), 0) -> 1 | BP10: =IF(BK10<>"", COUNTIFS(MATCH_INPUT!$F$22:$F$25, BK10, MATCH_INPUT!$K$22:$K$25, "Draw") + COUNTIFS(MATCH_INPUT!$J$22:$J$25, BK10, MATCH_INPUT!$K$22:$K$25, "Draw"), 0) -> 1 | BQ10: =IF(BK10<>"", COUNTIFS(MATCH_INPUT!$F$22:$F$25, BK10, MATCH_INPUT!$K$22:$K$25, "<>"&BK10, MATCH_INPUT!$K$22:$K$25, "<>Draw", MATCH_INPUT!$K$22:$K$25, "<>""") + COUNTIFS(MATCH_INPUT!$J$22:$J$25, BK10, MATCH_INPUT!$K$22:$K$25, "<>"&BK10, MATCH_INPUT!$K$22:$K$25, "<>Draw", MATCH_INPUT!$K$22:$K$25, "<>"""), 0) -> 0 | BU10: =RANK(BL10, BL$3:BL$38, 0) -> 4 | BV10: =IF(BU10<BI10, "↑", IF(BU10>BI10, "↓", "=")) -> = | BW10: BLUE | BX10: =SUM(BY10:BZ10)+CE10+BL10 -> 42 | BY10: =COUNTA(BW10)*2 -> 2 | BZ10: =SUM(CA10*2)+(CB10*1) + SUMIFS(MATCH_INPUT!$G$26:$G$29, MATCH_INPUT!$F$26:$F$29, BW10) + SUMIFS(MATCH_INPUT!$I$26:$I$29, MATCH_INPUT!$J$26:$J$29, BW10) -> 5 | CA10: =IF(BW10<>"", COUNTIFS(MATCH_INPUT!$K$26:$K$29,BW10), 0) -> 1 | CB10: =IF(BW10<>"", COUNTIFS(MATCH_INPUT!$F$26:$F$29, BW10, MATCH_INPUT!$K$26:$K$29, "Draw") + COUNTIFS(MATCH_INPUT!$J$26:$J$29, BW10, MATCH_INPUT!$K$26:$K$29, "Draw"), 0) -> 0 | CC10: =IF(BW10<>"", COUNTIFS(MATCH_INPUT!$F$26:$F$29, BW10, MATCH_INPUT!$K$26:$K$29, "<>"&BW10, MATCH_INPUT!$K$26:$K$29, "<>Draw", MATCH_INPUT!$K$26:$K$29, "<>""") + COUNTIFS(MATCH_INPUT!$J$26:$J$29, BW10, MATCH_INPUT!$K$26:$K$29, "<>"&BW10, MATCH_INPUT!$K$26:$K$29, "<>Draw", MATCH_INPUT!$K$26:$K$29, "<>"""), 0) -> 1 | CD10: 1 | CG10: =RANK(BX10, BX$3:BX$38, 0) -> 2 | CH10: =IF(CG10<BU10, "↑", IF(CG10>BU10, "↓", "=")) -> ↑ | CJ10: =SUM(CK10:CL10)+CQ10+BX10 -> 42 | CK10: =COUNTA(CI10)*2 -> 0 | CL10: =SUM(CM10*2)+(CN10*1) + SUMIFS(MATCH_INPUT!$G$30:$G$33, MATCH_INPUT!$F$30:$F$33, CI10) + SUMIFS(MATCH_INPUT!$I$30:$I$33, MATCH_INPUT!$J$30:$J$33, CI10) -> 0 | CM10: =IF(CI10<>"", COUNTIFS(MATCH_INPUT!$K$30:$K$33,CI10), 0) -> 0 | CN10: =IF(CI10<>"", COUNTIFS(MATCH_INPUT!$F$30:$F$33, CI10, MATCH_INPUT!$K$30:$K$33, "Draw") + COUNTIFS(MATCH_INPUT!$J$30:$J$33, CI10, MATCH_INPUT!$K$30:$K$33, "Draw"), 0) -> 0 | CO10: =IF(CI10<>"", COUNTIFS(MATCH_INPUT!$F$30:$F$33, CI10, MATCH_INPUT!$K$30:$K$33, "<>"&CI10, MATCH_INPUT!$K$30:$K$33, "<>Draw", MATCH_INPUT!$K$30:$K$33, "<>""") + COUNTIFS(MATCH_INPUT!$J$30:$J$33, CI10, MATCH_INPUT!$K$30:$K$33, "<>"&CI10, MATCH_INPUT!$K$30:$K$33, "<>Draw", MATCH_INPUT!$K$30:$K$33, "<>"""), 0) -> 0 | CS10: =RANK(CJ10, CJ$3:CJ$38, 0) -> 6 | CT10: =IF(CS10<CG10, "↑", IF(CS10>CG10, "↓", "=")) -> ↓ | CU10: =SUM(F10,R10,AD10,AP10,BB10,BN10,BZ10,CL10) -> 28 | CV10: =A10 -> 🍀 | CW10: =B10 -> Valencia | CX10: =SUM(CU10,CY10,DD10) -> 42 | CY10: =SUM( IF(AND('MATCH DATES'!$A$2 <= TODAY(), NOW() >= 'MATCH DATES'!$A$2 + TIME(22, 0, 0)), E10, 0), IF(AND('MATCH DATES'!$A$3 <= TODAY(), NOW() >= 'MATCH DATES'!$A$3 + TIME(22, 0, 0)), Q10, 0), IF(AND('MATCH DATES'!$A$4 <= TODAY(), NOW() >= 'MATCH DATES'!$A$4 + TIME(22, 0, 0)), AC10, 0), IF(AND('MATCH DATES'!$A$5 <= TODAY(), NOW() >= 'MATCH DATES'!$A$5 + TIME(22, 0, 0)), AO10, 0), IF(AND('MATCH DATES'!$A$6 <= TODAY(), NOW() >= 'MATCH DATES'!$A$6 + TIME(22, 0, 0)), BA10, 0), IF(AND('MATCH DATES'!$A$7 <= TODAY(), NOW() >= 'MATCH DATES'!$A$7 + TIME(22, 0, 0)), BM10, 0), IF(AND('MATCH DATES'!$A$8 <= TODAY(), NOW() >= 'MATCH DATES'!$A$8 + TIME(22, 0, 0)), BY10, 0), IF(AND('MATCH DATES'!$A$9 <= TODAY(), NOW() >= 'MATCH DATES'!$A$9 + TIME(22, 0, 0)), CK10, 0) ) -> 14 | CZ10: =SUM(G10,S10,AE10,AQ10,BC10,BO10,CA10,CM10) -> 6 | DA10: =SUM(H10,T10,AF10,AR10,BD10,BP10,CB10,CN10) -> 5 | DB10: =SUM( IF(AND('MATCH DATES'!$A$2 <= TODAY(), NOW() >= 'MATCH DATES'!$A$2 + TIME(22, 0, 0)), I10, 0), IF(AND('MATCH DATES'!$A$3 <= TODAY(), NOW() >= 'MATCH DATES'!$A$3 + TIME(22, 0, 0)), U10, 0), IF(AND('MATCH DATES'!$A$4 <= TODAY(), NOW() >= 'MATCH DATES'!$A$4 + TIME(22, 0, 0)), AG10, 0), IF(AND('MATCH DATES'!$A$5 <= TODAY(), NOW() >= 'MATCH DATES'!$A$5 + TIME(22, 0, 0)), AS10, 0), IF(AND('MATCH DATES'!$A$6 <= TODAY(), NOW() >= 'MATCH DATES'!$A$6 + TIME(22, 0, 0)), BE10, 0), IF(AND('MATCH DATES'!$A$7 <= TODAY(), NOW() >= 'MATCH DATES'!$A$7 + TIME(22, 0, 0)), BQ10, 0), IF(AND('MATCH DATES'!$A$8 <= TODAY(), NOW() >= 'MATCH DATES'!$A$8 + TIME(22, 0, 0)), CC10, 0), IF(AND('MATCH DATES'!$A$9 <= TODAY(), NOW() >= 'MATCH DATES'!$A$9 + TIME(22, 0, 0)), CO10, 0) ) -> 3 | DD10: =SUM(K10,W10,AI10,AU10,BG10,BS10,CE10,CQ10) -> 0 | DF10: =SUM(L10,X10,AJ10,AV10,BH10,BT10,CF10,CR10) -> 0
A11: 🍀 | B11: Osmin | D11: =SUM(E11:F11)+K11 -> 0 | E11: =COUNTA(C11)*2 -> 0 | F11: =(G11*2)+(H11*1) -> 0 | G11: =IF(C11<>"", COUNTIFS(MATCH_INPUT!$K$2:$K$5,C11), 0) -> 0 | H11: =IF(C11<>"", COUNTIFS(MATCH_INPUT!$F$2:$F$5, C11, MATCH_INPUT!$K$2:$K$5, "Draw") + COUNTIFS(MATCH_INPUT!$J$2:$J$5, C11, MATCH_INPUT!$K$2:$K$5, "Draw"), 0) -> 0 | I11: =IF(C11<>"", COUNTIFS(MATCH_INPUT!$F$2:$F$5, C11, MATCH_INPUT!$K$2:$K$5, "<>"&C11, MATCH_INPUT!$K$2:$K$5, "<>Draw", MATCH_INPUT!$K$2:$K$5, "<>""") + COUNTIFS(MATCH_INPUT!$J$2:$J$5, C11, MATCH_INPUT!$K$2:$K$5, "<>"&C11, MATCH_INPUT!$K$2:$K$5, "<>Draw", MATCH_INPUT!$K$2:$K$5, "<>"""), 0) -> 0 | M11: =RANK(D11, D$3:D$38, 0) -> 35 | N11: =IF(M11<1, "↑", IF(M11>1, "↓", "=")) -> ↓ | P11: =SUM(Q11:R11)+D11+W11 -> 0 | Q11: =COUNTA(O11)*2 -> 0 | R11: =(S11*2)+(T11*1) -> 0 | S11: =IF(O11<>"", COUNTIFS(MATCH_INPUT!$K$6:$K$9,O11), 0) -> 0 | T11: =IF(O11<>"", COUNTIFS(MATCH_INPUT!$F$6:$F$9, O11, MATCH_INPUT!$K$6:$K$9, "Draw") + COUNTIFS(MATCH_INPUT!$J$6:$J$9, O11, MATCH_INPUT!$K$6:$K$9, "Draw"), 0) -> 0 | U11: =IF(O11<>"", COUNTIFS(MATCH_INPUT!$F$6:$F$9, O11, MATCH_INPUT!$K$6:$K$9, "<>"&O11, MATCH_INPUT!$K$6:$K$9, "<>Draw", MATCH_INPUT!$K$6:$K$9, "<>""") + COUNTIFS(MATCH_INPUT!$J$6:$J$9, O11, MATCH_INPUT!$K$6:$K$9, "<>"&O11, MATCH_INPUT!$K$6:$K$9, "<>Draw", MATCH_INPUT!$K$6:$K$9, "<>"""), 0) -> 0 | Y11: =RANK(P11, P$3:P$38, 0) -> 36 | Z11: =IF(Y11<M11, "↑", IF(Y11>M11, "↓", "=")) -> ↓ | AA11: MAGENTA | AB11: =SUM(AC11:AD11)+P11+AI11 -> 3 | AC11: =COUNTA(AA11)*2 -> 2 | AD11: =SUM(AE11*2)+(AF11*1) -> 1 | AE11: =IF(AA11<>"", COUNTIFS(MATCH_INPUT!$K$10:$K$13,AA11), 0) -> 0 | AF11: =IF(AA11<>"", COUNTIFS(MATCH_INPUT!$F$10:$F$13, AA11, MATCH_INPUT!$K$10:$K$13, "Draw") + COUNTIFS(MATCH_INPUT!$J$10:$J$13, AA11, MATCH_INPUT!$K$10:$K$13, "Draw"), 0) -> 1 | AG11: =IF(AA11<>"", COUNTIFS(MATCH_INPUT!$F$10:$F$13, AA11, MATCH_INPUT!$K$10:$K$13, "<>"&AA11, MATCH_INPUT!$K$10:$K$13, "<>Draw", MATCH_INPUT!$K$10:$K$13, "<>""") + COUNTIFS(MATCH_INPUT!$J$10:$J$13, AA11, MATCH_INPUT!$K$10:$K$13, "<>"&AA11, MATCH_INPUT!$K$10:$K$13, "<>Draw", MATCH_INPUT!$K$10:$K$13, "<>"""), 0) -> 1 | AK11: =RANK(AB11, AB$3:AB$38, 0) -> 36 | AL11: =IF(AK11<Y11, "↑", IF(AK11>Y11, "↓", "=")) -> = | AM11: MAGENTA | AN11: =SUM(AO11:AP11)+AB11+AU11 -> 9 | AO11: =COUNTA(AM11)*2 -> 2 | AP11: =SUM(AQ11*2)+(AR11*1) -> 4 | AQ11: =IF(AM11<>"", COUNTIFS(MATCH_INPUT!$K$14:$K$17,AM11), 0) -> 2 | AR11: =IF(AM11<>"", COUNTIFS(MATCH_INPUT!$F$14:$F$17, AM11, MATCH_INPUT!$K$14:$K$17, "Draw") + COUNTIFS(MATCH_INPUT!$J$14:$J$17, AM11, MATCH_INPUT!$K$14:$K$17, "Draw"), 0) -> 0 | AS11: =IF(AM11<>"", COUNTIFS(MATCH_INPUT!$F$14:$F$17, AM11, MATCH_INPUT!$K$14:$K$17, "<>"&AM11, MATCH_INPUT!$K$14:$K$17, "<>Draw", MATCH_INPUT!$K$14:$K$17, "<>""") + COUNTIFS(MATCH_INPUT!$J$14:$J$17, AM11, MATCH_INPUT!$K$14:$K$17, "<>"&AM11, MATCH_INPUT!$K$14:$K$17, "<>Draw", MATCH_INPUT!$K$14:$K$17, "<>"""), 0) -> 0 | AW11: =RANK(AN11, AN$3:AN$38, 0) -> 35 | AX11: =IF(AW11<AK11, "↑", IF(AW11>AK11, "↓", "=")) -> ↑ | AY11: ORANGE | AZ11: =SUM(BA11:BB11)+BG11+AN11 -> 21 | BA11: =COUNTA(AY11)*2 -> 2 | BB11: =SUM(BC11*2) + (BD11*1) + SUMIFS(MATCH_INPUT!$G$18:$G$21, MATCH_INPUT!$F$18:$F$21, AY11) + SUMIFS(MATCH_INPUT!$I$18:$I$21, MATCH_INPUT!$J$18:$J$21, AY11) -> 10 | BC11: =IF(AY11<>"", COUNTIFS(MATCH_INPUT!$K$18:$K$21,AY11), 0) -> 2 | BD11: =IF(AY11<>"", COUNTIFS(MATCH_INPUT!$F$18:$F$21, AY11, MATCH_INPUT!$K$18:$K$21, "Draw") + COUNTIFS(MATCH_INPUT!$J$18:$J$21, AY11, MATCH_INPUT!$K$18:$K$21, "Draw"), 0) -> 0 | BE11: =IF(AY11<>"", COUNTIFS(MATCH_INPUT!$F$18:$F$21, AY11, MATCH_INPUT!$K$18:$K$21, "<>"&AY11, MATCH_INPUT!$K$18:$K$21, "<>Draw", MATCH_INPUT!$K$18:$K$21, "<>""") + COUNTIFS(MATCH_INPUT!$J$18:$J$21, AY11, MATCH_INPUT!$K$18:$K$21, "<>"&AY11, MATCH_INPUT!$K$18:$K$21, "<>Draw", MATCH_INPUT!$K$18:$K$21, "<>"""), 0) -> 0 | BI11: =RANK(AZ11, AZ$3:AZ$38, 0) -> 20 | BJ11: =IF(BI11<AW11, "↑", IF(BI11>AW11, "↓", "=")) -> ↑ | BK11: BLUE | BL11: =SUM(BM11:BN11)+BS11+AZ11 -> 29 | BM11: =COUNTA(BK11)*2 -> 2 | BN11: =SUM(BO11*2) + (BP11*1) + SUMIFS(MATCH_INPUT!$G$22:$G$25, MATCH_INPUT!$F$22:$F$25, BK11) + SUMIFS(MATCH_INPUT!$I$22:$I$25, MATCH_INPUT!$J$22:$J$25, BK11) -> 6 | BO11: =IF(BK11<>"", COUNTIFS(MATCH_INPUT!$K$22:$K$25,BK11), 0) -> 1 | BP11: =IF(BK11<>"", COUNTIFS(MATCH_INPUT!$F$22:$F$25, BK11, MATCH_INPUT!$K$22:$K$25, "Draw") + COUNTIFS(MATCH_INPUT!$J$22:$J$25, BK11, MATCH_INPUT!$K$22:$K$25, "Draw"), 0) -> 1 | BQ11: =IF(BK11<>"", COUNTIFS(MATCH_INPUT!$F$22:$F$25, BK11, MATCH_INPUT!$K$22:$K$25, "<>"&BK11, MATCH_INPUT!$K$22:$K$25, "<>Draw", MATCH_INPUT!$K$22:$K$25, "<>""") + COUNTIFS(MATCH_INPUT!$J$22:$J$25, BK11, MATCH_INPUT!$K$22:$K$25, "<>"&BK11, MATCH_INPUT!$K$22:$K$25, "<>Draw", MATCH_INPUT!$K$22:$K$25, "<>"""), 0) -> 0 | BU11: =RANK(BL11, BL$3:BL$38, 0) -> 11 | BV11: =IF(BU11<BI11, "↑", IF(BU11>BI11, "↓", "=")) -> ↑ | BW11: ORANGE | BX11: =SUM(BY11:BZ11)+CE11+BL11 -> 38 | BY11: =COUNTA(BW11)*2 -> 2 | BZ11: =SUM(CA11*2)+(CB11*1) + SUMIFS(MATCH_INPUT!$G$26:$G$29, MATCH_INPUT!$F$26:$F$29, BW11) + SUMIFS(MATCH_INPUT!$I$26:$I$29, MATCH_INPUT!$J$26:$J$29, BW11) -> 7 | CA11: =IF(BW11<>"", COUNTIFS(MATCH_INPUT!$K$26:$K$29,BW11), 0) -> 1 | CB11: =IF(BW11<>"", COUNTIFS(MATCH_INPUT!$F$26:$F$29, BW11, MATCH_INPUT!$K$26:$K$29, "Draw") + COUNTIFS(MATCH_INPUT!$J$26:$J$29, BW11, MATCH_INPUT!$K$26:$K$29, "Draw"), 0) -> 1 | CC11: =IF(BW11<>"", COUNTIFS(MATCH_INPUT!$F$26:$F$29, BW11, MATCH_INPUT!$K$26:$K$29, "<>"&BW11, MATCH_INPUT!$K$26:$K$29, "<>Draw", MATCH_INPUT!$K$26:$K$29, "<>""") + COUNTIFS(MATCH_INPUT!$J$26:$J$29, BW11, MATCH_INPUT!$K$26:$K$29, "<>"&BW11, MATCH_INPUT!$K$26:$K$29, "<>Draw", MATCH_INPUT!$K$26:$K$29, "<>"""), 0) -> 0 | CG11: =RANK(BX11, BX$3:BX$38, 0) -> 6 | CH11: =IF(CG11<BU11, "↑", IF(CG11>BU11, "↓", "=")) -> ↑ | CI11: MAGENTA | CJ11: =SUM(CK11:CL11)+CQ11+BX11 -> 42 | CK11: =COUNTA(CI11)*2 -> 2 | CL11: =SUM(CM11*2)+(CN11*1) + SUMIFS(MATCH_INPUT!$G$30:$G$33, MATCH_INPUT!$F$30:$F$33, CI11) + SUMIFS(MATCH_INPUT!$I$30:$I$33, MATCH_INPUT!$J$30:$J$33, CI11) -> 2 | CM11: =IF(CI11<>"", COUNTIFS(MATCH_INPUT!$K$30:$K$33,CI11), 0) -> 0 | CN11: =IF(CI11<>"", COUNTIFS(MATCH_INPUT!$F$30:$F$33, CI11, MATCH_INPUT!$K$30:$K$33, "Draw") + COUNTIFS(MATCH_INPUT!$J$30:$J$33, CI11, MATCH_INPUT!$K$30:$K$33, "Draw"), 0) -> 1 | CO11: =IF(CI11<>"", COUNTIFS(MATCH_INPUT!$F$30:$F$33, CI11, MATCH_INPUT!$K$30:$K$33, "<>"&CI11, MATCH_INPUT!$K$30:$K$33, "<>Draw", MATCH_INPUT!$K$30:$K$33, "<>""") + COUNTIFS(MATCH_INPUT!$J$30:$J$33, CI11, MATCH_INPUT!$K$30:$K$33, "<>"&CI11, MATCH_INPUT!$K$30:$K$33, "<>Draw", MATCH_INPUT!$K$30:$K$33, "<>"""), 0) -> 1 | CS11: =RANK(CJ11, CJ$3:CJ$38, 0) -> 6 | CT11: =IF(CS11<CG11, "↑", IF(CS11>CG11, "↓", "=")) -> = | CU11: =SUM(F11,R11,AD11,AP11,BB11,BN11,BZ11,CL11) -> 30 | CV11: =A11 -> 🍀 | CW11: =B11 -> Osmin | CX11: =SUM(CU11,CY11,DD11) -> 42 | CY11: =SUM( IF(AND('MATCH DATES'!$A$2 <= TODAY(), NOW() >= 'MATCH DATES'!$A$2 + TIME(22, 0, 0)), E11, 0), IF(AND('MATCH DATES'!$A$3 <= TODAY(), NOW() >= 'MATCH DATES'!$A$3 + TIME(22, 0, 0)), Q11, 0), IF(AND('MATCH DATES'!$A$4 <= TODAY(), NOW() >= 'MATCH DATES'!$A$4 + TIME(22, 0, 0)), AC11, 0), IF(AND('MATCH DATES'!$A$5 <= TODAY(), NOW() >= 'MATCH DATES'!$A$5 + TIME(22, 0, 0)), AO11, 0), IF(AND('MATCH DATES'!$A$6 <= TODAY(), NOW() >= 'MATCH DATES'!$A$6 + TIME(22, 0, 0)), BA11, 0), IF(AND('MATCH DATES'!$A$7 <= TODAY(), NOW() >= 'MATCH DATES'!$A$7 + TIME(22, 0, 0)), BM11, 0), IF(AND('MATCH DATES'!$A$8 <= TODAY(), NOW() >= 'MATCH DATES'!$A$8 + TIME(22, 0, 0)), BY11, 0), IF(AND('MATCH DATES'!$A$9 <= TODAY(), NOW() >= 'MATCH DATES'!$A$9 + TIME(22, 0, 0)), CK11, 0) ) -> 12 | CZ11: =SUM(G11,S11,AE11,AQ11,BC11,BO11,CA11,CM11) -> 6 | DA11: =SUM(H11,T11,AF11,AR11,BD11,BP11,CB11,CN11) -> 4 | DB11: =SUM( IF(AND('MATCH DATES'!$A$2 <= TODAY(), NOW() >= 'MATCH DATES'!$A$2 + TIME(22, 0, 0)), I11, 0), IF(AND('MATCH DATES'!$A$3 <= TODAY(), NOW() >= 'MATCH DATES'!$A$3 + TIME(22, 0, 0)), U11, 0), IF(AND('MATCH DATES'!$A$4 <= TODAY(), NOW() >= 'MATCH DATES'!$A$4 + TIME(22, 0, 0)), AG11, 0), IF(AND('MATCH DATES'!$A$5 <= TODAY(), NOW() >= 'MATCH DATES'!$A$5 + TIME(22, 0, 0)), AS11, 0), IF(AND('MATCH DATES'!$A$6 <= TODAY(), NOW() >= 'MATCH DATES'!$A$6 + TIME(22, 0, 0)), BE11, 0), IF(AND('MATCH DATES'!$A$7 <= TODAY(), NOW() >= 'MATCH DATES'!$A$7 + TIME(22, 0, 0)), BQ11, 0), IF(AND('MATCH DATES'!$A$8 <= TODAY(), NOW() >= 'MATCH DATES'!$A$8 + TIME(22, 0, 0)), CC11, 0), IF(AND('MATCH DATES'!$A$9 <= TODAY(), NOW() >= 'MATCH DATES'!$A$9 + TIME(22, 0, 0)), CO11, 0) ) -> 2 | DD11: =SUM(K11,W11,AI11,AU11,BG11,BS11,CE11,CQ11) -> 0 | DF11: =SUM(L11,X11,AJ11,AV11,BH11,BT11,CF11,CR11) -> 0
A12: 🍀 | B12: Efra | C12: MAGENTA | D12: =SUM(E12:F12)+K12 -> 4 | E12: =COUNTA(C12)*2 -> 2 | F12: =(G12*2)+(H12*1) -> 2 | G12: =IF(C12<>"", COUNTIFS(MATCH_INPUT!$K$2:$K$5,C12), 0) -> 1 | H12: =IF(C12<>"", COUNTIFS(MATCH_INPUT!$F$2:$F$5, C12, MATCH_INPUT!$K$2:$K$5, "Draw") + COUNTIFS(MATCH_INPUT!$J$2:$J$5, C12, MATCH_INPUT!$K$2:$K$5, "Draw"), 0) -> 0 | I12: =IF(C12<>"", COUNTIFS(MATCH_INPUT!$F$2:$F$5, C12, MATCH_INPUT!$K$2:$K$5, "<>"&C12, MATCH_INPUT!$K$2:$K$5, "<>Draw", MATCH_INPUT!$K$2:$K$5, "<>""") + COUNTIFS(MATCH_INPUT!$J$2:$J$5, C12, MATCH_INPUT!$K$2:$K$5, "<>"&C12, MATCH_INPUT!$K$2:$K$5, "<>Draw", MATCH_INPUT!$K$2:$K$5, "<>"""), 0) -> 1 | M12: =RANK(D12, D$3:D$38, 0) -> 11 | N12: =IF(M12<1, "↑", IF(M12>1, "↓", "=")) -> ↓ | O12: BLUE | P12: =SUM(Q12:R12)+D12+W12 -> 9 | Q12: =COUNTA(O12)*2 -> 2 | R12: =(S12*2)+(T12*1) -> 3 | S12: =IF(O12<>"", COUNTIFS(MATCH_INPUT!$K$6:$K$9,O12), 0) -> 1 | T12: =IF(O12<>"", COUNTIFS(MATCH_INPUT!$F$6:$F$9, O12, MATCH_INPUT!$K$6:$K$9, "Draw") + COUNTIFS(MATCH_INPUT!$J$6:$J$9, O12, MATCH_INPUT!$K$6:$K$9, "Draw"), 0) -> 1 | U12: =IF(O12<>"", COUNTIFS(MATCH_INPUT!$F$6:$F$9, O12, MATCH_INPUT!$K$6:$K$9, "<>"&O12, MATCH_INPUT!$K$6:$K$9, "<>Draw", MATCH_INPUT!$K$6:$K$9, "<>""") + COUNTIFS(MATCH_INPUT!$J$6:$J$9, O12, MATCH_INPUT!$K$6:$K$9, "<>"&O12, MATCH_INPUT!$K$6:$K$9, "<>Draw", MATCH_INPUT!$K$6:$K$9, "<>"""), 0) -> 0 | V12: 1 | Y12: =RANK(P12, P$3:P$38, 0) -> 10 | Z12: =IF(Y12<M12, "↑", IF(Y12>M12, "↓", "=")) -> ↑ | AA12: BLUE | AB12: =SUM(AC12:AD12)+P12+AI12 -> 13 | AC12: =COUNTA(AA12)*2 -> 2 | AD12: =SUM(AE12*2)+(AF12*1) -> 2 | AE12: =IF(AA12<>"", COUNTIFS(MATCH_INPUT!$K$10:$K$13,AA12), 0) -> 0 | AF12: =IF(AA12<>"", COUNTIFS(MATCH_INPUT!$F$10:$F$13, AA12, MATCH_INPUT!$K$10:$K$13, "Draw") + COUNTIFS(MATCH_INPUT!$J$10:$J$13, AA12, MATCH_INPUT!$K$10:$K$13, "Draw"), 0) -> 2 | AG12: =IF(AA12<>"", COUNTIFS(MATCH_INPUT!$F$10:$F$13, AA12, MATCH_INPUT!$K$10:$K$13, "<>"&AA12, MATCH_INPUT!$K$10:$K$13, "<>Draw", MATCH_INPUT!$K$10:$K$13, "<>""") + COUNTIFS(MATCH_INPUT!$J$10:$J$13, AA12, MATCH_INPUT!$K$10:$K$13, "<>"&AA12, MATCH_INPUT!$K$10:$K$13, "<>Draw", MATCH_INPUT!$K$10:$K$13, "<>"""), 0) -> 0 | AK12: =RANK(AB12, AB$3:AB$38, 0) -> 9 | AL12: =IF(AK12<Y12, "↑", IF(AK12>Y12, "↓", "=")) -> ↑ | AM12: BLUE | AN12: =SUM(AO12:AP12)+AB12+AU12 -> 17 | AO12: =COUNTA(AM12)*2 -> 2 | AP12: =SUM(AQ12*2)+(AR12*1) -> 1 | AQ12: =IF(AM12<>"", COUNTIFS(MATCH_INPUT!$K$14:$K$17,AM12), 0) -> 0 | AR12: =IF(AM12<>"", COUNTIFS(MATCH_INPUT!$F$14:$F$17, AM12, MATCH_INPUT!$K$14:$K$17, "Draw") + COUNTIFS(MATCH_INPUT!$J$14:$J$17, AM12, MATCH_INPUT!$K$14:$K$17, "Draw"), 0) -> 1 | AS12: =IF(AM12<>"", COUNTIFS(MATCH_INPUT!$F$14:$F$17, AM12, MATCH_INPUT!$K$14:$K$17, "<>"&AM12, MATCH_INPUT!$K$14:$K$17, "<>Draw", MATCH_INPUT!$K$14:$K$17, "<>""") + COUNTIFS(MATCH_INPUT!$J$14:$J$17, AM12, MATCH_INPUT!$K$14:$K$17, "<>"&AM12, MATCH_INPUT!$K$14:$K$17, "<>Draw", MATCH_INPUT!$K$14:$K$17, "<>"""), 0) -> 1 | AU12: 1 | AW12: =RANK(AN12, AN$3:AN$38, 0) -> 9 | AX12: =IF(AW12<AK12, "↑", IF(AW12>AK12, "↓", "=")) -> = | AY12: MAGENTA | AZ12: =SUM(BA12:BB12)+BG12+AN12 -> 23 | BA12: =COUNTA(AY12)*2 -> 2 | BB12: =SUM(BC12*2) + (BD12*1) + SUMIFS(MATCH_INPUT!$G$18:$G$21, MATCH_INPUT!$F$18:$F$21, AY12) + SUMIFS(MATCH_INPUT!$I$18:$I$21, MATCH_INPUT!$J$18:$J$21, AY12) -> 4 | BC12: =IF(AY12<>"", COUNTIFS(MATCH_INPUT!$K$18:$K$21,AY12), 0) -> 0 | BD12: =IF(AY12<>"", COUNTIFS(MATCH_INPUT!$F$18:$F$21, AY12, MATCH_INPUT!$K$18:$K$21, "Draw") + COUNTIFS(MATCH_INPUT!$J$18:$J$21, AY12, MATCH_INPUT!$K$18:$K$21, "Draw"), 0) -> 1 | BE12: =IF(AY12<>"", COUNTIFS(MATCH_INPUT!$F$18:$F$21, AY12, MATCH_INPUT!$K$18:$K$21, "<>"&AY12, MATCH_INPUT!$K$18:$K$21, "<>Draw", MATCH_INPUT!$K$18:$K$21, "<>""") + COUNTIFS(MATCH_INPUT!$J$18:$J$21, AY12, MATCH_INPUT!$K$18:$K$21, "<>"&AY12, MATCH_INPUT!$K$18:$K$21, "<>Draw", MATCH_INPUT!$K$18:$K$21, "<>"""), 0) -> 1 | BI12: =RANK(AZ12, AZ$3:AZ$38, 0) -> 14 | BJ12: =IF(BI12<AW12, "↑", IF(BI12>AW12, "↓", "=")) -> ↓ | BK12: GREEN | BL12: =SUM(BM12:BN12)+BS12+AZ12 -> 30 | BM12: =COUNTA(BK12)*2 -> 2 | BN12: =SUM(BO12*2) + (BP12*1) + SUMIFS(MATCH_INPUT!$G$22:$G$25, MATCH_INPUT!$F$22:$F$25, BK12) + SUMIFS(MATCH_INPUT!$I$22:$I$25, MATCH_INPUT!$J$22:$J$25, BK12) -> 5 | BO12: =IF(BK12<>"", COUNTIFS(MATCH_INPUT!$K$22:$K$25,BK12), 0) -> 1 | BP12: =IF(BK12<>"", COUNTIFS(MATCH_INPUT!$F$22:$F$25, BK12, MATCH_INPUT!$K$22:$K$25, "Draw") + COUNTIFS(MATCH_INPUT!$J$22:$J$25, BK12, MATCH_INPUT!$K$22:$K$25, "Draw"), 0) -> 1 | BQ12: =IF(BK12<>"", COUNTIFS(MATCH_INPUT!$F$22:$F$25, BK12, MATCH_INPUT!$K$22:$K$25, "<>"&BK12, MATCH_INPUT!$K$22:$K$25, "<>Draw", MATCH_INPUT!$K$22:$K$25, "<>""") + COUNTIFS(MATCH_INPUT!$J$22:$J$25, BK12, MATCH_INPUT!$K$22:$K$25, "<>"&BK12, MATCH_INPUT!$K$22:$K$25, "<>Draw", MATCH_INPUT!$K$22:$K$25, "<>"""), 0) -> 0 | BU12: =RANK(BL12, BL$3:BL$38, 0) -> 9 | BV12: =IF(BU12<BI12, "↑", IF(BU12>BI12, "↓", "=")) -> ↑ | BW12: MAGENTA | BX12: =SUM(BY12:BZ12)+CE12+BL12 -> 35 | BY12: =COUNTA(BW12)*2 -> 2 | BZ12: =SUM(CA12*2)+(CB12*1) + SUMIFS(MATCH_INPUT!$G$26:$G$29, MATCH_INPUT!$F$26:$F$29, BW12) + SUMIFS(MATCH_INPUT!$I$26:$I$29, MATCH_INPUT!$J$26:$J$29, BW12) -> 3 | CA12: =IF(BW12<>"", COUNTIFS(MATCH_INPUT!$K$26:$K$29,BW12), 0) -> 0 | CB12: =IF(BW12<>"", COUNTIFS(MATCH_INPUT!$F$26:$F$29, BW12, MATCH_INPUT!$K$26:$K$29, "Draw") + COUNTIFS(MATCH_INPUT!$J$26:$J$29, BW12, MATCH_INPUT!$K$26:$K$29, "Draw"), 0) -> 1 | CC12: =IF(BW12<>"", COUNTIFS(MATCH_INPUT!$F$26:$F$29, BW12, MATCH_INPUT!$K$26:$K$29, "<>"&BW12, MATCH_INPUT!$K$26:$K$29, "<>Draw", MATCH_INPUT!$K$26:$K$29, "<>""") + COUNTIFS(MATCH_INPUT!$J$26:$J$29, BW12, MATCH_INPUT!$K$26:$K$29, "<>"&BW12, MATCH_INPUT!$K$26:$K$29, "<>Draw", MATCH_INPUT!$K$26:$K$29, "<>"""), 0) -> 1 | CG12: =RANK(BX12, BX$3:BX$38, 0) -> 13 | CH12: =IF(CG12<BU12, "↑", IF(CG12>BU12, "↓", "=")) -> ↓ | CI12: GREEN | CJ12: =SUM(CK12:CL12)+CQ12+BX12 -> 41 | CK12: =COUNTA(CI12)*2 -> 2 | CL12: =SUM(CM12*2)+(CN12*1) + SUMIFS(MATCH_INPUT!$G$30:$G$33, MATCH_INPUT!$F$30:$F$33, CI12) + SUMIFS(MATCH_INPUT!$I$30:$I$33, MATCH_INPUT!$J$30:$J$33, CI12) -> 4 | CM12: =IF(CI12<>"", COUNTIFS(MATCH_INPUT!$K$30:$K$33,CI12), 0) -> 1 | CN12: =IF(CI12<>"", COUNTIFS(MATCH_INPUT!$F$30:$F$33, CI12, MATCH_INPUT!$K$30:$K$33, "Draw") + COUNTIFS(MATCH_INPUT!$J$30:$J$33, CI12, MATCH_INPUT!$K$30:$K$33, "Draw"), 0) -> 0 | CO12: =IF(CI12<>"", COUNTIFS(MATCH_INPUT!$F$30:$F$33, CI12, MATCH_INPUT!$K$30:$K$33, "<>"&CI12, MATCH_INPUT!$K$30:$K$33, "<>Draw", MATCH_INPUT!$K$30:$K$33, "<>""") + COUNTIFS(MATCH_INPUT!$J$30:$J$33, CI12, MATCH_INPUT!$K$30:$K$33, "<>"&CI12, MATCH_INPUT!$K$30:$K$33, "<>Draw", MATCH_INPUT!$K$30:$K$33, "<>"""), 0) -> 1 | CS12: =RANK(CJ12, CJ$3:CJ$38, 0) -> 10 | CT12: =IF(CS12<CG12, "↑", IF(CS12>CG12, "↓", "=")) -> ↑ | CU12: =SUM(F12,R12,AD12,AP12,BB12,BN12,BZ12,CL12) -> 24 | CV12: =A12 -> 🍀 | CW12: =B12 -> Efra | CX12: =SUM(CU12,CY12,DD12) -> 41 | CY12: =SUM( IF(AND('MATCH DATES'!$A$2 <= TODAY(), NOW() >= 'MATCH DATES'!$A$2 + TIME(22, 0, 0)), E12, 0), IF(AND('MATCH DATES'!$A$3 <= TODAY(), NOW() >= 'MATCH DATES'!$A$3 + TIME(22, 0, 0)), Q12, 0), IF(AND('MATCH DATES'!$A$4 <= TODAY(), NOW() >= 'MATCH DATES'!$A$4 + TIME(22, 0, 0)), AC12, 0), IF(AND('MATCH DATES'!$A$5 <= TODAY(), NOW() >= 'MATCH DATES'!$A$5 + TIME(22, 0, 0)), AO12, 0), IF(AND('MATCH DATES'!$A$6 <= TODAY(), NOW() >= 'MATCH DATES'!$A$6 + TIME(22, 0, 0)), BA12, 0), IF(AND('MATCH DATES'!$A$7 <= TODAY(), NOW() >= 'MATCH DATES'!$A$7 + TIME(22, 0, 0)), BM12, 0), IF(AND('MATCH DATES'!$A$8 <= TODAY(), NOW() >= 'MATCH DATES'!$A$8 + TIME(22, 0, 0)), BY12, 0), IF(AND('MATCH DATES'!$A$9 <= TODAY(), NOW() >= 'MATCH DATES'!$A$9 + TIME(22, 0, 0)), CK12, 0) ) -> 16 | CZ12: =SUM(G12,S12,AE12,AQ12,BC12,BO12,CA12,CM12) -> 4 | DA12: =SUM(H12,T12,AF12,AR12,BD12,BP12,CB12,CN12) -> 7 | DB12: =SUM( IF(AND('MATCH DATES'!$A$2 <= TODAY(), NOW() >= 'MATCH DATES'!$A$2 + TIME(22, 0, 0)), I12, 0), IF(AND('MATCH DATES'!$A$3 <= TODAY(), NOW() >= 'MATCH DATES'!$A$3 + TIME(22, 0, 0)), U12, 0), IF(AND('MATCH DATES'!$A$4 <= TODAY(), NOW() >= 'MATCH DATES'!$A$4 + TIME(22, 0, 0)), AG12, 0), IF(AND('MATCH DATES'!$A$5 <= TODAY(), NOW() >= 'MATCH DATES'!$A$5 + TIME(22, 0, 0)), AS12, 0), IF(AND('MATCH DATES'!$A$6 <= TODAY(), NOW() >= 'MATCH DATES'!$A$6 + TIME(22, 0, 0)), BE12, 0), IF(AND('MATCH DATES'!$A$7 <= TODAY(), NOW() >= 'MATCH DATES'!$A$7 + TIME(22, 0, 0)), BQ12, 0), IF(AND('MATCH DATES'!$A$8 <= TODAY(), NOW() >= 'MATCH DATES'!$A$8 + TIME(22, 0, 0)), CC12, 0), IF(AND('MATCH DATES'!$A$9 <= TODAY(), NOW() >= 'MATCH DATES'!$A$9 + TIME(22, 0, 0)), CO12, 0) ) -> 5 | DD12: =SUM(K12,W12,AI12,AU12,BG12,BS12,CE12,CQ12) -> 1 | DF12: =SUM(L12,X12,AJ12,AV12,BH12,BT12,CF12,CR12) -> 0
A13: 🍀 | B13: Ruben | C13: BLUE | D13: =SUM(E13:F13)+K13 -> 6 | E13: =COUNTA(C13)*2 -> 2 | F13: =(G13*2)+(H13*1) -> 4 | G13: =IF(C13<>"", COUNTIFS(MATCH_INPUT!$K$2:$K$5,C13), 0) -> 2 | H13: =IF(C13<>"", COUNTIFS(MATCH_INPUT!$F$2:$F$5, C13, MATCH_INPUT!$K$2:$K$5, "Draw") + COUNTIFS(MATCH_INPUT!$J$2:$J$5, C13, MATCH_INPUT!$K$2:$K$5, "Draw"), 0) -> 0 | I13: =IF(C13<>"", COUNTIFS(MATCH_INPUT!$F$2:$F$5, C13, MATCH_INPUT!$K$2:$K$5, "<>"&C13, MATCH_INPUT!$K$2:$K$5, "<>Draw", MATCH_INPUT!$K$2:$K$5, "<>""") + COUNTIFS(MATCH_INPUT!$J$2:$J$5, C13, MATCH_INPUT!$K$2:$K$5, "<>"&C13, MATCH_INPUT!$K$2:$K$5, "<>Draw", MATCH_INPUT!$K$2:$K$5, "<>"""), 0) -> 0 | M13: =RANK(D13, D$3:D$38, 0) -> 2 | N13: =IF(M13<1, "↑", IF(M13>1, "↓", "=")) -> ↓ | O13: GREEN | P13: =SUM(Q13:R13)+D13+W13 -> 12 | Q13: =COUNTA(O13)*2 -> 2 | R13: =(S13*2)+(T13*1) -> 4 | S13: =IF(O13<>"", COUNTIFS(MATCH_INPUT!$K$6:$K$9,O13), 0) -> 2 | T13: =IF(O13<>"", COUNTIFS(MATCH_INPUT!$F$6:$F$9, O13, MATCH_INPUT!$K$6:$K$9, "Draw") + COUNTIFS(MATCH_INPUT!$J$6:$J$9, O13, MATCH_INPUT!$K$6:$K$9, "Draw"), 0) -> 0 | U13: =IF(O13<>"", COUNTIFS(MATCH_INPUT!$F$6:$F$9, O13, MATCH_INPUT!$K$6:$K$9, "<>"&O13, MATCH_INPUT!$K$6:$K$9, "<>Draw", MATCH_INPUT!$K$6:$K$9, "<>""") + COUNTIFS(MATCH_INPUT!$J$6:$J$9, O13, MATCH_INPUT!$K$6:$K$9, "<>"&O13, MATCH_INPUT!$K$6:$K$9, "<>Draw", MATCH_INPUT!$K$6:$K$9, "<>"""), 0) -> 0 | V13: 2 | Y13: =RANK(P13, P$3:P$38, 0) -> 1 | Z13: =IF(Y13<M13, "↑", IF(Y13>M13, "↓", "=")) -> ↑ | AA13: ORANGE | AB13: =SUM(AC13:AD13)+P13+AI13 -> 17 | AC13: =COUNTA(AA13)*2 -> 2 | AD13: =SUM(AE13*2)+(AF13*1) -> 3 | AE13: =IF(AA13<>"", COUNTIFS(MATCH_INPUT!$K$10:$K$13,AA13), 0) -> 1 | AF13: =IF(AA13<>"", COUNTIFS(MATCH_INPUT!$F$10:$F$13, AA13, MATCH_INPUT!$K$10:$K$13, "Draw") + COUNTIFS(MATCH_INPUT!$J$10:$J$13, AA13, MATCH_INPUT!$K$10:$K$13, "Draw"), 0) -> 1 | AG13: =IF(AA13<>"", COUNTIFS(MATCH_INPUT!$F$10:$F$13, AA13, MATCH_INPUT!$K$10:$K$13, "<>"&AA13, MATCH_INPUT!$K$10:$K$13, "<>Draw", MATCH_INPUT!$K$10:$K$13, "<>""") + COUNTIFS(MATCH_INPUT!$J$10:$J$13, AA13, MATCH_INPUT!$K$10:$K$13, "<>"&AA13, MATCH_INPUT!$K$10:$K$13, "<>Draw", MATCH_INPUT!$K$10:$K$13, "<>"""), 0) -> 0 | AH13: 1 | AK13: =RANK(AB13, AB$3:AB$38, 0) -> 1 | AL13: =IF(AK13<Y13, "↑", IF(AK13>Y13, "↓", "=")) -> = | AM13: MAGENTA | AN13: =SUM(AO13:AP13)+AB13+AU13 -> 23 | AO13: =COUNTA(AM13)*2 -> 2 | AP13: =SUM(AQ13*2)+(AR13*1) -> 4 | AQ13: =IF(AM13<>"", COUNTIFS(MATCH_INPUT!$K$14:$K$17,AM13), 0) -> 2 | AR13: =IF(AM13<>"", COUNTIFS(MATCH_INPUT!$F$14:$F$17, AM13, MATCH_INPUT!$K$14:$K$17, "Draw") + COUNTIFS(MATCH_INPUT!$J$14:$J$17, AM13, MATCH_INPUT!$K$14:$K$17, "Draw"), 0) -> 0 | AS13: =IF(AM13<>"", COUNTIFS(MATCH_INPUT!$F$14:$F$17, AM13, MATCH_INPUT!$K$14:$K$17, "<>"&AM13, MATCH_INPUT!$K$14:$K$17, "<>Draw", MATCH_INPUT!$K$14:$K$17, "<>""") + COUNTIFS(MATCH_INPUT!$J$14:$J$17, AM13, MATCH_INPUT!$K$14:$K$17, "<>"&AM13, MATCH_INPUT!$K$14:$K$17, "<>Draw", MATCH_INPUT!$K$14:$K$17, "<>"""), 0) -> 0 | AT13: 1 | AW13: =RANK(AN13, AN$3:AN$38, 0) -> 1 | AX13: =IF(AW13<AK13, "↑", IF(AW13>AK13, "↓", "=")) -> = | AY13: BLUE | AZ13: =SUM(BA13:BB13)+BG13+AN13 -> 30 | BA13: =COUNTA(AY13)*2 -> 2 | BB13: =SUM(BC13*2) + (BD13*1) + SUMIFS(MATCH_INPUT!$G$18:$G$21, MATCH_INPUT!$F$18:$F$21, AY13) + SUMIFS(MATCH_INPUT!$I$18:$I$21, MATCH_INPUT!$J$18:$J$21, AY13) -> 5 | BC13: =IF(AY13<>"", COUNTIFS(MATCH_INPUT!$K$18:$K$21,AY13), 0) -> 0 | BD13: =IF(AY13<>"", COUNTIFS(MATCH_INPUT!$F$18:$F$21, AY13, MATCH_INPUT!$K$18:$K$21, "Draw") + COUNTIFS(MATCH_INPUT!$J$18:$J$21, AY13, MATCH_INPUT!$K$18:$K$21, "Draw"), 0) -> 1 | BE13: =IF(AY13<>"", COUNTIFS(MATCH_INPUT!$F$18:$F$21, AY13, MATCH_INPUT!$K$18:$K$21, "<>"&AY13, MATCH_INPUT!$K$18:$K$21, "<>Draw", MATCH_INPUT!$K$18:$K$21, "<>""") + COUNTIFS(MATCH_INPUT!$J$18:$J$21, AY13, MATCH_INPUT!$K$18:$K$21, "<>"&AY13, MATCH_INPUT!$K$18:$K$21, "<>Draw", MATCH_INPUT!$K$18:$K$21, "<>"""), 0) -> 1 | BF13: 1 | BI13: =RANK(AZ13, AZ$3:AZ$38, 0) -> 2 | BJ13: =IF(BI13<AW13, "↑", IF(BI13>AW13, "↓", "=")) -> ↓ | BK13: ORANGE | BL13: =SUM(BM13:BN13)+BS13+AZ13 -> 32 | BM13: =COUNTA(BK13)*2 -> 2 | BN13: =SUM(BO13*2) + (BP13*1) + SUMIFS(MATCH_INPUT!$G$22:$G$25, MATCH_INPUT!$F$22:$F$25, BK13) + SUMIFS(MATCH_INPUT!$I$22:$I$25, MATCH_INPUT!$J$22:$J$25, BK13) -> 0 | BO13: =IF(BK13<>"", COUNTIFS(MATCH_INPUT!$K$22:$K$25,BK13), 0) -> 0 | BP13: =IF(BK13<>"", COUNTIFS(MATCH_INPUT!$F$22:$F$25, BK13, MATCH_INPUT!$K$22:$K$25, "Draw") + COUNTIFS(MATCH_INPUT!$J$22:$J$25, BK13, MATCH_INPUT!$K$22:$K$25, "Draw"), 0) -> 0 | BQ13: =IF(BK13<>"", COUNTIFS(MATCH_INPUT!$F$22:$F$25, BK13, MATCH_INPUT!$K$22:$K$25, "<>"&BK13, MATCH_INPUT!$K$22:$K$25, "<>Draw", MATCH_INPUT!$K$22:$K$25, "<>""") + COUNTIFS(MATCH_INPUT!$J$22:$J$25, BK13, MATCH_INPUT!$K$22:$K$25, "<>"&BK13, MATCH_INPUT!$K$22:$K$25, "<>Draw", MATCH_INPUT!$K$22:$K$25, "<>"""), 0) -> 2 | BU13: =RANK(BL13, BL$3:BL$38, 0) -> 6 | BV13: =IF(BU13<BI13, "↑", IF(BU13>BI13, "↓", "=")) -> ↓ | BX13: =SUM(BY13:BZ13)+CE13+BL13 -> 32 | BY13: =COUNTA(BW13)*2 -> 0 | BZ13: =SUM(CA13*2)+(CB13*1) + SUMIFS(MATCH_INPUT!$G$26:$G$29, MATCH_INPUT!$F$26:$F$29, BW13) + SUMIFS(MATCH_INPUT!$I$26:$I$29, MATCH_INPUT!$J$26:$J$29, BW13) -> 0 | CA13: =IF(BW13<>"", COUNTIFS(MATCH_INPUT!$K$26:$K$29,BW13), 0) -> 0 | CB13: =IF(BW13<>"", COUNTIFS(MATCH_INPUT!$F$26:$F$29, BW13, MATCH_INPUT!$K$26:$K$29, "Draw") + COUNTIFS(MATCH_INPUT!$J$26:$J$29, BW13, MATCH_INPUT!$K$26:$K$29, "Draw"), 0) -> 0 | CC13: =IF(BW13<>"", COUNTIFS(MATCH_INPUT!$F$26:$F$29, BW13, MATCH_INPUT!$K$26:$K$29, "<>"&BW13, MATCH_INPUT!$K$26:$K$29, "<>Draw", MATCH_INPUT!$K$26:$K$29, "<>""") + COUNTIFS(MATCH_INPUT!$J$26:$J$29, BW13, MATCH_INPUT!$K$26:$K$29, "<>"&BW13, MATCH_INPUT!$K$26:$K$29, "<>Draw", MATCH_INPUT!$K$26:$K$29, "<>"""), 0) -> 0 | CG13: =RANK(BX13, BX$3:BX$38, 0) -> 22 | CH13: =IF(CG13<BU13, "↑", IF(CG13>BU13, "↓", "=")) -> ↓ | CI13: ORANGE | CJ13: =SUM(CK13:CL13)+CQ13+BX13 -> 41 | CK13: =COUNTA(CI13)*2 -> 2 | CL13: =SUM(CM13*2)+(CN13*1) + SUMIFS(MATCH_INPUT!$G$30:$G$33, MATCH_INPUT!$F$30:$F$33, CI13) + SUMIFS(MATCH_INPUT!$I$30:$I$33, MATCH_INPUT!$J$30:$J$33, CI13) -> 7 | CM13: =IF(CI13<>"", COUNTIFS(MATCH_INPUT!$K$30:$K$33,CI13), 0) -> 2 | CN13: =IF(CI13<>"", COUNTIFS(MATCH_INPUT!$F$30:$F$33, CI13, MATCH_INPUT!$K$30:$K$33, "Draw") + COUNTIFS(MATCH_INPUT!$J$30:$J$33, CI13, MATCH_INPUT!$K$30:$K$33, "Draw"), 0) -> 0 | CO13: =IF(CI13<>"", COUNTIFS(MATCH_INPUT!$F$30:$F$33, CI13, MATCH_INPUT!$K$30:$K$33, "<>"&CI13, MATCH_INPUT!$K$30:$K$33, "<>Draw", MATCH_INPUT!$K$30:$K$33, "<>""") + COUNTIFS(MATCH_INPUT!$J$30:$J$33, CI13, MATCH_INPUT!$K$30:$K$33, "<>"&CI13, MATCH_INPUT!$K$30:$K$33, "<>Draw", MATCH_INPUT!$K$30:$K$33, "<>"""), 0) -> 0 | CP13: 1 | CS13: =RANK(CJ13, CJ$3:CJ$38, 0) -> 10 | CT13: =IF(CS13<CG13, "↑", IF(CS13>CG13, "↓", "=")) -> ↑ | CU13: =SUM(F13,R13,AD13,AP13,BB13,BN13,BZ13,CL13) -> 27 | CV13: =A13 -> 🍀 | CW13: =B13 -> Ruben | CX13: =SUM(CU13,CY13,DD13) -> 41 | CY13: =SUM( IF(AND('MATCH DATES'!$A$2 <= TODAY(), NOW() >= 'MATCH DATES'!$A$2 + TIME(22, 0, 0)), E13, 0), IF(AND('MATCH DATES'!$A$3 <= TODAY(), NOW() >= 'MATCH DATES'!$A$3 + TIME(22, 0, 0)), Q13, 0), IF(AND('MATCH DATES'!$A$4 <= TODAY(), NOW() >= 'MATCH DATES'!$A$4 + TIME(22, 0, 0)), AC13, 0), IF(AND('MATCH DATES'!$A$5 <= TODAY(), NOW() >= 'MATCH DATES'!$A$5 + TIME(22, 0, 0)), AO13, 0), IF(AND('MATCH DATES'!$A$6 <= TODAY(), NOW() >= 'MATCH DATES'!$A$6 + TIME(22, 0, 0)), BA13, 0), IF(AND('MATCH DATES'!$A$7 <= TODAY(), NOW() >= 'MATCH DATES'!$A$7 + TIME(22, 0, 0)), BM13, 0), IF(AND('MATCH DATES'!$A$8 <= TODAY(), NOW() >= 'MATCH DATES'!$A$8 + TIME(22, 0, 0)), BY13, 0), IF(AND('MATCH DATES'!$A$9 <= TODAY(), NOW() >= 'MATCH DATES'!$A$9 + TIME(22, 0, 0)), CK13, 0) ) -> 14 | CZ13: =SUM(G13,S13,AE13,AQ13,BC13,BO13,CA13,CM13) -> 9 | DA13: =SUM(H13,T13,AF13,AR13,BD13,BP13,CB13,CN13) -> 2 | DB13: =SUM( IF(AND('MATCH DATES'!$A$2 <= TODAY(), NOW() >= 'MATCH DATES'!$A$2 + TIME(22, 0, 0)), I13, 0), IF(AND('MATCH DATES'!$A$3 <= TODAY(), NOW() >= 'MATCH DATES'!$A$3 + TIME(22, 0, 0)), U13, 0), IF(AND('MATCH DATES'!$A$4 <= TODAY(), NOW() >= 'MATCH DATES'!$A$4 + TIME(22, 0, 0)), AG13, 0), IF(AND('MATCH DATES'!$A$5 <= TODAY(), NOW() >= 'MATCH DATES'!$A$5 + TIME(22, 0, 0)), AS13, 0), IF(AND('MATCH DATES'!$A$6 <= TODAY(), NOW() >= 'MATCH DATES'!$A$6 + TIME(22, 0, 0)), BE13, 0), IF(AND('MATCH DATES'!$A$7 <= TODAY(), NOW() >= 'MATCH DATES'!$A$7 + TIME(22, 0, 0)), BQ13, 0), IF(AND('MATCH DATES'!$A$8 <= TODAY(), NOW() >= 'MATCH DATES'!$A$8 + TIME(22, 0, 0)), CC13, 0), IF(AND('MATCH DATES'!$A$9 <= TODAY(), NOW() >= 'MATCH DATES'!$A$9 + TIME(22, 0, 0)), CO13, 0) ) -> 3 | DD13: =SUM(K13,W13,AI13,AU13,BG13,BS13,CE13,CQ13) -> 0 | DF13: =SUM(L13,X13,AJ13,AV13,BH13,BT13,CF13,CR13) -> 0
A14: 🍀 | B14: Fer | C14: MAGENTA | D14: =SUM(E14:F14)+K14 -> 4 | E14: =COUNTA(C14)*2 -> 2 | F14: =(G14*2)+(H14*1) -> 2 | G14: =IF(C14<>"", COUNTIFS(MATCH_INPUT!$K$2:$K$5,C14), 0) -> 1 | H14: =IF(C14<>"", COUNTIFS(MATCH_INPUT!$F$2:$F$5, C14, MATCH_INPUT!$K$2:$K$5, "Draw") + COUNTIFS(MATCH_INPUT!$J$2:$J$5, C14, MATCH_INPUT!$K$2:$K$5, "Draw"), 0) -> 0 | I14: =IF(C14<>"", COUNTIFS(MATCH_INPUT!$F$2:$F$5, C14, MATCH_INPUT!$K$2:$K$5, "<>"&C14, MATCH_INPUT!$K$2:$K$5, "<>Draw", MATCH_INPUT!$K$2:$K$5, "<>""") + COUNTIFS(MATCH_INPUT!$J$2:$J$5, C14, MATCH_INPUT!$K$2:$K$5, "<>"&C14, MATCH_INPUT!$K$2:$K$5, "<>Draw", MATCH_INPUT!$K$2:$K$5, "<>"""), 0) -> 1 | M14: =RANK(D14, D$3:D$38, 0) -> 11 | N14: =IF(M14<1, "↑", IF(M14>1, "↓", "=")) -> ↓ | O14: GREEN | P14: =SUM(Q14:R14)+D14+W14 -> 11 | Q14: =COUNTA(O14)*2 -> 2 | R14: =(S14*2)+(T14*1) -> 4 | S14: =IF(O14<>"", COUNTIFS(MATCH_INPUT!$K$6:$K$9,O14), 0) -> 2 | T14: =IF(O14<>"", COUNTIFS(MATCH_INPUT!$F$6:$F$9, O14, MATCH_INPUT!$K$6:$K$9, "Draw") + COUNTIFS(MATCH_INPUT!$J$6:$J$9, O14, MATCH_INPUT!$K$6:$K$9, "Draw"), 0) -> 0 | U14: =IF(O14<>"", COUNTIFS(MATCH_INPUT!$F$6:$F$9, O14, MATCH_INPUT!$K$6:$K$9, "<>"&O14, MATCH_INPUT!$K$6:$K$9, "<>Draw", MATCH_INPUT!$K$6:$K$9, "<>""") + COUNTIFS(MATCH_INPUT!$J$6:$J$9, O14, MATCH_INPUT!$K$6:$K$9, "<>"&O14, MATCH_INPUT!$K$6:$K$9, "<>Draw", MATCH_INPUT!$K$6:$K$9, "<>"""), 0) -> 0 | W14: 1 | X14: 1 | Y14: =RANK(P14, P$3:P$38, 0) -> 4 | Z14: =IF(Y14<M14, "↑", IF(Y14>M14, "↓", "=")) -> ↑ | AB14: =SUM(AC14:AD14)+P14+AI14 -> 11 | AC14: =COUNTA(AA14)*2 -> 0 | AD14: =SUM(AE14*2)+(AF14*1) -> 0 | AE14: =IF(AA14<>"", COUNTIFS(MATCH_INPUT!$K$10:$K$13,AA14), 0) -> 0 | AF14: =IF(AA14<>"", COUNTIFS(MATCH_INPUT!$F$10:$F$13, AA14, MATCH_INPUT!$K$10:$K$13, "Draw") + COUNTIFS(MATCH_INPUT!$J$10:$J$13, AA14, MATCH_INPUT!$K$10:$K$13, "Draw"), 0) -> 0 | AG14: =IF(AA14<>"", COUNTIFS(MATCH_INPUT!$F$10:$F$13, AA14, MATCH_INPUT!$K$10:$K$13, "<>"&AA14, MATCH_INPUT!$K$10:$K$13, "<>Draw", MATCH_INPUT!$K$10:$K$13, "<>""") + COUNTIFS(MATCH_INPUT!$J$10:$J$13, AA14, MATCH_INPUT!$K$10:$K$13, "<>"&AA14, MATCH_INPUT!$K$10:$K$13, "<>Draw", MATCH_INPUT!$K$10:$K$13, "<>"""), 0) -> 0 | AK14: =RANK(AB14, AB$3:AB$38, 0) -> 21 | AL14: =IF(AK14<Y14, "↑", IF(AK14>Y14, "↓", "=")) -> ↓ | AM14: GREEN | AN14: =SUM(AO14:AP14)+AB14+AU14 -> 14 | AO14: =COUNTA(AM14)*2 -> 2 | AP14: =SUM(AQ14*2)+(AR14*1) -> 1 | AQ14: =IF(AM14<>"", COUNTIFS(MATCH_INPUT!$K$14:$K$17,AM14), 0) -> 0 | AR14: =IF(AM14<>"", COUNTIFS(MATCH_INPUT!$F$14:$F$17, AM14, MATCH_INPUT!$K$14:$K$17, "Draw") + COUNTIFS(MATCH_INPUT!$J$14:$J$17, AM14, MATCH_INPUT!$K$14:$K$17, "Draw"), 0) -> 1 | AS14: =IF(AM14<>"", COUNTIFS(MATCH_INPUT!$F$14:$F$17, AM14, MATCH_INPUT!$K$14:$K$17, "<>"&AM14, MATCH_INPUT!$K$14:$K$17, "<>Draw", MATCH_INPUT!$K$14:$K$17, "<>""") + COUNTIFS(MATCH_INPUT!$J$14:$J$17, AM14, MATCH_INPUT!$K$14:$K$17, "<>"&AM14, MATCH_INPUT!$K$14:$K$17, "<>Draw", MATCH_INPUT!$K$14:$K$17, "<>"""), 0) -> 1 | AW14: =RANK(AN14, AN$3:AN$38, 0) -> 24 | AX14: =IF(AW14<AK14, "↑", IF(AW14>AK14, "↓", "=")) -> ↓ | AY14: MAGENTA | AZ14: =SUM(BA14:BB14)+BG14+AN14 -> 21 | BA14: =COUNTA(AY14)*2 -> 2 | BB14: =SUM(BC14*2) + (BD14*1) + SUMIFS(MATCH_INPUT!$G$18:$G$21, MATCH_INPUT!$F$18:$F$21, AY14) + SUMIFS(MATCH_INPUT!$I$18:$I$21, MATCH_INPUT!$J$18:$J$21, AY14) -> 4 | BC14: =IF(AY14<>"", COUNTIFS(MATCH_INPUT!$K$18:$K$21,AY14), 0) -> 0 | BD14: =IF(AY14<>"", COUNTIFS(MATCH_INPUT!$F$18:$F$21, AY14, MATCH_INPUT!$K$18:$K$21, "Draw") + COUNTIFS(MATCH_INPUT!$J$18:$J$21, AY14, MATCH_INPUT!$K$18:$K$21, "Draw"), 0) -> 1 | BE14: =IF(AY14<>"", COUNTIFS(MATCH_INPUT!$F$18:$F$21, AY14, MATCH_INPUT!$K$18:$K$21, "<>"&AY14, MATCH_INPUT!$K$18:$K$21, "<>Draw", MATCH_INPUT!$K$18:$K$21, "<>""") + COUNTIFS(MATCH_INPUT!$J$18:$J$21, AY14, MATCH_INPUT!$K$18:$K$21, "<>"&AY14, MATCH_INPUT!$K$18:$K$21, "<>Draw", MATCH_INPUT!$K$18:$K$21, "<>"""), 0) -> 1 | BG14: 1 | BI14: =RANK(AZ14, AZ$3:AZ$38, 0) -> 20 | BJ14: =IF(BI14<AW14, "↑", IF(BI14>AW14, "↓", "=")) -> ↑ | BK14: GREEN | BL14: =SUM(BM14:BN14)+BS14+AZ14 -> 29 | BM14: =COUNTA(BK14)*2 -> 2 | BN14: =SUM(BO14*2) + (BP14*1) + SUMIFS(MATCH_INPUT!$G$22:$G$25, MATCH_INPUT!$F$22:$F$25, BK14) + SUMIFS(MATCH_INPUT!$I$22:$I$25, MATCH_INPUT!$J$22:$J$25, BK14) -> 5 | BO14: =IF(BK14<>"", COUNTIFS(MATCH_INPUT!$K$22:$K$25,BK14), 0) -> 1 | BP14: =IF(BK14<>"", COUNTIFS(MATCH_INPUT!$F$22:$F$25, BK14, MATCH_INPUT!$K$22:$K$25, "Draw") + COUNTIFS(MATCH_INPUT!$J$22:$J$25, BK14, MATCH_INPUT!$K$22:$K$25, "Draw"), 0) -> 1 | BQ14: =IF(BK14<>"", COUNTIFS(MATCH_INPUT!$F$22:$F$25, BK14, MATCH_INPUT!$K$22:$K$25, "<>"&BK14, MATCH_INPUT!$K$22:$K$25, "<>Draw", MATCH_INPUT!$K$22:$K$25, "<>""") + COUNTIFS(MATCH_INPUT!$J$22:$J$25, BK14, MATCH_INPUT!$K$22:$K$25, "<>"&BK14, MATCH_INPUT!$K$22:$K$25, "<>Draw", MATCH_INPUT!$K$22:$K$25, "<>"""), 0) -> 0 | BS14: 1 | BT14: 1 | BU14: =RANK(BL14, BL$3:BL$38, 0) -> 11 | BV14: =IF(BU14<BI14, "↑", IF(BU14>BI14, "↓", "=")) -> ↑ | BW14: BLUE | BX14: =SUM(BY14:BZ14)+CE14+BL14 -> 37 | BY14: =COUNTA(BW14)*2 -> 2 | BZ14: =SUM(CA14*2)+(CB14*1) + SUMIFS(MATCH_INPUT!$G$26:$G$29, MATCH_INPUT!$F$26:$F$29, BW14) + SUMIFS(MATCH_INPUT!$I$26:$I$29, MATCH_INPUT!$J$26:$J$29, BW14) -> 5 | CA14: =IF(BW14<>"", COUNTIFS(MATCH_INPUT!$K$26:$K$29,BW14), 0) -> 1 | CB14: =IF(BW14<>"", COUNTIFS(MATCH_INPUT!$F$26:$F$29, BW14, MATCH_INPUT!$K$26:$K$29, "Draw") + COUNTIFS(MATCH_INPUT!$J$26:$J$29, BW14, MATCH_INPUT!$K$26:$K$29, "Draw"), 0) -> 0 | CC14: =IF(BW14<>"", COUNTIFS(MATCH_INPUT!$F$26:$F$29, BW14, MATCH_INPUT!$K$26:$K$29, "<>"&BW14, MATCH_INPUT!$K$26:$K$29, "<>Draw", MATCH_INPUT!$K$26:$K$29, "<>""") + COUNTIFS(MATCH_INPUT!$J$26:$J$29, BW14, MATCH_INPUT!$K$26:$K$29, "<>"&BW14, MATCH_INPUT!$K$26:$K$29, "<>Draw", MATCH_INPUT!$K$26:$K$29, "<>"""), 0) -> 1 | CE14: 1 | CG14: =RANK(BX14, BX$3:BX$38, 0) -> 8 | CH14: =IF(CG14<BU14, "↑", IF(CG14>BU14, "↓", "=")) -> ↑ | CI14: BLUE | CJ14: =SUM(CK14:CL14)+CQ14+BX14 -> 41 | CK14: =COUNTA(CI14)*2 -> 2 | CL14: =SUM(CM14*2)+(CN14*1) + SUMIFS(MATCH_INPUT!$G$30:$G$33, MATCH_INPUT!$F$30:$F$33, CI14) + SUMIFS(MATCH_INPUT!$I$30:$I$33, MATCH_INPUT!$J$30:$J$33, CI14) -> 2 | CM14: =IF(CI14<>"", COUNTIFS(MATCH_INPUT!$K$30:$K$33,CI14), 0) -> 0 | CN14: =IF(CI14<>"", COUNTIFS(MATCH_INPUT!$F$30:$F$33, CI14, MATCH_INPUT!$K$30:$K$33, "Draw") + COUNTIFS(MATCH_INPUT!$J$30:$J$33, CI14, MATCH_INPUT!$K$30:$K$33, "Draw"), 0) -> 1 | CO14: =IF(CI14<>"", COUNTIFS(MATCH_INPUT!$F$30:$F$33, CI14, MATCH_INPUT!$K$30:$K$33, "<>"&CI14, MATCH_INPUT!$K$30:$K$33, "<>Draw", MATCH_INPUT!$K$30:$K$33, "<>""") + COUNTIFS(MATCH_INPUT!$J$30:$J$33, CI14, MATCH_INPUT!$K$30:$K$33, "<>"&CI14, MATCH_INPUT!$K$30:$K$33, "<>Draw", MATCH_INPUT!$K$30:$K$33, "<>"""), 0) -> 1 | CS14: =RANK(CJ14, CJ$3:CJ$38, 0) -> 10 | CT14: =IF(CS14<CG14, "↑", IF(CS14>CG14, "↓", "=")) -> ↓ | CU14: =SUM(F14,R14,AD14,AP14,BB14,BN14,BZ14,CL14) -> 23 | CV14: =A14 -> 🍀 | CW14: =B14 -> Fer | CX14: =SUM(CU14,CY14,DD14) -> 41 | CY14: =SUM( IF(AND('MATCH DATES'!$A$2 <= TODAY(), NOW() >= 'MATCH DATES'!$A$2 + TIME(22, 0, 0)), E14, 0), IF(AND('MATCH DATES'!$A$3 <= TODAY(), NOW() >= 'MATCH DATES'!$A$3 + TIME(22, 0, 0)), Q14, 0), IF(AND('MATCH DATES'!$A$4 <= TODAY(), NOW() >= 'MATCH DATES'!$A$4 + TIME(22, 0, 0)), AC14, 0), IF(AND('MATCH DATES'!$A$5 <= TODAY(), NOW() >= 'MATCH DATES'!$A$5 + TIME(22, 0, 0)), AO14, 0), IF(AND('MATCH DATES'!$A$6 <= TODAY(), NOW() >= 'MATCH DATES'!$A$6 + TIME(22, 0, 0)), BA14, 0), IF(AND('MATCH DATES'!$A$7 <= TODAY(), NOW() >= 'MATCH DATES'!$A$7 + TIME(22, 0, 0)), BM14, 0), IF(AND('MATCH DATES'!$A$8 <= TODAY(), NOW() >= 'MATCH DATES'!$A$8 + TIME(22, 0, 0)), BY14, 0), IF(AND('MATCH DATES'!$A$9 <= TODAY(), NOW() >= 'MATCH DATES'!$A$9 + TIME(22, 0, 0)), CK14, 0) ) -> 14 | CZ14: =SUM(G14,S14,AE14,AQ14,BC14,BO14,CA14,CM14) -> 5 | DA14: =SUM(H14,T14,AF14,AR14,BD14,BP14,CB14,CN14) -> 4 | DB14: =SUM( IF(AND('MATCH DATES'!$A$2 <= TODAY(), NOW() >= 'MATCH DATES'!$A$2 + TIME(22, 0, 0)), I14, 0), IF(AND('MATCH DATES'!$A$3 <= TODAY(), NOW() >= 'MATCH DATES'!$A$3 + TIME(22, 0, 0)), U14, 0), IF(AND('MATCH DATES'!$A$4 <= TODAY(), NOW() >= 'MATCH DATES'!$A$4 + TIME(22, 0, 0)), AG14, 0), IF(AND('MATCH DATES'!$A$5 <= TODAY(), NOW() >= 'MATCH DATES'!$A$5 + TIME(22, 0, 0)), AS14, 0), IF(AND('MATCH DATES'!$A$6 <= TODAY(), NOW() >= 'MATCH DATES'!$A$6 + TIME(22, 0, 0)), BE14, 0), IF(AND('MATCH DATES'!$A$7 <= TODAY(), NOW() >= 'MATCH DATES'!$A$7 + TIME(22, 0, 0)), BQ14, 0), IF(AND('MATCH DATES'!$A$8 <= TODAY(), NOW() >= 'MATCH DATES'!$A$8 + TIME(22, 0, 0)), CC14, 0), IF(AND('MATCH DATES'!$A$9 <= TODAY(), NOW() >= 'MATCH DATES'!$A$9 + TIME(22, 0, 0)), CO14, 0) ) -> 5 | DD14: =SUM(K14,W14,AI14,AU14,BG14,BS14,CE14,CQ14) -> 4 | DF14: =SUM(L14,X14,AJ14,AV14,BH14,BT14,CF14,CR14) -> 2
A15: 🍀 | B15: Gerardo | C15: BLUE | D15: =SUM(E15:F15)+K15 -> 6 | E15: =COUNTA(C15)*2 -> 2 | F15: =(G15*2)+(H15*1) -> 4 | G15: =IF(C15<>"", COUNTIFS(MATCH_INPUT!$K$2:$K$5,C15), 0) -> 2 | H15: =IF(C15<>"", COUNTIFS(MATCH_INPUT!$F$2:$F$5, C15, MATCH_INPUT!$K$2:$K$5, "Draw") + COUNTIFS(MATCH_INPUT!$J$2:$J$5, C15, MATCH_INPUT!$K$2:$K$5, "Draw"), 0) -> 0 | I15: =IF(C15<>"", COUNTIFS(MATCH_INPUT!$F$2:$F$5, C15, MATCH_INPUT!$K$2:$K$5, "<>"&C15, MATCH_INPUT!$K$2:$K$5, "<>Draw", MATCH_INPUT!$K$2:$K$5, "<>""") + COUNTIFS(MATCH_INPUT!$J$2:$J$5, C15, MATCH_INPUT!$K$2:$K$5, "<>"&C15, MATCH_INPUT!$K$2:$K$5, "<>Draw", MATCH_INPUT!$K$2:$K$5, "<>"""), 0) -> 0 | J15: 1 | M15: =RANK(D15, D$3:D$38, 0) -> 2 | N15: =IF(M15<1, "↑", IF(M15>1, "↓", "=")) -> ↓ | O15: ORANGE | P15: =SUM(Q15:R15)+D15+W15 -> 8 | Q15: =COUNTA(O15)*2 -> 2 | R15: =(S15*2)+(T15*1) -> 0 | S15: =IF(O15<>"", COUNTIFS(MATCH_INPUT!$K$6:$K$9,O15), 0) -> 0 | T15: =IF(O15<>"", COUNTIFS(MATCH_INPUT!$F$6:$F$9, O15, MATCH_INPUT!$K$6:$K$9, "Draw") + COUNTIFS(MATCH_INPUT!$J$6:$J$9, O15, MATCH_INPUT!$K$6:$K$9, "Draw"), 0) -> 0 | U15: =IF(O15<>"", COUNTIFS(MATCH_INPUT!$F$6:$F$9, O15, MATCH_INPUT!$K$6:$K$9, "<>"&O15, MATCH_INPUT!$K$6:$K$9, "<>Draw", MATCH_INPUT!$K$6:$K$9, "<>""") + COUNTIFS(MATCH_INPUT!$J$6:$J$9, O15, MATCH_INPUT!$K$6:$K$9, "<>"&O15, MATCH_INPUT!$K$6:$K$9, "<>Draw", MATCH_INPUT!$K$6:$K$9, "<>"""), 0) -> 2 | V15: 1 | Y15: =RANK(P15, P$3:P$38, 0) -> 17 | Z15: =IF(Y15<M15, "↑", IF(Y15>M15, "↓", "=")) -> ↓ | AA15: BLUE | AB15: =SUM(AC15:AD15)+P15+AI15 -> 12 | AC15: =COUNTA(AA15)*2 -> 2 | AD15: =SUM(AE15*2)+(AF15*1) -> 2 | AE15: =IF(AA15<>"", COUNTIFS(MATCH_INPUT!$K$10:$K$13,AA15), 0) -> 0 | AF15: =IF(AA15<>"", COUNTIFS(MATCH_INPUT!$F$10:$F$13, AA15, MATCH_INPUT!$K$10:$K$13, "Draw") + COUNTIFS(MATCH_INPUT!$J$10:$J$13, AA15, MATCH_INPUT!$K$10:$K$13, "Draw"), 0) -> 2 | AG15: =IF(AA15<>"", COUNTIFS(MATCH_INPUT!$F$10:$F$13, AA15, MATCH_INPUT!$K$10:$K$13, "<>"&AA15, MATCH_INPUT!$K$10:$K$13, "<>Draw", MATCH_INPUT!$K$10:$K$13, "<>""") + COUNTIFS(MATCH_INPUT!$J$10:$J$13, AA15, MATCH_INPUT!$K$10:$K$13, "<>"&AA15, MATCH_INPUT!$K$10:$K$13, "<>Draw", MATCH_INPUT!$K$10:$K$13, "<>"""), 0) -> 0 | AK15: =RANK(AB15, AB$3:AB$38, 0) -> 17 | AL15: =IF(AK15<Y15, "↑", IF(AK15>Y15, "↓", "=")) -> = | AM15: MAGENTA | AN15: =SUM(AO15:AP15)+AB15+AU15 -> 18 | AO15: =COUNTA(AM15)*2 -> 2 | AP15: =SUM(AQ15*2)+(AR15*1) -> 4 | AQ15: =IF(AM15<>"", COUNTIFS(MATCH_INPUT!$K$14:$K$17,AM15), 0) -> 2 | AR15: =IF(AM15<>"", COUNTIFS(MATCH_INPUT!$F$14:$F$17, AM15, MATCH_INPUT!$K$14:$K$17, "Draw") + COUNTIFS(MATCH_INPUT!$J$14:$J$17, AM15, MATCH_INPUT!$K$14:$K$17, "Draw"), 0) -> 0 | AS15: =IF(AM15<>"", COUNTIFS(MATCH_INPUT!$F$14:$F$17, AM15, MATCH_INPUT!$K$14:$K$17, "<>"&AM15, MATCH_INPUT!$K$14:$K$17, "<>Draw", MATCH_INPUT!$K$14:$K$17, "<>""") + COUNTIFS(MATCH_INPUT!$J$14:$J$17, AM15, MATCH_INPUT!$K$14:$K$17, "<>"&AM15, MATCH_INPUT!$K$14:$K$17, "<>Draw", MATCH_INPUT!$K$14:$K$17, "<>"""), 0) -> 0 | AT15: 1 | AW15: =RANK(AN15, AN$3:AN$38, 0) -> 4 | AX15: =IF(AW15<AK15, "↑", IF(AW15>AK15, "↓", "=")) -> ↑ | AY15: GREEN | AZ15: =SUM(BA15:BB15)+BG15+AN15 -> 25 | BA15: =COUNTA(AY15)*2 -> 2 | BB15: =SUM(BC15*2) + (BD15*1) + SUMIFS(MATCH_INPUT!$G$18:$G$21, MATCH_INPUT!$F$18:$F$21, AY15) + SUMIFS(MATCH_INPUT!$I$18:$I$21, MATCH_INPUT!$J$18:$J$21, AY15) -> 5 | BC15: =IF(AY15<>"", COUNTIFS(MATCH_INPUT!$K$18:$K$21,AY15), 0) -> 1 | BD15: =IF(AY15<>"", COUNTIFS(MATCH_INPUT!$F$18:$F$21, AY15, MATCH_INPUT!$K$18:$K$21, "Draw") + COUNTIFS(MATCH_INPUT!$J$18:$J$21, AY15, MATCH_INPUT!$K$18:$K$21, "Draw"), 0) -> 0 | BE15: =IF(AY15<>"", COUNTIFS(MATCH_INPUT!$F$18:$F$21, AY15, MATCH_INPUT!$K$18:$K$21, "<>"&AY15, MATCH_INPUT!$K$18:$K$21, "<>Draw", MATCH_INPUT!$K$18:$K$21, "<>""") + COUNTIFS(MATCH_INPUT!$J$18:$J$21, AY15, MATCH_INPUT!$K$18:$K$21, "<>"&AY15, MATCH_INPUT!$K$18:$K$21, "<>Draw", MATCH_INPUT!$K$18:$K$21, "<>"""), 0) -> 1 | BF15: 1 | BI15: =RANK(AZ15, AZ$3:AZ$38, 0) -> 8 | BJ15: =IF(BI15<AW15, "↑", IF(BI15>AW15, "↓", "=")) -> ↓ | BK15: ORANGE | BL15: =SUM(BM15:BN15)+BS15+AZ15 -> 27 | BM15: =COUNTA(BK15)*2 -> 2 | BN15: =SUM(BO15*2) + (BP15*1) + SUMIFS(MATCH_INPUT!$G$22:$G$25, MATCH_INPUT!$F$22:$F$25, BK15) + SUMIFS(MATCH_INPUT!$I$22:$I$25, MATCH_INPUT!$J$22:$J$25, BK15) -> 0 | BO15: =IF(BK15<>"", COUNTIFS(MATCH_INPUT!$K$22:$K$25,BK15), 0) -> 0 | BP15: =IF(BK15<>"", COUNTIFS(MATCH_INPUT!$F$22:$F$25, BK15, MATCH_INPUT!$K$22:$K$25, "Draw") + COUNTIFS(MATCH_INPUT!$J$22:$J$25, BK15, MATCH_INPUT!$K$22:$K$25, "Draw"), 0) -> 0 | BQ15: =IF(BK15<>"", COUNTIFS(MATCH_INPUT!$F$22:$F$25, BK15, MATCH_INPUT!$K$22:$K$25, "<>"&BK15, MATCH_INPUT!$K$22:$K$25, "<>Draw", MATCH_INPUT!$K$22:$K$25, "<>""") + COUNTIFS(MATCH_INPUT!$J$22:$J$25, BK15, MATCH_INPUT!$K$22:$K$25, "<>"&BK15, MATCH_INPUT!$K$22:$K$25, "<>Draw", MATCH_INPUT!$K$22:$K$25, "<>"""), 0) -> 2 | BU15: =RANK(BL15, BL$3:BL$38, 0) -> 19 | BV15: =IF(BU15<BI15, "↑", IF(BU15>BI15, "↓", "=")) -> ↓ | BW15: ORANGE | BX15: =SUM(BY15:BZ15)+CE15+BL15 -> 36 | BY15: =COUNTA(BW15)*2 -> 2 | BZ15: =SUM(CA15*2)+(CB15*1) + SUMIFS(MATCH_INPUT!$G$26:$G$29, MATCH_INPUT!$F$26:$F$29, BW15) + SUMIFS(MATCH_INPUT!$I$26:$I$29, MATCH_INPUT!$J$26:$J$29, BW15) -> 7 | CA15: =IF(BW15<>"", COUNTIFS(MATCH_INPUT!$K$26:$K$29,BW15), 0) -> 1 | CB15: =IF(BW15<>"", COUNTIFS(MATCH_INPUT!$F$26:$F$29, BW15, MATCH_INPUT!$K$26:$K$29, "Draw") + COUNTIFS(MATCH_INPUT!$J$26:$J$29, BW15, MATCH_INPUT!$K$26:$K$29, "Draw"), 0) -> 1 | CC15: =IF(BW15<>"", COUNTIFS(MATCH_INPUT!$F$26:$F$29, BW15, MATCH_INPUT!$K$26:$K$29, "<>"&BW15, MATCH_INPUT!$K$26:$K$29, "<>Draw", MATCH_INPUT!$K$26:$K$29, "<>""") + COUNTIFS(MATCH_INPUT!$J$26:$J$29, BW15, MATCH_INPUT!$K$26:$K$29, "<>"&BW15, MATCH_INPUT!$K$26:$K$29, "<>Draw", MATCH_INPUT!$K$26:$K$29, "<>"""), 0) -> 0 | CD15: 1 | CG15: =RANK(BX15, BX$3:BX$38, 0) -> 10 | CH15: =IF(CG15<BU15, "↑", IF(CG15>BU15, "↓", "=")) -> ↑ | CI15: MAGENTA | CJ15: =SUM(CK15:CL15)+CQ15+BX15 -> 40 | CK15: =COUNTA(CI15)*2 -> 2 | CL15: =SUM(CM15*2)+(CN15*1) + SUMIFS(MATCH_INPUT!$G$30:$G$33, MATCH_INPUT!$F$30:$F$33, CI15) + SUMIFS(MATCH_INPUT!$I$30:$I$33, MATCH_INPUT!$J$30:$J$33, CI15) -> 2 | CM15: =IF(CI15<>"", COUNTIFS(MATCH_INPUT!$K$30:$K$33,CI15), 0) -> 0 | CN15: =IF(CI15<>"", COUNTIFS(MATCH_INPUT!$F$30:$F$33, CI15, MATCH_INPUT!$K$30:$K$33, "Draw") + COUNTIFS(MATCH_INPUT!$J$30:$J$33, CI15, MATCH_INPUT!$K$30:$K$33, "Draw"), 0) -> 1 | CO15: =IF(CI15<>"", COUNTIFS(MATCH_INPUT!$F$30:$F$33, CI15, MATCH_INPUT!$K$30:$K$33, "<>"&CI15, MATCH_INPUT!$K$30:$K$33, "<>Draw", MATCH_INPUT!$K$30:$K$33, "<>""") + COUNTIFS(MATCH_INPUT!$J$30:$J$33, CI15, MATCH_INPUT!$K$30:$K$33, "<>"&CI15, MATCH_INPUT!$K$30:$K$33, "<>Draw", MATCH_INPUT!$K$30:$K$33, "<>"""), 0) -> 1 | CS15: =RANK(CJ15, CJ$3:CJ$38, 0) -> 13 | CT15: =IF(CS15<CG15, "↑", IF(CS15>CG15, "↓", "=")) -> ↓ | CU15: =SUM(F15,R15,AD15,AP15,BB15,BN15,BZ15,CL15) -> 24 | CV15: =A15 -> 🍀 | CW15: =B15 -> Gerardo | CX15: =SUM(CU15,CY15,DD15) -> 40 | CY15: =SUM( IF(AND('MATCH DATES'!$A$2 <= TODAY(), NOW() >= 'MATCH DATES'!$A$2 + TIME(22, 0, 0)), E15, 0), IF(AND('MATCH DATES'!$A$3 <= TODAY(), NOW() >= 'MATCH DATES'!$A$3 + TIME(22, 0, 0)), Q15, 0), IF(AND('MATCH DATES'!$A$4 <= TODAY(), NOW() >= 'MATCH DATES'!$A$4 + TIME(22, 0, 0)), AC15, 0), IF(AND('MATCH DATES'!$A$5 <= TODAY(), NOW() >= 'MATCH DATES'!$A$5 + TIME(22, 0, 0)), AO15, 0), IF(AND('MATCH DATES'!$A$6 <= TODAY(), NOW() >= 'MATCH DATES'!$A$6 + TIME(22, 0, 0)), BA15, 0), IF(AND('MATCH DATES'!$A$7 <= TODAY(), NOW() >= 'MATCH DATES'!$A$7 + TIME(22, 0, 0)), BM15, 0), IF(AND('MATCH DATES'!$A$8 <= TODAY(), NOW() >= 'MATCH DATES'!$A$8 + TIME(22, 0, 0)), BY15, 0), IF(AND('MATCH DATES'!$A$9 <= TODAY(), NOW() >= 'MATCH DATES'!$A$9 + TIME(22, 0, 0)), CK15, 0) ) -> 16 | CZ15: =SUM(G15,S15,AE15,AQ15,BC15,BO15,CA15,CM15) -> 6 | DA15: =SUM(H15,T15,AF15,AR15,BD15,BP15,CB15,CN15) -> 4 | DB15: =SUM( IF(AND('MATCH DATES'!$A$2 <= TODAY(), NOW() >= 'MATCH DATES'!$A$2 + TIME(22, 0, 0)), I15, 0), IF(AND('MATCH DATES'!$A$3 <= TODAY(), NOW() >= 'MATCH DATES'!$A$3 + TIME(22, 0, 0)), U15, 0), IF(AND('MATCH DATES'!$A$4 <= TODAY(), NOW() >= 'MATCH DATES'!$A$4 + TIME(22, 0, 0)), AG15, 0), IF(AND('MATCH DATES'!$A$5 <= TODAY(), NOW() >= 'MATCH DATES'!$A$5 + TIME(22, 0, 0)), AS15, 0), IF(AND('MATCH DATES'!$A$6 <= TODAY(), NOW() >= 'MATCH DATES'!$A$6 + TIME(22, 0, 0)), BE15, 0), IF(AND('MATCH DATES'!$A$7 <= TODAY(), NOW() >= 'MATCH DATES'!$A$7 + TIME(22, 0, 0)), BQ15, 0), IF(AND('MATCH DATES'!$A$8 <= TODAY(), NOW() >= 'MATCH DATES'!$A$8 + TIME(22, 0, 0)), CC15, 0), IF(AND('MATCH DATES'!$A$9 <= TODAY(), NOW() >= 'MATCH DATES'!$A$9 + TIME(22, 0, 0)), CO15, 0) ) -> 6 | DD15: =SUM(K15,W15,AI15,AU15,BG15,BS15,CE15,CQ15) -> 0 | DF15: =SUM(L15,X15,AJ15,AV15,BH15,BT15,CF15,CR15) -> 0
A16: 🍀 | B16: Valverde | C16: BLUE | D16: =SUM(E16:F16)+K16 -> 6 | E16: =COUNTA(C16)*2 -> 2 | F16: =(G16*2)+(H16*1) -> 4 | G16: =IF(C16<>"", COUNTIFS(MATCH_INPUT!$K$2:$K$5,C16), 0) -> 2 | H16: =IF(C16<>"", COUNTIFS(MATCH_INPUT!$F$2:$F$5, C16, MATCH_INPUT!$K$2:$K$5, "Draw") + COUNTIFS(MATCH_INPUT!$J$2:$J$5, C16, MATCH_INPUT!$K$2:$K$5, "Draw"), 0) -> 0 | I16: =IF(C16<>"", COUNTIFS(MATCH_INPUT!$F$2:$F$5, C16, MATCH_INPUT!$K$2:$K$5, "<>"&C16, MATCH_INPUT!$K$2:$K$5, "<>Draw", MATCH_INPUT!$K$2:$K$5, "<>""") + COUNTIFS(MATCH_INPUT!$J$2:$J$5, C16, MATCH_INPUT!$K$2:$K$5, "<>"&C16, MATCH_INPUT!$K$2:$K$5, "<>Draw", MATCH_INPUT!$K$2:$K$5, "<>"""), 0) -> 0 | J16: 1 | M16: =RANK(D16, D$3:D$38, 0) -> 2 | N16: =IF(M16<1, "↑", IF(M16>1, "↓", "=")) -> ↓ | O16: ORANGE | P16: =SUM(Q16:R16)+D16+W16 -> 8 | Q16: =COUNTA(O16)*2 -> 2 | R16: =(S16*2)+(T16*1) -> 0 | S16: =IF(O16<>"", COUNTIFS(MATCH_INPUT!$K$6:$K$9,O16), 0) -> 0 | T16: =IF(O16<>"", COUNTIFS(MATCH_INPUT!$F$6:$F$9, O16, MATCH_INPUT!$K$6:$K$9, "Draw") + COUNTIFS(MATCH_INPUT!$J$6:$J$9, O16, MATCH_INPUT!$K$6:$K$9, "Draw"), 0) -> 0 | U16: =IF(O16<>"", COUNTIFS(MATCH_INPUT!$F$6:$F$9, O16, MATCH_INPUT!$K$6:$K$9, "<>"&O16, MATCH_INPUT!$K$6:$K$9, "<>Draw", MATCH_INPUT!$K$6:$K$9, "<>""") + COUNTIFS(MATCH_INPUT!$J$6:$J$9, O16, MATCH_INPUT!$K$6:$K$9, "<>"&O16, MATCH_INPUT!$K$6:$K$9, "<>Draw", MATCH_INPUT!$K$6:$K$9, "<>"""), 0) -> 2 | V16: 1 | Y16: =RANK(P16, P$3:P$38, 0) -> 17 | Z16: =IF(Y16<M16, "↑", IF(Y16>M16, "↓", "=")) -> ↓ | AA16: GREEN | AB16: =SUM(AC16:AD16)+P16+AI16 -> 12 | AC16: =COUNTA(AA16)*2 -> 2 | AD16: =SUM(AE16*2)+(AF16*1) -> 2 | AE16: =IF(AA16<>"", COUNTIFS(MATCH_INPUT!$K$10:$K$13,AA16), 0) -> 0 | AF16: =IF(AA16<>"", COUNTIFS(MATCH_INPUT!$F$10:$F$13, AA16, MATCH_INPUT!$K$10:$K$13, "Draw") + COUNTIFS(MATCH_INPUT!$J$10:$J$13, AA16, MATCH_INPUT!$K$10:$K$13, "Draw"), 0) -> 2 | AG16: =IF(AA16<>"", COUNTIFS(MATCH_INPUT!$F$10:$F$13, AA16, MATCH_INPUT!$K$10:$K$13, "<>"&AA16, MATCH_INPUT!$K$10:$K$13, "<>Draw", MATCH_INPUT!$K$10:$K$13, "<>""") + COUNTIFS(MATCH_INPUT!$J$10:$J$13, AA16, MATCH_INPUT!$K$10:$K$13, "<>"&AA16, MATCH_INPUT!$K$10:$K$13, "<>Draw", MATCH_INPUT!$K$10:$K$13, "<>"""), 0) -> 0 | AK16: =RANK(AB16, AB$3:AB$38, 0) -> 17 | AL16: =IF(AK16<Y16, "↑", IF(AK16>Y16, "↓", "=")) -> = | AM16: GREEN | AN16: =SUM(AO16:AP16)+AB16+AU16 -> 15 | AO16: =COUNTA(AM16)*2 -> 2 | AP16: =SUM(AQ16*2)+(AR16*1) -> 1 | AQ16: =IF(AM16<>"", COUNTIFS(MATCH_INPUT!$K$14:$K$17,AM16), 0) -> 0 | AR16: =IF(AM16<>"", COUNTIFS(MATCH_INPUT!$F$14:$F$17, AM16, MATCH_INPUT!$K$14:$K$17, "Draw") + COUNTIFS(MATCH_INPUT!$J$14:$J$17, AM16, MATCH_INPUT!$K$14:$K$17, "Draw"), 0) -> 1 | AS16: =IF(AM16<>"", COUNTIFS(MATCH_INPUT!$F$14:$F$17, AM16, MATCH_INPUT!$K$14:$K$17, "<>"&AM16, MATCH_INPUT!$K$14:$K$17, "<>Draw", MATCH_INPUT!$K$14:$K$17, "<>""") + COUNTIFS(MATCH_INPUT!$J$14:$J$17, AM16, MATCH_INPUT!$K$14:$K$17, "<>"&AM16, MATCH_INPUT!$K$14:$K$17, "<>Draw", MATCH_INPUT!$K$14:$K$17, "<>"""), 0) -> 1 | AT16: 2 | AW16: =RANK(AN16, AN$3:AN$38, 0) -> 19 | AX16: =IF(AW16<AK16, "↑", IF(AW16>AK16, "↓", "=")) -> ↓ | AY16: MAGENTA | AZ16: =SUM(BA16:BB16)+BG16+AN16 -> 21 | BA16: =COUNTA(AY16)*2 -> 2 | BB16: =SUM(BC16*2) + (BD16*1) + SUMIFS(MATCH_INPUT!$G$18:$G$21, MATCH_INPUT!$F$18:$F$21, AY16) + SUMIFS(MATCH_INPUT!$I$18:$I$21, MATCH_INPUT!$J$18:$J$21, AY16) -> 4 | BC16: =IF(AY16<>"", COUNTIFS(MATCH_INPUT!$K$18:$K$21,AY16), 0) -> 0 | BD16: =IF(AY16<>"", COUNTIFS(MATCH_INPUT!$F$18:$F$21, AY16, MATCH_INPUT!$K$18:$K$21, "Draw") + COUNTIFS(MATCH_INPUT!$J$18:$J$21, AY16, MATCH_INPUT!$K$18:$K$21, "Draw"), 0) -> 1 | BE16: =IF(AY16<>"", COUNTIFS(MATCH_INPUT!$F$18:$F$21, AY16, MATCH_INPUT!$K$18:$K$21, "<>"&AY16, MATCH_INPUT!$K$18:$K$21, "<>Draw", MATCH_INPUT!$K$18:$K$21, "<>""") + COUNTIFS(MATCH_INPUT!$J$18:$J$21, AY16, MATCH_INPUT!$K$18:$K$21, "<>"&AY16, MATCH_INPUT!$K$18:$K$21, "<>Draw", MATCH_INPUT!$K$18:$K$21, "<>"""), 0) -> 1 | BF16: 1 | BI16: =RANK(AZ16, AZ$3:AZ$38, 0) -> 20 | BJ16: =IF(BI16<AW16, "↑", IF(BI16>AW16, "↓", "=")) -> ↓ | BK16: GREEN | BL16: =SUM(BM16:BN16)+BS16+AZ16 -> 28 | BM16: =COUNTA(BK16)*2 -> 2 | BN16: =SUM(BO16*2) + (BP16*1) + SUMIFS(MATCH_INPUT!$G$22:$G$25, MATCH_INPUT!$F$22:$F$25, BK16) + SUMIFS(MATCH_INPUT!$I$22:$I$25, MATCH_INPUT!$J$22:$J$25, BK16) -> 5 | BO16: =IF(BK16<>"", COUNTIFS(MATCH_INPUT!$K$22:$K$25,BK16), 0) -> 1 | BP16: =IF(BK16<>"", COUNTIFS(MATCH_INPUT!$F$22:$F$25, BK16, MATCH_INPUT!$K$22:$K$25, "Draw") + COUNTIFS(MATCH_INPUT!$J$22:$J$25, BK16, MATCH_INPUT!$K$22:$K$25, "Draw"), 0) -> 1 | BQ16: =IF(BK16<>"", COUNTIFS(MATCH_INPUT!$F$22:$F$25, BK16, MATCH_INPUT!$K$22:$K$25, "<>"&BK16, MATCH_INPUT!$K$22:$K$25, "<>Draw", MATCH_INPUT!$K$22:$K$25, "<>""") + COUNTIFS(MATCH_INPUT!$J$22:$J$25, BK16, MATCH_INPUT!$K$22:$K$25, "<>"&BK16, MATCH_INPUT!$K$22:$K$25, "<>Draw", MATCH_INPUT!$K$22:$K$25, "<>"""), 0) -> 0 | BR16: 1 | BU16: =RANK(BL16, BL$3:BL$38, 0) -> 15 | BV16: =IF(BU16<BI16, "↑", IF(BU16>BI16, "↓", "=")) -> ↑ | BW16: GREEN | BX16: =SUM(BY16:BZ16)+CE16+BL16 -> 33 | BY16: =COUNTA(BW16)*2 -> 2 | BZ16: =SUM(CA16*2)+(CB16*1) + SUMIFS(MATCH_INPUT!$G$26:$G$29, MATCH_INPUT!$F$26:$F$29, BW16) + SUMIFS(MATCH_INPUT!$I$26:$I$29, MATCH_INPUT!$J$26:$J$29, BW16) -> 3 | CA16: =IF(BW16<>"", COUNTIFS(MATCH_INPUT!$K$26:$K$29,BW16), 0) -> 0 | CB16: =IF(BW16<>"", COUNTIFS(MATCH_INPUT!$F$26:$F$29, BW16, MATCH_INPUT!$K$26:$K$29, "Draw") + COUNTIFS(MATCH_INPUT!$J$26:$J$29, BW16, MATCH_INPUT!$K$26:$K$29, "Draw"), 0) -> 2 | CC16: =IF(BW16<>"", COUNTIFS(MATCH_INPUT!$F$26:$F$29, BW16, MATCH_INPUT!$K$26:$K$29, "<>"&BW16, MATCH_INPUT!$K$26:$K$29, "<>Draw", MATCH_INPUT!$K$26:$K$29, "<>""") + COUNTIFS(MATCH_INPUT!$J$26:$J$29, BW16, MATCH_INPUT!$K$26:$K$29, "<>"&BW16, MATCH_INPUT!$K$26:$K$29, "<>Draw", MATCH_INPUT!$K$26:$K$29, "<>"""), 0) -> 0 | CG16: =RANK(BX16, BX$3:BX$38, 0) -> 19 | CH16: =IF(CG16<BU16, "↑", IF(CG16>BU16, "↓", "=")) -> ↓ | CI16: GREEN | CJ16: =SUM(CK16:CL16)+CQ16+BX16 -> 39 | CK16: =COUNTA(CI16)*2 -> 2 | CL16: =SUM(CM16*2)+(CN16*1) + SUMIFS(MATCH_INPUT!$G$30:$G$33, MATCH_INPUT!$F$30:$F$33, CI16) + SUMIFS(MATCH_INPUT!$I$30:$I$33, MATCH_INPUT!$J$30:$J$33, CI16) -> 4 | CM16: =IF(CI16<>"", COUNTIFS(MATCH_INPUT!$K$30:$K$33,CI16), 0) -> 1 | CN16: =IF(CI16<>"", COUNTIFS(MATCH_INPUT!$F$30:$F$33, CI16, MATCH_INPUT!$K$30:$K$33, "Draw") + COUNTIFS(MATCH_INPUT!$J$30:$J$33, CI16, MATCH_INPUT!$K$30:$K$33, "Draw"), 0) -> 0 | CO16: =IF(CI16<>"", COUNTIFS(MATCH_INPUT!$F$30:$F$33, CI16, MATCH_INPUT!$K$30:$K$33, "<>"&CI16, MATCH_INPUT!$K$30:$K$33, "<>Draw", MATCH_INPUT!$K$30:$K$33, "<>""") + COUNTIFS(MATCH_INPUT!$J$30:$J$33, CI16, MATCH_INPUT!$K$30:$K$33, "<>"&CI16, MATCH_INPUT!$K$30:$K$33, "<>Draw", MATCH_INPUT!$K$30:$K$33, "<>"""), 0) -> 1 | CP16: 1 | CS16: =RANK(CJ16, CJ$3:CJ$38, 0) -> 14 | CT16: =IF(CS16<CG16, "↑", IF(CS16>CG16, "↓", "=")) -> ↑ | CU16: =SUM(F16,R16,AD16,AP16,BB16,BN16,BZ16,CL16) -> 23 | CV16: =A16 -> 🍀 | CW16: =B16 -> Valverde | CX16: =SUM(CU16,CY16,DD16) -> 39 | CY16: =SUM( IF(AND('MATCH DATES'!$A$2 <= TODAY(), NOW() >= 'MATCH DATES'!$A$2 + TIME(22, 0, 0)), E16, 0), IF(AND('MATCH DATES'!$A$3 <= TODAY(), NOW() >= 'MATCH DATES'!$A$3 + TIME(22, 0, 0)), Q16, 0), IF(AND('MATCH DATES'!$A$4 <= TODAY(), NOW() >= 'MATCH DATES'!$A$4 + TIME(22, 0, 0)), AC16, 0), IF(AND('MATCH DATES'!$A$5 <= TODAY(), NOW() >= 'MATCH DATES'!$A$5 + TIME(22, 0, 0)), AO16, 0), IF(AND('MATCH DATES'!$A$6 <= TODAY(), NOW() >= 'MATCH DATES'!$A$6 + TIME(22, 0, 0)), BA16, 0), IF(AND('MATCH DATES'!$A$7 <= TODAY(), NOW() >= 'MATCH DATES'!$A$7 + TIME(22, 0, 0)), BM16, 0), IF(AND('MATCH DATES'!$A$8 <= TODAY(), NOW() >= 'MATCH DATES'!$A$8 + TIME(22, 0, 0)), BY16, 0), IF(AND('MATCH DATES'!$A$9 <= TODAY(), NOW() >= 'MATCH DATES'!$A$9 + TIME(22, 0, 0)), CK16, 0) ) -> 16 | CZ16: =SUM(G16,S16,AE16,AQ16,BC16,BO16,CA16,CM16) -> 4 | DA16: =SUM(H16,T16,AF16,AR16,BD16,BP16,CB16,CN16) -> 7 | DB16: =SUM( IF(AND('MATCH DATES'!$A$2 <= TODAY(), NOW() >= 'MATCH DATES'!$A$2 + TIME(22, 0, 0)), I16, 0), IF(AND('MATCH DATES'!$A$3 <= TODAY(), NOW() >= 'MATCH DATES'!$A$3 + TIME(22, 0, 0)), U16, 0), IF(AND('MATCH DATES'!$A$4 <= TODAY(), NOW() >= 'MATCH DATES'!$A$4 + TIME(22, 0, 0)), AG16, 0), IF(AND('MATCH DATES'!$A$5 <= TODAY(), NOW() >= 'MATCH DATES'!$A$5 + TIME(22, 0, 0)), AS16, 0), IF(AND('MATCH DATES'!$A$6 <= TODAY(), NOW() >= 'MATCH DATES'!$A$6 + TIME(22, 0, 0)), BE16, 0), IF(AND('MATCH DATES'!$A$7 <= TODAY(), NOW() >= 'MATCH DATES'!$A$7 + TIME(22, 0, 0)), BQ16, 0), IF(AND('MATCH DATES'!$A$8 <= TODAY(), NOW() >= 'MATCH DATES'!$A$8 + TIME(22, 0, 0)), CC16, 0), IF(AND('MATCH DATES'!$A$9 <= TODAY(), NOW() >= 'MATCH DATES'!$A$9 + TIME(22, 0, 0)), CO16, 0) ) -> 5 | DD16: =SUM(K16,W16,AI16,AU16,BG16,BS16,CE16,CQ16) -> 0 | DF16: =SUM(L16,X16,AJ16,AV16,BH16,BT16,CF16,CR16) -> 0
A17: 🍀 | B17: Chato | C17: GREEN | D17: =SUM(E17:F17)+K17 -> 2 | E17: =COUNTA(C17)*2 -> 2 | F17: =(G17*2)+(H17*1) -> 0 | G17: =IF(C17<>"", COUNTIFS(MATCH_INPUT!$K$2:$K$5,C17), 0) -> 0 | H17: =IF(C17<>"", COUNTIFS(MATCH_INPUT!$F$2:$F$5, C17, MATCH_INPUT!$K$2:$K$5, "Draw") + COUNTIFS(MATCH_INPUT!$J$2:$J$5, C17, MATCH_INPUT!$K$2:$K$5, "Draw"), 0) -> 0 | I17: =IF(C17<>"", COUNTIFS(MATCH_INPUT!$F$2:$F$5, C17, MATCH_INPUT!$K$2:$K$5, "<>"&C17, MATCH_INPUT!$K$2:$K$5, "<>Draw", MATCH_INPUT!$K$2:$K$5, "<>""") + COUNTIFS(MATCH_INPUT!$J$2:$J$5, C17, MATCH_INPUT!$K$2:$K$5, "<>"&C17, MATCH_INPUT!$K$2:$K$5, "<>Draw", MATCH_INPUT!$K$2:$K$5, "<>"""), 0) -> 2 | M17: =RANK(D17, D$3:D$38, 0) -> 26 | N17: =IF(M17<1, "↑", IF(M17>1, "↓", "=")) -> ↓ | O17: ORANGE | P17: =SUM(Q17:R17)+D17+W17 -> 4 | Q17: =COUNTA(O17)*2 -> 2 | R17: =(S17*2)+(T17*1) -> 0 | S17: =IF(O17<>"", COUNTIFS(MATCH_INPUT!$K$6:$K$9,O17), 0) -> 0 | T17: =IF(O17<>"", COUNTIFS(MATCH_INPUT!$F$6:$F$9, O17, MATCH_INPUT!$K$6:$K$9, "Draw") + COUNTIFS(MATCH_INPUT!$J$6:$J$9, O17, MATCH_INPUT!$K$6:$K$9, "Draw"), 0) -> 0 | U17: =IF(O17<>"", COUNTIFS(MATCH_INPUT!$F$6:$F$9, O17, MATCH_INPUT!$K$6:$K$9, "<>"&O17, MATCH_INPUT!$K$6:$K$9, "<>Draw", MATCH_INPUT!$K$6:$K$9, "<>""") + COUNTIFS(MATCH_INPUT!$J$6:$J$9, O17, MATCH_INPUT!$K$6:$K$9, "<>"&O17, MATCH_INPUT!$K$6:$K$9, "<>Draw", MATCH_INPUT!$K$6:$K$9, "<>"""), 0) -> 2 | Y17: =RANK(P17, P$3:P$38, 0) -> 31 | Z17: =IF(Y17<M17, "↑", IF(Y17>M17, "↓", "=")) -> ↓ | AA17: MAGENTA | AB17: =SUM(AC17:AD17)+P17+AI17 -> 7 | AC17: =COUNTA(AA17)*2 -> 2 | AD17: =SUM(AE17*2)+(AF17*1) -> 1 | AE17: =IF(AA17<>"", COUNTIFS(MATCH_INPUT!$K$10:$K$13,AA17), 0) -> 0 | AF17: =IF(AA17<>"", COUNTIFS(MATCH_INPUT!$F$10:$F$13, AA17, MATCH_INPUT!$K$10:$K$13, "Draw") + COUNTIFS(MATCH_INPUT!$J$10:$J$13, AA17, MATCH_INPUT!$K$10:$K$13, "Draw"), 0) -> 1 | AG17: =IF(AA17<>"", COUNTIFS(MATCH_INPUT!$F$10:$F$13, AA17, MATCH_INPUT!$K$10:$K$13, "<>"&AA17, MATCH_INPUT!$K$10:$K$13, "<>Draw", MATCH_INPUT!$K$10:$K$13, "<>""") + COUNTIFS(MATCH_INPUT!$J$10:$J$13, AA17, MATCH_INPUT!$K$10:$K$13, "<>"&AA17, MATCH_INPUT!$K$10:$K$13, "<>Draw", MATCH_INPUT!$K$10:$K$13, "<>"""), 0) -> 1 | AK17: =RANK(AB17, AB$3:AB$38, 0) -> 31 | AL17: =IF(AK17<Y17, "↑", IF(AK17>Y17, "↓", "=")) -> = | AM17: ORANGE | AN17: =SUM(AO17:AP17)+AB17+AU17 -> 11 | AO17: =COUNTA(AM17)*2 -> 2 | AP17: =SUM(AQ17*2)+(AR17*1) -> 2 | AQ17: =IF(AM17<>"", COUNTIFS(MATCH_INPUT!$K$14:$K$17,AM17), 0) -> 0 | AR17: =IF(AM17<>"", COUNTIFS(MATCH_INPUT!$F$14:$F$17, AM17, MATCH_INPUT!$K$14:$K$17, "Draw") + COUNTIFS(MATCH_INPUT!$J$14:$J$17, AM17, MATCH_INPUT!$K$14:$K$17, "Draw"), 0) -> 2 | AS17: =IF(AM17<>"", COUNTIFS(MATCH_INPUT!$F$14:$F$17, AM17, MATCH_INPUT!$K$14:$K$17, "<>"&AM17, MATCH_INPUT!$K$14:$K$17, "<>Draw", MATCH_INPUT!$K$14:$K$17, "<>""") + COUNTIFS(MATCH_INPUT!$J$14:$J$17, AM17, MATCH_INPUT!$K$14:$K$17, "<>"&AM17, MATCH_INPUT!$K$14:$K$17, "<>Draw", MATCH_INPUT!$K$14:$K$17, "<>"""), 0) -> 0 | AW17: =RANK(AN17, AN$3:AN$38, 0) -> 31 | AX17: =IF(AW17<AK17, "↑", IF(AW17>AK17, "↓", "=")) -> = | AY17: ORANGE | AZ17: =SUM(BA17:BB17)+BG17+AN17 -> 23 | BA17: =COUNTA(AY17)*2 -> 2 | BB17: =SUM(BC17*2) + (BD17*1) + SUMIFS(MATCH_INPUT!$G$18:$G$21, MATCH_INPUT!$F$18:$F$21, AY17) + SUMIFS(MATCH_INPUT!$I$18:$I$21, MATCH_INPUT!$J$18:$J$21, AY17) -> 10 | BC17: =IF(AY17<>"", COUNTIFS(MATCH_INPUT!$K$18:$K$21,AY17), 0) -> 2 | BD17: =IF(AY17<>"", COUNTIFS(MATCH_INPUT!$F$18:$F$21, AY17, MATCH_INPUT!$K$18:$K$21, "Draw") + COUNTIFS(MATCH_INPUT!$J$18:$J$21, AY17, MATCH_INPUT!$K$18:$K$21, "Draw"), 0) -> 0 | BE17: =IF(AY17<>"", COUNTIFS(MATCH_INPUT!$F$18:$F$21, AY17, MATCH_INPUT!$K$18:$K$21, "<>"&AY17, MATCH_INPUT!$K$18:$K$21, "<>Draw", MATCH_INPUT!$K$18:$K$21, "<>""") + COUNTIFS(MATCH_INPUT!$J$18:$J$21, AY17, MATCH_INPUT!$K$18:$K$21, "<>"&AY17, MATCH_INPUT!$K$18:$K$21, "<>Draw", MATCH_INPUT!$K$18:$K$21, "<>"""), 0) -> 0 | BF17: 2 | BI17: =RANK(AZ17, AZ$3:AZ$38, 0) -> 14 | BJ17: =IF(BI17<AW17, "↑", IF(BI17>AW17, "↓", "=")) -> ↑ | BK17: GREEN | BL17: =SUM(BM17:BN17)+BS17+AZ17 -> 30 | BM17: =COUNTA(BK17)*2 -> 2 | BN17: =SUM(BO17*2) + (BP17*1) + SUMIFS(MATCH_INPUT!$G$22:$G$25, MATCH_INPUT!$F$22:$F$25, BK17) + SUMIFS(MATCH_INPUT!$I$22:$I$25, MATCH_INPUT!$J$22:$J$25, BK17) -> 5 | BO17: =IF(BK17<>"", COUNTIFS(MATCH_INPUT!$K$22:$K$25,BK17), 0) -> 1 | BP17: =IF(BK17<>"", COUNTIFS(MATCH_INPUT!$F$22:$F$25, BK17, MATCH_INPUT!$K$22:$K$25, "Draw") + COUNTIFS(MATCH_INPUT!$J$22:$J$25, BK17, MATCH_INPUT!$K$22:$K$25, "Draw"), 0) -> 1 | BQ17: =IF(BK17<>"", COUNTIFS(MATCH_INPUT!$F$22:$F$25, BK17, MATCH_INPUT!$K$22:$K$25, "<>"&BK17, MATCH_INPUT!$K$22:$K$25, "<>Draw", MATCH_INPUT!$K$22:$K$25, "<>""") + COUNTIFS(MATCH_INPUT!$J$22:$J$25, BK17, MATCH_INPUT!$K$22:$K$25, "<>"&BK17, MATCH_INPUT!$K$22:$K$25, "<>Draw", MATCH_INPUT!$K$22:$K$25, "<>"""), 0) -> 0 | BR17: 1 | BU17: =RANK(BL17, BL$3:BL$38, 0) -> 9 | BV17: =IF(BU17<BI17, "↑", IF(BU17>BI17, "↓", "=")) -> ↑ | BW17: GREEN | BX17: =SUM(BY17:BZ17)+CE17+BL17 -> 35 | BY17: =COUNTA(BW17)*2 -> 2 | BZ17: =SUM(CA17*2)+(CB17*1) + SUMIFS(MATCH_INPUT!$G$26:$G$29, MATCH_INPUT!$F$26:$F$29, BW17) + SUMIFS(MATCH_INPUT!$I$26:$I$29, MATCH_INPUT!$J$26:$J$29, BW17) -> 3 | CA17: =IF(BW17<>"", COUNTIFS(MATCH_INPUT!$K$26:$K$29,BW17), 0) -> 0 | CB17: =IF(BW17<>"", COUNTIFS(MATCH_INPUT!$F$26:$F$29, BW17, MATCH_INPUT!$K$26:$K$29, "Draw") + COUNTIFS(MATCH_INPUT!$J$26:$J$29, BW17, MATCH_INPUT!$K$26:$K$29, "Draw"), 0) -> 2 | CC17: =IF(BW17<>"", COUNTIFS(MATCH_INPUT!$F$26:$F$29, BW17, MATCH_INPUT!$K$26:$K$29, "<>"&BW17, MATCH_INPUT!$K$26:$K$29, "<>Draw", MATCH_INPUT!$K$26:$K$29, "<>""") + COUNTIFS(MATCH_INPUT!$J$26:$J$29, BW17, MATCH_INPUT!$K$26:$K$29, "<>"&BW17, MATCH_INPUT!$K$26:$K$29, "<>Draw", MATCH_INPUT!$K$26:$K$29, "<>"""), 0) -> 0 | CG17: =RANK(BX17, BX$3:BX$38, 0) -> 13 | CH17: =IF(CG17<BU17, "↑", IF(CG17>BU17, "↓", "=")) -> ↓ | CI17: MAGENTA | CJ17: =SUM(CK17:CL17)+CQ17+BX17 -> 39 | CK17: =COUNTA(CI17)*2 -> 2 | CL17: =SUM(CM17*2)+(CN17*1) + SUMIFS(MATCH_INPUT!$G$30:$G$33, MATCH_INPUT!$F$30:$F$33, CI17) + SUMIFS(MATCH_INPUT!$I$30:$I$33, MATCH_INPUT!$J$30:$J$33, CI17) -> 2 | CM17: =IF(CI17<>"", COUNTIFS(MATCH_INPUT!$K$30:$K$33,CI17), 0) -> 0 | CN17: =IF(CI17<>"", COUNTIFS(MATCH_INPUT!$F$30:$F$33, CI17, MATCH_INPUT!$K$30:$K$33, "Draw") + COUNTIFS(MATCH_INPUT!$J$30:$J$33, CI17, MATCH_INPUT!$K$30:$K$33, "Draw"), 0) -> 1 | CO17: =IF(CI17<>"", COUNTIFS(MATCH_INPUT!$F$30:$F$33, CI17, MATCH_INPUT!$K$30:$K$33, "<>"&CI17, MATCH_INPUT!$K$30:$K$33, "<>Draw", MATCH_INPUT!$K$30:$K$33, "<>""") + COUNTIFS(MATCH_INPUT!$J$30:$J$33, CI17, MATCH_INPUT!$K$30:$K$33, "<>"&CI17, MATCH_INPUT!$K$30:$K$33, "<>Draw", MATCH_INPUT!$K$30:$K$33, "<>"""), 0) -> 1 | CS17: =RANK(CJ17, CJ$3:CJ$38, 0) -> 14 | CT17: =IF(CS17<CG17, "↑", IF(CS17>CG17, "↓", "=")) -> ↓ | CU17: =SUM(F17,R17,AD17,AP17,BB17,BN17,BZ17,CL17) -> 23 | CV17: =A17 -> 🍀 | CW17: =B17 -> Chato | CX17: =SUM(CU17,CY17,DD17) -> 39 | CY17: =SUM( IF(AND('MATCH DATES'!$A$2 <= TODAY(), NOW() >= 'MATCH DATES'!$A$2 + TIME(22, 0, 0)), E17, 0), IF(AND('MATCH DATES'!$A$3 <= TODAY(), NOW() >= 'MATCH DATES'!$A$3 + TIME(22, 0, 0)), Q17, 0), IF(AND('MATCH DATES'!$A$4 <= TODAY(), NOW() >= 'MATCH DATES'!$A$4 + TIME(22, 0, 0)), AC17, 0), IF(AND('MATCH DATES'!$A$5 <= TODAY(), NOW() >= 'MATCH DATES'!$A$5 + TIME(22, 0, 0)), AO17, 0), IF(AND('MATCH DATES'!$A$6 <= TODAY(), NOW() >= 'MATCH DATES'!$A$6 + TIME(22, 0, 0)), BA17, 0), IF(AND('MATCH DATES'!$A$7 <= TODAY(), NOW() >= 'MATCH DATES'!$A$7 + TIME(22, 0, 0)), BM17, 0), IF(AND('MATCH DATES'!$A$8 <= TODAY(), NOW() >= 'MATCH DATES'!$A$8 + TIME(22, 0, 0)), BY17, 0), IF(AND('MATCH DATES'!$A$9 <= TODAY(), NOW() >= 'MATCH DATES'!$A$9 + TIME(22, 0, 0)), CK17, 0) ) -> 16 | CZ17: =SUM(G17,S17,AE17,AQ17,BC17,BO17,CA17,CM17) -> 3 | DA17: =SUM(H17,T17,AF17,AR17,BD17,BP17,CB17,CN17) -> 7 | DB17: =SUM( IF(AND('MATCH DATES'!$A$2 <= TODAY(), NOW() >= 'MATCH DATES'!$A$2 + TIME(22, 0, 0)), I17, 0), IF(AND('MATCH DATES'!$A$3 <= TODAY(), NOW() >= 'MATCH DATES'!$A$3 + TIME(22, 0, 0)), U17, 0), IF(AND('MATCH DATES'!$A$4 <= TODAY(), NOW() >= 'MATCH DATES'!$A$4 + TIME(22, 0, 0)), AG17, 0), IF(AND('MATCH DATES'!$A$5 <= TODAY(), NOW() >= 'MATCH DATES'!$A$5 + TIME(22, 0, 0)), AS17, 0), IF(AND('MATCH DATES'!$A$6 <= TODAY(), NOW() >= 'MATCH DATES'!$A$6 + TIME(22, 0, 0)), BE17, 0), IF(AND('MATCH DATES'!$A$7 <= TODAY(), NOW() >= 'MATCH DATES'!$A$7 + TIME(22, 0, 0)), BQ17, 0), IF(AND('MATCH DATES'!$A$8 <= TODAY(), NOW() >= 'MATCH DATES'!$A$8 + TIME(22, 0, 0)), CC17, 0), IF(AND('MATCH DATES'!$A$9 <= TODAY(), NOW() >= 'MATCH DATES'!$A$9 + TIME(22, 0, 0)), CO17, 0) ) -> 6 | DD17: =SUM(K17,W17,AI17,AU17,BG17,BS17,CE17,CQ17) -> 0 | DF17: =SUM(L17,X17,AJ17,AV17,BH17,BT17,CF17,CR17) -> 0
A18: 🍀 | B18: Rodolfo | C18: ORANGE | D18: =SUM(E18:F18)+K18 -> 5 | E18: =COUNTA(C18)*2 -> 2 | F18: =(G18*2)+(H18*1) -> 2 | G18: =IF(C18<>"", COUNTIFS(MATCH_INPUT!$K$2:$K$5,C18), 0) -> 1 | H18: =IF(C18<>"", COUNTIFS(MATCH_INPUT!$F$2:$F$5, C18, MATCH_INPUT!$K$2:$K$5, "Draw") + COUNTIFS(MATCH_INPUT!$J$2:$J$5, C18, MATCH_INPUT!$K$2:$K$5, "Draw"), 0) -> 0 | I18: =IF(C18<>"", COUNTIFS(MATCH_INPUT!$F$2:$F$5, C18, MATCH_INPUT!$K$2:$K$5, "<>"&C18, MATCH_INPUT!$K$2:$K$5, "<>Draw", MATCH_INPUT!$K$2:$K$5, "<>""") + COUNTIFS(MATCH_INPUT!$J$2:$J$5, C18, MATCH_INPUT!$K$2:$K$5, "<>"&C18, MATCH_INPUT!$K$2:$K$5, "<>Draw", MATCH_INPUT!$K$2:$K$5, "<>"""), 0) -> 1 | K18: 1 | M18: =RANK(D18, D$3:D$38, 0) -> 10 | N18: =IF(M18<1, "↑", IF(M18>1, "↓", "=")) -> ↓ | O18: MAGENTA | P18: =SUM(Q18:R18)+D18+W18 -> 9 | Q18: =COUNTA(O18)*2 -> 2 | R18: =(S18*2)+(T18*1) -> 1 | S18: =IF(O18<>"", COUNTIFS(MATCH_INPUT!$K$6:$K$9,O18), 0) -> 0 | T18: =IF(O18<>"", COUNTIFS(MATCH_INPUT!$F$6:$F$9, O18, MATCH_INPUT!$K$6:$K$9, "Draw") + COUNTIFS(MATCH_INPUT!$J$6:$J$9, O18, MATCH_INPUT!$K$6:$K$9, "Draw"), 0) -> 1 | U18: =IF(O18<>"", COUNTIFS(MATCH_INPUT!$F$6:$F$9, O18, MATCH_INPUT!$K$6:$K$9, "<>"&O18, MATCH_INPUT!$K$6:$K$9, "<>Draw", MATCH_INPUT!$K$6:$K$9, "<>""") + COUNTIFS(MATCH_INPUT!$J$6:$J$9, O18, MATCH_INPUT!$K$6:$K$9, "<>"&O18, MATCH_INPUT!$K$6:$K$9, "<>Draw", MATCH_INPUT!$K$6:$K$9, "<>"""), 0) -> 1 | W18: 1 | Y18: =RANK(P18, P$3:P$38, 0) -> 10 | Z18: =IF(Y18<M18, "↑", IF(Y18>M18, "↓", "=")) -> = | AA18: ORANGE | AB18: =SUM(AC18:AD18)+P18+AI18 -> 14 | AC18: =COUNTA(AA18)*2 -> 2 | AD18: =SUM(AE18*2)+(AF18*1) -> 3 | AE18: =IF(AA18<>"", COUNTIFS(MATCH_INPUT!$K$10:$K$13,AA18), 0) -> 1 | AF18: =IF(AA18<>"", COUNTIFS(MATCH_INPUT!$F$10:$F$13, AA18, MATCH_INPUT!$K$10:$K$13, "Draw") + COUNTIFS(MATCH_INPUT!$J$10:$J$13, AA18, MATCH_INPUT!$K$10:$K$13, "Draw"), 0) -> 1 | AG18: =IF(AA18<>"", COUNTIFS(MATCH_INPUT!$F$10:$F$13, AA18, MATCH_INPUT!$K$10:$K$13, "<>"&AA18, MATCH_INPUT!$K$10:$K$13, "<>Draw", MATCH_INPUT!$K$10:$K$13, "<>""") + COUNTIFS(MATCH_INPUT!$J$10:$J$13, AA18, MATCH_INPUT!$K$10:$K$13, "<>"&AA18, MATCH_INPUT!$K$10:$K$13, "<>Draw", MATCH_INPUT!$K$10:$K$13, "<>"""), 0) -> 0 | AK18: =RANK(AB18, AB$3:AB$38, 0) -> 8 | AL18: =IF(AK18<Y18, "↑", IF(AK18>Y18, "↓", "=")) -> ↑ | AN18: =SUM(AO18:AP18)+AB18+AU18 -> 14 | AO18: =COUNTA(AM18)*2 -> 0 | AP18: =SUM(AQ18*2)+(AR18*1) -> 0 | AQ18: =IF(AM18<>"", COUNTIFS(MATCH_INPUT!$K$14:$K$17,AM18), 0) -> 0 | AR18: =IF(AM18<>"", COUNTIFS(MATCH_INPUT!$F$14:$F$17, AM18, MATCH_INPUT!$K$14:$K$17, "Draw") + COUNTIFS(MATCH_INPUT!$J$14:$J$17, AM18, MATCH_INPUT!$K$14:$K$17, "Draw"), 0) -> 0 | AS18: =IF(AM18<>"", COUNTIFS(MATCH_INPUT!$F$14:$F$17, AM18, MATCH_INPUT!$K$14:$K$17, "<>"&AM18, MATCH_INPUT!$K$14:$K$17, "<>Draw", MATCH_INPUT!$K$14:$K$17, "<>""") + COUNTIFS(MATCH_INPUT!$J$14:$J$17, AM18, MATCH_INPUT!$K$14:$K$17, "<>"&AM18, MATCH_INPUT!$K$14:$K$17, "<>Draw", MATCH_INPUT!$K$14:$K$17, "<>"""), 0) -> 0 | AW18: =RANK(AN18, AN$3:AN$38, 0) -> 24 | AX18: =IF(AW18<AK18, "↑", IF(AW18>AK18, "↓", "=")) -> ↓ | AY18: GREEN | AZ18: =SUM(BA18:BB18)+BG18+AN18 -> 22 | BA18: =COUNTA(AY18)*2 -> 2 | BB18: =SUM(BC18*2) + (BD18*1) + SUMIFS(MATCH_INPUT!$G$18:$G$21, MATCH_INPUT!$F$18:$F$21, AY18) + SUMIFS(MATCH_INPUT!$I$18:$I$21, MATCH_INPUT!$J$18:$J$21, AY18) -> 5 | BC18: =IF(AY18<>"", COUNTIFS(MATCH_INPUT!$K$18:$K$21,AY18), 0) -> 1 | BD18: =IF(AY18<>"", COUNTIFS(MATCH_INPUT!$F$18:$F$21, AY18, MATCH_INPUT!$K$18:$K$21, "Draw") + COUNTIFS(MATCH_INPUT!$J$18:$J$21, AY18, MATCH_INPUT!$K$18:$K$21, "Draw"), 0) -> 0 | BE18: =IF(AY18<>"", COUNTIFS(MATCH_INPUT!$F$18:$F$21, AY18, MATCH_INPUT!$K$18:$K$21, "<>"&AY18, MATCH_INPUT!$K$18:$K$21, "<>Draw", MATCH_INPUT!$K$18:$K$21, "<>""") + COUNTIFS(MATCH_INPUT!$J$18:$J$21, AY18, MATCH_INPUT!$K$18:$K$21, "<>"&AY18, MATCH_INPUT!$K$18:$K$21, "<>Draw", MATCH_INPUT!$K$18:$K$21, "<>"""), 0) -> 1 | BG18: 1 | BI18: =RANK(AZ18, AZ$3:AZ$38, 0) -> 17 | BJ18: =IF(BI18<AW18, "↑", IF(BI18>AW18, "↓", "=")) -> ↑ | BK18: MAGENTA | BL18: =SUM(BM18:BN18)+BS18+AZ18 -> 28 | BM18: =COUNTA(BK18)*2 -> 2 | BN18: =SUM(BO18*2) + (BP18*1) + SUMIFS(MATCH_INPUT!$G$22:$G$25, MATCH_INPUT!$F$22:$F$25, BK18) + SUMIFS(MATCH_INPUT!$I$22:$I$25, MATCH_INPUT!$J$22:$J$25, BK18) -> 4 | BO18: =IF(BK18<>"", COUNTIFS(MATCH_INPUT!$K$22:$K$25,BK18), 0) -> 0 | BP18: =IF(BK18<>"", COUNTIFS(MATCH_INPUT!$F$22:$F$25, BK18, MATCH_INPUT!$K$22:$K$25, "Draw") + COUNTIFS(MATCH_INPUT!$J$22:$J$25, BK18, MATCH_INPUT!$K$22:$K$25, "Draw"), 0) -> 2 | BQ18: =IF(BK18<>"", COUNTIFS(MATCH_INPUT!$F$22:$F$25, BK18, MATCH_INPUT!$K$22:$K$25, "<>"&BK18, MATCH_INPUT!$K$22:$K$25, "<>Draw", MATCH_INPUT!$K$22:$K$25, "<>""") + COUNTIFS(MATCH_INPUT!$J$22:$J$25, BK18, MATCH_INPUT!$K$22:$K$25, "<>"&BK18, MATCH_INPUT!$K$22:$K$25, "<>Draw", MATCH_INPUT!$K$22:$K$25, "<>"""), 0) -> 0 | BU18: =RANK(BL18, BL$3:BL$38, 0) -> 15 | BV18: =IF(BU18<BI18, "↑", IF(BU18>BI18, "↓", "=")) -> ↑ | BW18: GREEN | BX18: =SUM(BY18:BZ18)+CE18+BL18 -> 34 | BY18: =COUNTA(BW18)*2 -> 2 | BZ18: =SUM(CA18*2)+(CB18*1) + SUMIFS(MATCH_INPUT!$G$26:$G$29, MATCH_INPUT!$F$26:$F$29, BW18) + SUMIFS(MATCH_INPUT!$I$26:$I$29, MATCH_INPUT!$J$26:$J$29, BW18) -> 3 | CA18: =IF(BW18<>"", COUNTIFS(MATCH_INPUT!$K$26:$K$29,BW18), 0) -> 0 | CB18: =IF(BW18<>"", COUNTIFS(MATCH_INPUT!$F$26:$F$29, BW18, MATCH_INPUT!$K$26:$K$29, "Draw") + COUNTIFS(MATCH_INPUT!$J$26:$J$29, BW18, MATCH_INPUT!$K$26:$K$29, "Draw"), 0) -> 2 | CC18: =IF(BW18<>"", COUNTIFS(MATCH_INPUT!$F$26:$F$29, BW18, MATCH_INPUT!$K$26:$K$29, "<>"&BW18, MATCH_INPUT!$K$26:$K$29, "<>Draw", MATCH_INPUT!$K$26:$K$29, "<>""") + COUNTIFS(MATCH_INPUT!$J$26:$J$29, BW18, MATCH_INPUT!$K$26:$K$29, "<>"&BW18, MATCH_INPUT!$K$26:$K$29, "<>Draw", MATCH_INPUT!$K$26:$K$29, "<>"""), 0) -> 0 | CE18: 1 | CF18: 1 | CG18: =RANK(BX18, BX$3:BX$38, 0) -> 16 | CH18: =IF(CG18<BU18, "↑", IF(CG18>BU18, "↓", "=")) -> ↓ | CI18: BLUE | CJ18: =SUM(CK18:CL18)+CQ18+BX18 -> 38 | CK18: =COUNTA(CI18)*2 -> 2 | CL18: =SUM(CM18*2)+(CN18*1) + SUMIFS(MATCH_INPUT!$G$30:$G$33, MATCH_INPUT!$F$30:$F$33, CI18) + SUMIFS(MATCH_INPUT!$I$30:$I$33, MATCH_INPUT!$J$30:$J$33, CI18) -> 2 | CM18: =IF(CI18<>"", COUNTIFS(MATCH_INPUT!$K$30:$K$33,CI18), 0) -> 0 | CN18: =IF(CI18<>"", COUNTIFS(MATCH_INPUT!$F$30:$F$33, CI18, MATCH_INPUT!$K$30:$K$33, "Draw") + COUNTIFS(MATCH_INPUT!$J$30:$J$33, CI18, MATCH_INPUT!$K$30:$K$33, "Draw"), 0) -> 1 | CO18: =IF(CI18<>"", COUNTIFS(MATCH_INPUT!$F$30:$F$33, CI18, MATCH_INPUT!$K$30:$K$33, "<>"&CI18, MATCH_INPUT!$K$30:$K$33, "<>Draw", MATCH_INPUT!$K$30:$K$33, "<>""") + COUNTIFS(MATCH_INPUT!$J$30:$J$33, CI18, MATCH_INPUT!$K$30:$K$33, "<>"&CI18, MATCH_INPUT!$K$30:$K$33, "<>Draw", MATCH_INPUT!$K$30:$K$33, "<>"""), 0) -> 1 | CS18: =RANK(CJ18, CJ$3:CJ$38, 0) -> 16 | CT18: =IF(CS18<CG18, "↑", IF(CS18>CG18, "↓", "=")) -> = | CU18: =SUM(F18,R18,AD18,AP18,BB18,BN18,BZ18,CL18) -> 20 | CV18: =A18 -> 🍀 | CW18: =B18 -> Rodolfo | CX18: =SUM(CU18,CY18,DD18) -> 38 | CY18: =SUM( IF(AND('MATCH DATES'!$A$2 <= TODAY(), NOW() >= 'MATCH DATES'!$A$2 + TIME(22, 0, 0)), E18, 0), IF(AND('MATCH DATES'!$A$3 <= TODAY(), NOW() >= 'MATCH DATES'!$A$3 + TIME(22, 0, 0)), Q18, 0), IF(AND('MATCH DATES'!$A$4 <= TODAY(), NOW() >= 'MATCH DATES'!$A$4 + TIME(22, 0, 0)), AC18, 0), IF(AND('MATCH DATES'!$A$5 <= TODAY(), NOW() >= 'MATCH DATES'!$A$5 + TIME(22, 0, 0)), AO18, 0), IF(AND('MATCH DATES'!$A$6 <= TODAY(), NOW() >= 'MATCH DATES'!$A$6 + TIME(22, 0, 0)), BA18, 0), IF(AND('MATCH DATES'!$A$7 <= TODAY(), NOW() >= 'MATCH DATES'!$A$7 + TIME(22, 0, 0)), BM18, 0), IF(AND('MATCH DATES'!$A$8 <= TODAY(), NOW() >= 'MATCH DATES'!$A$8 + TIME(22, 0, 0)), BY18, 0), IF(AND('MATCH DATES'!$A$9 <= TODAY(), NOW() >= 'MATCH DATES'!$A$9 + TIME(22, 0, 0)), CK18, 0) ) -> 14 | CZ18: =SUM(G18,S18,AE18,AQ18,BC18,BO18,CA18,CM18) -> 3 | DA18: =SUM(H18,T18,AF18,AR18,BD18,BP18,CB18,CN18) -> 7 | DB18: =SUM( IF(AND('MATCH DATES'!$A$2 <= TODAY(), NOW() >= 'MATCH DATES'!$A$2 + TIME(22, 0, 0)), I18, 0), IF(AND('MATCH DATES'!$A$3 <= TODAY(), NOW() >= 'MATCH DATES'!$A$3 + TIME(22, 0, 0)), U18, 0), IF(AND('MATCH DATES'!$A$4 <= TODAY(), NOW() >= 'MATCH DATES'!$A$4 + TIME(22, 0, 0)), AG18, 0), IF(AND('MATCH DATES'!$A$5 <= TODAY(), NOW() >= 'MATCH DATES'!$A$5 + TIME(22, 0, 0)), AS18, 0), IF(AND('MATCH DATES'!$A$6 <= TODAY(), NOW() >= 'MATCH DATES'!$A$6 + TIME(22, 0, 0)), BE18, 0), IF(AND('MATCH DATES'!$A$7 <= TODAY(), NOW() >= 'MATCH DATES'!$A$7 + TIME(22, 0, 0)), BQ18, 0), IF(AND('MATCH DATES'!$A$8 <= TODAY(), NOW() >= 'MATCH DATES'!$A$8 + TIME(22, 0, 0)), CC18, 0), IF(AND('MATCH DATES'!$A$9 <= TODAY(), NOW() >= 'MATCH DATES'!$A$9 + TIME(22, 0, 0)), CO18, 0) ) -> 4 | DD18: =SUM(K18,W18,AI18,AU18,BG18,BS18,CE18,CQ18) -> 4 | DF18: =SUM(L18,X18,AJ18,AV18,BH18,BT18,CF18,CR18) -> 1
A19: 🍀 | B19: Rob | C19: GREEN | D19: =SUM(E19:F19)+K19 -> 2 | E19: =COUNTA(C19)*2 -> 2 | F19: =(G19*2)+(H19*1) -> 0 | G19: =IF(C19<>"", COUNTIFS(MATCH_INPUT!$K$2:$K$5,C19), 0) -> 0 | H19: =IF(C19<>"", COUNTIFS(MATCH_INPUT!$F$2:$F$5, C19, MATCH_INPUT!$K$2:$K$5, "Draw") + COUNTIFS(MATCH_INPUT!$J$2:$J$5, C19, MATCH_INPUT!$K$2:$K$5, "Draw"), 0) -> 0 | I19: =IF(C19<>"", COUNTIFS(MATCH_INPUT!$F$2:$F$5, C19, MATCH_INPUT!$K$2:$K$5, "<>"&C19, MATCH_INPUT!$K$2:$K$5, "<>Draw", MATCH_INPUT!$K$2:$K$5, "<>""") + COUNTIFS(MATCH_INPUT!$J$2:$J$5, C19, MATCH_INPUT!$K$2:$K$5, "<>"&C19, MATCH_INPUT!$K$2:$K$5, "<>Draw", MATCH_INPUT!$K$2:$K$5, "<>"""), 0) -> 2 | M19: =RANK(D19, D$3:D$38, 0) -> 26 | N19: =IF(M19<1, "↑", IF(M19>1, "↓", "=")) -> ↓ | O19: BLUE | P19: =SUM(Q19:R19)+D19+W19 -> 8 | Q19: =COUNTA(O19)*2 -> 2 | R19: =(S19*2)+(T19*1) -> 3 | S19: =IF(O19<>"", COUNTIFS(MATCH_INPUT!$K$6:$K$9,O19), 0) -> 1 | T19: =IF(O19<>"", COUNTIFS(MATCH_INPUT!$F$6:$F$9, O19, MATCH_INPUT!$K$6:$K$9, "Draw") + COUNTIFS(MATCH_INPUT!$J$6:$J$9, O19, MATCH_INPUT!$K$6:$K$9, "Draw"), 0) -> 1 | U19: =IF(O19<>"", COUNTIFS(MATCH_INPUT!$F$6:$F$9, O19, MATCH_INPUT!$K$6:$K$9, "<>"&O19, MATCH_INPUT!$K$6:$K$9, "<>Draw", MATCH_INPUT!$K$6:$K$9, "<>""") + COUNTIFS(MATCH_INPUT!$J$6:$J$9, O19, MATCH_INPUT!$K$6:$K$9, "<>"&O19, MATCH_INPUT!$K$6:$K$9, "<>Draw", MATCH_INPUT!$K$6:$K$9, "<>"""), 0) -> 0 | W19: 1 | Y19: =RANK(P19, P$3:P$38, 0) -> 17 | Z19: =IF(Y19<M19, "↑", IF(Y19>M19, "↓", "=")) -> ↑ | AA19: BLUE | AB19: =SUM(AC19:AD19)+P19+AI19 -> 13 | AC19: =COUNTA(AA19)*2 -> 2 | AD19: =SUM(AE19*2)+(AF19*1) -> 2 | AE19: =IF(AA19<>"", COUNTIFS(MATCH_INPUT!$K$10:$K$13,AA19), 0) -> 0 | AF19: =IF(AA19<>"", COUNTIFS(MATCH_INPUT!$F$10:$F$13, AA19, MATCH_INPUT!$K$10:$K$13, "Draw") + COUNTIFS(MATCH_INPUT!$J$10:$J$13, AA19, MATCH_INPUT!$K$10:$K$13, "Draw"), 0) -> 2 | AG19: =IF(AA19<>"", COUNTIFS(MATCH_INPUT!$F$10:$F$13, AA19, MATCH_INPUT!$K$10:$K$13, "<>"&AA19, MATCH_INPUT!$K$10:$K$13, "<>Draw", MATCH_INPUT!$K$10:$K$13, "<>""") + COUNTIFS(MATCH_INPUT!$J$10:$J$13, AA19, MATCH_INPUT!$K$10:$K$13, "<>"&AA19, MATCH_INPUT!$K$10:$K$13, "<>Draw", MATCH_INPUT!$K$10:$K$13, "<>"""), 0) -> 0 | AI19: 1 | AK19: =RANK(AB19, AB$3:AB$38, 0) -> 9 | AL19: =IF(AK19<Y19, "↑", IF(AK19>Y19, "↓", "=")) -> ↑ | AM19: ORANGE | AN19: =SUM(AO19:AP19)+AB19+AU19 -> 18 | AO19: =COUNTA(AM19)*2 -> 2 | AP19: =SUM(AQ19*2)+(AR19*1) -> 2 | AQ19: =IF(AM19<>"", COUNTIFS(MATCH_INPUT!$K$14:$K$17,AM19), 0) -> 0 | AR19: =IF(AM19<>"", COUNTIFS(MATCH_INPUT!$F$14:$F$17, AM19, MATCH_INPUT!$K$14:$K$17, "Draw") + COUNTIFS(MATCH_INPUT!$J$14:$J$17, AM19, MATCH_INPUT!$K$14:$K$17, "Draw"), 0) -> 2 | AS19: =IF(AM19<>"", COUNTIFS(MATCH_INPUT!$F$14:$F$17, AM19, MATCH_INPUT!$K$14:$K$17, "<>"&AM19, MATCH_INPUT!$K$14:$K$17, "<>Draw", MATCH_INPUT!$K$14:$K$17, "<>""") + COUNTIFS(MATCH_INPUT!$J$14:$J$17, AM19, MATCH_INPUT!$K$14:$K$17, "<>"&AM19, MATCH_INPUT!$K$14:$K$17, "<>Draw", MATCH_INPUT!$K$14:$K$17, "<>"""), 0) -> 0 | AU19: 1 | AW19: =RANK(AN19, AN$3:AN$38, 0) -> 4 | AX19: =IF(AW19<AK19, "↑", IF(AW19>AK19, "↓", "=")) -> ↑ | AZ19: =SUM(BA19:BB19)+BG19+AN19 -> 18 | BA19: =COUNTA(AY19)*2 -> 0 | BB19: =SUM(BC19*2) + (BD19*1) + SUMIFS(MATCH_INPUT!$G$18:$G$21, MATCH_INPUT!$F$18:$F$21, AY19) + SUMIFS(MATCH_INPUT!$I$18:$I$21, MATCH_INPUT!$J$18:$J$21, AY19) -> 0 | BC19: =IF(AY19<>"", COUNTIFS(MATCH_INPUT!$K$18:$K$21,AY19), 0) -> 0 | BD19: =IF(AY19<>"", COUNTIFS(MATCH_INPUT!$F$18:$F$21, AY19, MATCH_INPUT!$K$18:$K$21, "Draw") + COUNTIFS(MATCH_INPUT!$J$18:$J$21, AY19, MATCH_INPUT!$K$18:$K$21, "Draw"), 0) -> 0 | BE19: =IF(AY19<>"", COUNTIFS(MATCH_INPUT!$F$18:$F$21, AY19, MATCH_INPUT!$K$18:$K$21, "<>"&AY19, MATCH_INPUT!$K$18:$K$21, "<>Draw", MATCH_INPUT!$K$18:$K$21, "<>""") + COUNTIFS(MATCH_INPUT!$J$18:$J$21, AY19, MATCH_INPUT!$K$18:$K$21, "<>"&AY19, MATCH_INPUT!$K$18:$K$21, "<>Draw", MATCH_INPUT!$K$18:$K$21, "<>"""), 0) -> 0 | BI19: =RANK(AZ19, AZ$3:AZ$38, 0) -> 28 | BJ19: =IF(BI19<AW19, "↑", IF(BI19>AW19, "↓", "=")) -> ↓ | BK19: BLUE | BL19: =SUM(BM19:BN19)+BS19+AZ19 -> 27 | BM19: =COUNTA(BK19)*2 -> 2 | BN19: =SUM(BO19*2) + (BP19*1) + SUMIFS(MATCH_INPUT!$G$22:$G$25, MATCH_INPUT!$F$22:$F$25, BK19) + SUMIFS(MATCH_INPUT!$I$22:$I$25, MATCH_INPUT!$J$22:$J$25, BK19) -> 6 | BO19: =IF(BK19<>"", COUNTIFS(MATCH_INPUT!$K$22:$K$25,BK19), 0) -> 1 | BP19: =IF(BK19<>"", COUNTIFS(MATCH_INPUT!$F$22:$F$25, BK19, MATCH_INPUT!$K$22:$K$25, "Draw") + COUNTIFS(MATCH_INPUT!$J$22:$J$25, BK19, MATCH_INPUT!$K$22:$K$25, "Draw"), 0) -> 1 | BQ19: =IF(BK19<>"", COUNTIFS(MATCH_INPUT!$F$22:$F$25, BK19, MATCH_INPUT!$K$22:$K$25, "<>"&BK19, MATCH_INPUT!$K$22:$K$25, "<>Draw", MATCH_INPUT!$K$22:$K$25, "<>""") + COUNTIFS(MATCH_INPUT!$J$22:$J$25, BK19, MATCH_INPUT!$K$22:$K$25, "<>"&BK19, MATCH_INPUT!$K$22:$K$25, "<>Draw", MATCH_INPUT!$K$22:$K$25, "<>"""), 0) -> 0 | BS19: 1 | BU19: =RANK(BL19, BL$3:BL$38, 0) -> 19 | BV19: =IF(BU19<BI19, "↑", IF(BU19>BI19, "↓", "=")) -> ↑ | BW19: BLUE | BX19: =SUM(BY19:BZ19)+CE19+BL19 -> 34 | BY19: =COUNTA(BW19)*2 -> 2 | BZ19: =SUM(CA19*2)+(CB19*1) + SUMIFS(MATCH_INPUT!$G$26:$G$29, MATCH_INPUT!$F$26:$F$29, BW19) + SUMIFS(MATCH_INPUT!$I$26:$I$29, MATCH_INPUT!$J$26:$J$29, BW19) -> 5 | CA19: =IF(BW19<>"", COUNTIFS(MATCH_INPUT!$K$26:$K$29,BW19), 0) -> 1 | CB19: =IF(BW19<>"", COUNTIFS(MATCH_INPUT!$F$26:$F$29, BW19, MATCH_INPUT!$K$26:$K$29, "Draw") + COUNTIFS(MATCH_INPUT!$J$26:$J$29, BW19, MATCH_INPUT!$K$26:$K$29, "Draw"), 0) -> 0 | CC19: =IF(BW19<>"", COUNTIFS(MATCH_INPUT!$F$26:$F$29, BW19, MATCH_INPUT!$K$26:$K$29, "<>"&BW19, MATCH_INPUT!$K$26:$K$29, "<>Draw", MATCH_INPUT!$K$26:$K$29, "<>""") + COUNTIFS(MATCH_INPUT!$J$26:$J$29, BW19, MATCH_INPUT!$K$26:$K$29, "<>"&BW19, MATCH_INPUT!$K$26:$K$29, "<>Draw", MATCH_INPUT!$K$26:$K$29, "<>"""), 0) -> 1 | CG19: =RANK(BX19, BX$3:BX$38, 0) -> 16 | CH19: =IF(CG19<BU19, "↑", IF(CG19>BU19, "↓", "=")) -> ↑ | CI19: BLUE | CJ19: =SUM(CK19:CL19)+CQ19+BX19 -> 38 | CK19: =COUNTA(CI19)*2 -> 2 | CL19: =SUM(CM19*2)+(CN19*1) + SUMIFS(MATCH_INPUT!$G$30:$G$33, MATCH_INPUT!$F$30:$F$33, CI19) + SUMIFS(MATCH_INPUT!$I$30:$I$33, MATCH_INPUT!$J$30:$J$33, CI19) -> 2 | CM19: =IF(CI19<>"", COUNTIFS(MATCH_INPUT!$K$30:$K$33,CI19), 0) -> 0 | CN19: =IF(CI19<>"", COUNTIFS(MATCH_INPUT!$F$30:$F$33, CI19, MATCH_INPUT!$K$30:$K$33, "Draw") + COUNTIFS(MATCH_INPUT!$J$30:$J$33, CI19, MATCH_INPUT!$K$30:$K$33, "Draw"), 0) -> 1 | CO19: =IF(CI19<>"", COUNTIFS(MATCH_INPUT!$F$30:$F$33, CI19, MATCH_INPUT!$K$30:$K$33, "<>"&CI19, MATCH_INPUT!$K$30:$K$33, "<>Draw", MATCH_INPUT!$K$30:$K$33, "<>""") + COUNTIFS(MATCH_INPUT!$J$30:$J$33, CI19, MATCH_INPUT!$K$30:$K$33, "<>"&CI19, MATCH_INPUT!$K$30:$K$33, "<>Draw", MATCH_INPUT!$K$30:$K$33, "<>"""), 0) -> 1 | CS19: =RANK(CJ19, CJ$3:CJ$38, 0) -> 16 | CT19: =IF(CS19<CG19, "↑", IF(CS19>CG19, "↓", "=")) -> = | CU19: =SUM(F19,R19,AD19,AP19,BB19,BN19,BZ19,CL19) -> 20 | CV19: =A19 -> 🍀 | CW19: =B19 -> Rob | CX19: =SUM(CU19,CY19,DD19) -> 38 | CY19: =SUM( IF(AND('MATCH DATES'!$A$2 <= TODAY(), NOW() >= 'MATCH DATES'!$A$2 + TIME(22, 0, 0)), E19, 0), IF(AND('MATCH DATES'!$A$3 <= TODAY(), NOW() >= 'MATCH DATES'!$A$3 + TIME(22, 0, 0)), Q19, 0), IF(AND('MATCH DATES'!$A$4 <= TODAY(), NOW() >= 'MATCH DATES'!$A$4 + TIME(22, 0, 0)), AC19, 0), IF(AND('MATCH DATES'!$A$5 <= TODAY(), NOW() >= 'MATCH DATES'!$A$5 + TIME(22, 0, 0)), AO19, 0), IF(AND('MATCH DATES'!$A$6 <= TODAY(), NOW() >= 'MATCH DATES'!$A$6 + TIME(22, 0, 0)), BA19, 0), IF(AND('MATCH DATES'!$A$7 <= TODAY(), NOW() >= 'MATCH DATES'!$A$7 + TIME(22, 0, 0)), BM19, 0), IF(AND('MATCH DATES'!$A$8 <= TODAY(), NOW() >= 'MATCH DATES'!$A$8 + TIME(22, 0, 0)), BY19, 0), IF(AND('MATCH DATES'!$A$9 <= TODAY(), NOW() >= 'MATCH DATES'!$A$9 + TIME(22, 0, 0)), CK19, 0) ) -> 14 | CZ19: =SUM(G19,S19,AE19,AQ19,BC19,BO19,CA19,CM19) -> 3 | DA19: =SUM(H19,T19,AF19,AR19,BD19,BP19,CB19,CN19) -> 7 | DB19: =SUM( IF(AND('MATCH DATES'!$A$2 <= TODAY(), NOW() >= 'MATCH DATES'!$A$2 + TIME(22, 0, 0)), I19, 0), IF(AND('MATCH DATES'!$A$3 <= TODAY(), NOW() >= 'MATCH DATES'!$A$3 + TIME(22, 0, 0)), U19, 0), IF(AND('MATCH DATES'!$A$4 <= TODAY(), NOW() >= 'MATCH DATES'!$A$4 + TIME(22, 0, 0)), AG19, 0), IF(AND('MATCH DATES'!$A$5 <= TODAY(), NOW() >= 'MATCH DATES'!$A$5 + TIME(22, 0, 0)), AS19, 0), IF(AND('MATCH DATES'!$A$6 <= TODAY(), NOW() >= 'MATCH DATES'!$A$6 + TIME(22, 0, 0)), BE19, 0), IF(AND('MATCH DATES'!$A$7 <= TODAY(), NOW() >= 'MATCH DATES'!$A$7 + TIME(22, 0, 0)), BQ19, 0), IF(AND('MATCH DATES'!$A$8 <= TODAY(), NOW() >= 'MATCH DATES'!$A$8 + TIME(22, 0, 0)), CC19, 0), IF(AND('MATCH DATES'!$A$9 <= TODAY(), NOW() >= 'MATCH DATES'!$A$9 + TIME(22, 0, 0)), CO19, 0) ) -> 4 | DD19: =SUM(K19,W19,AI19,AU19,BG19,BS19,CE19,CQ19) -> 4 | DF19: =SUM(L19,X19,AJ19,AV19,BH19,BT19,CF19,CR19) -> 0
A20: 🍀 | B20: Christian | C20: GREEN | D20: =SUM(E20:F20)+K20 -> 2 | E20: =COUNTA(C20)*2 -> 2 | F20: =(G20*2)+(H20*1) -> 0 | G20: =IF(C20<>"", COUNTIFS(MATCH_INPUT!$K$2:$K$5,C20), 0) -> 0 | H20: =IF(C20<>"", COUNTIFS(MATCH_INPUT!$F$2:$F$5, C20, MATCH_INPUT!$K$2:$K$5, "Draw") + COUNTIFS(MATCH_INPUT!$J$2:$J$5, C20, MATCH_INPUT!$K$2:$K$5, "Draw"), 0) -> 0 | I20: =IF(C20<>"", COUNTIFS(MATCH_INPUT!$F$2:$F$5, C20, MATCH_INPUT!$K$2:$K$5, "<>"&C20, MATCH_INPUT!$K$2:$K$5, "<>Draw", MATCH_INPUT!$K$2:$K$5, "<>""") + COUNTIFS(MATCH_INPUT!$J$2:$J$5, C20, MATCH_INPUT!$K$2:$K$5, "<>"&C20, MATCH_INPUT!$K$2:$K$5, "<>Draw", MATCH_INPUT!$K$2:$K$5, "<>"""), 0) -> 2 | J20: 1 | M20: =RANK(D20, D$3:D$38, 0) -> 26 | N20: =IF(M20<1, "↑", IF(M20>1, "↓", "=")) -> ↓ | P20: =SUM(Q20:R20)+D20+W20 -> 2 | Q20: =COUNTA(O20)*2 -> 0 | R20: =(S20*2)+(T20*1) -> 0 | S20: =IF(O20<>"", COUNTIFS(MATCH_INPUT!$K$6:$K$9,O20), 0) -> 0 | T20: =IF(O20<>"", COUNTIFS(MATCH_INPUT!$F$6:$F$9, O20, MATCH_INPUT!$K$6:$K$9, "Draw") + COUNTIFS(MATCH_INPUT!$J$6:$J$9, O20, MATCH_INPUT!$K$6:$K$9, "Draw"), 0) -> 0 | U20: =IF(O20<>"", COUNTIFS(MATCH_INPUT!$F$6:$F$9, O20, MATCH_INPUT!$K$6:$K$9, "<>"&O20, MATCH_INPUT!$K$6:$K$9, "<>Draw", MATCH_INPUT!$K$6:$K$9, "<>""") + COUNTIFS(MATCH_INPUT!$J$6:$J$9, O20, MATCH_INPUT!$K$6:$K$9, "<>"&O20, MATCH_INPUT!$K$6:$K$9, "<>Draw", MATCH_INPUT!$K$6:$K$9, "<>"""), 0) -> 0 | Y20: =RANK(P20, P$3:P$38, 0) -> 35 | Z20: =IF(Y20<M20, "↑", IF(Y20>M20, "↓", "=")) -> ↓ | AA20: GREEN | AB20: =SUM(AC20:AD20)+P20+AI20 -> 6 | AC20: =COUNTA(AA20)*2 -> 2 | AD20: =SUM(AE20*2)+(AF20*1) -> 2 | AE20: =IF(AA20<>"", COUNTIFS(MATCH_INPUT!$K$10:$K$13,AA20), 0) -> 0 | AF20: =IF(AA20<>"", COUNTIFS(MATCH_INPUT!$F$10:$F$13, AA20, MATCH_INPUT!$K$10:$K$13, "Draw") + COUNTIFS(MATCH_INPUT!$J$10:$J$13, AA20, MATCH_INPUT!$K$10:$K$13, "Draw"), 0) -> 2 | AG20: =IF(AA20<>"", COUNTIFS(MATCH_INPUT!$F$10:$F$13, AA20, MATCH_INPUT!$K$10:$K$13, "<>"&AA20, MATCH_INPUT!$K$10:$K$13, "<>Draw", MATCH_INPUT!$K$10:$K$13, "<>""") + COUNTIFS(MATCH_INPUT!$J$10:$J$13, AA20, MATCH_INPUT!$K$10:$K$13, "<>"&AA20, MATCH_INPUT!$K$10:$K$13, "<>Draw", MATCH_INPUT!$K$10:$K$13, "<>"""), 0) -> 0 | AK20: =RANK(AB20, AB$3:AB$38, 0) -> 33 | AL20: =IF(AK20<Y20, "↑", IF(AK20>Y20, "↓", "=")) -> ↑ | AM20: ORANGE | AN20: =SUM(AO20:AP20)+AB20+AU20 -> 10 | AO20: =COUNTA(AM20)*2 -> 2 | AP20: =SUM(AQ20*2)+(AR20*1) -> 2 | AQ20: =IF(AM20<>"", COUNTIFS(MATCH_INPUT!$K$14:$K$17,AM20), 0) -> 0 | AR20: =IF(AM20<>"", COUNTIFS(MATCH_INPUT!$F$14:$F$17, AM20, MATCH_INPUT!$K$14:$K$17, "Draw") + COUNTIFS(MATCH_INPUT!$J$14:$J$17, AM20, MATCH_INPUT!$K$14:$K$17, "Draw"), 0) -> 2 | AS20: =IF(AM20<>"", COUNTIFS(MATCH_INPUT!$F$14:$F$17, AM20, MATCH_INPUT!$K$14:$K$17, "<>"&AM20, MATCH_INPUT!$K$14:$K$17, "<>Draw", MATCH_INPUT!$K$14:$K$17, "<>""") + COUNTIFS(MATCH_INPUT!$J$14:$J$17, AM20, MATCH_INPUT!$K$14:$K$17, "<>"&AM20, MATCH_INPUT!$K$14:$K$17, "<>Draw", MATCH_INPUT!$K$14:$K$17, "<>"""), 0) -> 0 | AW20: =RANK(AN20, AN$3:AN$38, 0) -> 33 | AX20: =IF(AW20<AK20, "↑", IF(AW20>AK20, "↓", "=")) -> = | AY20: BLUE | AZ20: =SUM(BA20:BB20)+BG20+AN20 -> 17 | BA20: =COUNTA(AY20)*2 -> 2 | BB20: =SUM(BC20*2) + (BD20*1) + SUMIFS(MATCH_INPUT!$G$18:$G$21, MATCH_INPUT!$F$18:$F$21, AY20) + SUMIFS(MATCH_INPUT!$I$18:$I$21, MATCH_INPUT!$J$18:$J$21, AY20) -> 5 | BC20: =IF(AY20<>"", COUNTIFS(MATCH_INPUT!$K$18:$K$21,AY20), 0) -> 0 | BD20: =IF(AY20<>"", COUNTIFS(MATCH_INPUT!$F$18:$F$21, AY20, MATCH_INPUT!$K$18:$K$21, "Draw") + COUNTIFS(MATCH_INPUT!$J$18:$J$21, AY20, MATCH_INPUT!$K$18:$K$21, "Draw"), 0) -> 1 | BE20: =IF(AY20<>"", COUNTIFS(MATCH_INPUT!$F$18:$F$21, AY20, MATCH_INPUT!$K$18:$K$21, "<>"&AY20, MATCH_INPUT!$K$18:$K$21, "<>Draw", MATCH_INPUT!$K$18:$K$21, "<>""") + COUNTIFS(MATCH_INPUT!$J$18:$J$21, AY20, MATCH_INPUT!$K$18:$K$21, "<>"&AY20, MATCH_INPUT!$K$18:$K$21, "<>Draw", MATCH_INPUT!$K$18:$K$21, "<>"""), 0) -> 1 | BI20: =RANK(AZ20, AZ$3:AZ$38, 0) -> 30 | BJ20: =IF(BI20<AW20, "↑", IF(BI20>AW20, "↓", "=")) -> ↑ | BK20: BLUE | BL20: =SUM(BM20:BN20)+BS20+AZ20 -> 25 | BM20: =COUNTA(BK20)*2 -> 2 | BN20: =SUM(BO20*2) + (BP20*1) + SUMIFS(MATCH_INPUT!$G$22:$G$25, MATCH_INPUT!$F$22:$F$25, BK20) + SUMIFS(MATCH_INPUT!$I$22:$I$25, MATCH_INPUT!$J$22:$J$25, BK20) -> 6 | BO20: =IF(BK20<>"", COUNTIFS(MATCH_INPUT!$K$22:$K$25,BK20), 0) -> 1 | BP20: =IF(BK20<>"", COUNTIFS(MATCH_INPUT!$F$22:$F$25, BK20, MATCH_INPUT!$K$22:$K$25, "Draw") + COUNTIFS(MATCH_INPUT!$J$22:$J$25, BK20, MATCH_INPUT!$K$22:$K$25, "Draw"), 0) -> 1 | BQ20: =IF(BK20<>"", COUNTIFS(MATCH_INPUT!$F$22:$F$25, BK20, MATCH_INPUT!$K$22:$K$25, "<>"&BK20, MATCH_INPUT!$K$22:$K$25, "<>Draw", MATCH_INPUT!$K$22:$K$25, "<>""") + COUNTIFS(MATCH_INPUT!$J$22:$J$25, BK20, MATCH_INPUT!$K$22:$K$25, "<>"&BK20, MATCH_INPUT!$K$22:$K$25, "<>Draw", MATCH_INPUT!$K$22:$K$25, "<>"""), 0) -> 0 | BU20: =RANK(BL20, BL$3:BL$38, 0) -> 26 | BV20: =IF(BU20<BI20, "↑", IF(BU20>BI20, "↓", "=")) -> ↑ | BW20: ORANGE | BX20: =SUM(BY20:BZ20)+CE20+BL20 -> 34 | BY20: =COUNTA(BW20)*2 -> 2 | BZ20: =SUM(CA20*2)+(CB20*1) + SUMIFS(MATCH_INPUT!$G$26:$G$29, MATCH_INPUT!$F$26:$F$29, BW20) + SUMIFS(MATCH_INPUT!$I$26:$I$29, MATCH_INPUT!$J$26:$J$29, BW20) -> 7 | CA20: =IF(BW20<>"", COUNTIFS(MATCH_INPUT!$K$26:$K$29,BW20), 0) -> 1 | CB20: =IF(BW20<>"", COUNTIFS(MATCH_INPUT!$F$26:$F$29, BW20, MATCH_INPUT!$K$26:$K$29, "Draw") + COUNTIFS(MATCH_INPUT!$J$26:$J$29, BW20, MATCH_INPUT!$K$26:$K$29, "Draw"), 0) -> 1 | CC20: =IF(BW20<>"", COUNTIFS(MATCH_INPUT!$F$26:$F$29, BW20, MATCH_INPUT!$K$26:$K$29, "<>"&BW20, MATCH_INPUT!$K$26:$K$29, "<>Draw", MATCH_INPUT!$K$26:$K$29, "<>""") + COUNTIFS(MATCH_INPUT!$J$26:$J$29, BW20, MATCH_INPUT!$K$26:$K$29, "<>"&BW20, MATCH_INPUT!$K$26:$K$29, "<>Draw", MATCH_INPUT!$K$26:$K$29, "<>"""), 0) -> 0 | CG20: =RANK(BX20, BX$3:BX$38, 0) -> 16 | CH20: =IF(CG20<BU20, "↑", IF(CG20>BU20, "↓", "=")) -> ↑ | CI20: MAGENTA | CJ20: =SUM(CK20:CL20)+CQ20+BX20 -> 38 | CK20: =COUNTA(CI20)*2 -> 2 | CL20: =SUM(CM20*2)+(CN20*1) + SUMIFS(MATCH_INPUT!$G$30:$G$33, MATCH_INPUT!$F$30:$F$33, CI20) + SUMIFS(MATCH_INPUT!$I$30:$I$33, MATCH_INPUT!$J$30:$J$33, CI20) -> 2 | CM20: =IF(CI20<>"", COUNTIFS(MATCH_INPUT!$K$30:$K$33,CI20), 0) -> 0 | CN20: =IF(CI20<>"", COUNTIFS(MATCH_INPUT!$F$30:$F$33, CI20, MATCH_INPUT!$K$30:$K$33, "Draw") + COUNTIFS(MATCH_INPUT!$J$30:$J$33, CI20, MATCH_INPUT!$K$30:$K$33, "Draw"), 0) -> 1 | CO20: =IF(CI20<>"", COUNTIFS(MATCH_INPUT!$F$30:$F$33, CI20, MATCH_INPUT!$K$30:$K$33, "<>"&CI20, MATCH_INPUT!$K$30:$K$33, "<>Draw", MATCH_INPUT!$K$30:$K$33, "<>""") + COUNTIFS(MATCH_INPUT!$J$30:$J$33, CI20, MATCH_INPUT!$K$30:$K$33, "<>"&CI20, MATCH_INPUT!$K$30:$K$33, "<>Draw", MATCH_INPUT!$K$30:$K$33, "<>"""), 0) -> 1 | CP20: 1 | CS20: =RANK(CJ20, CJ$3:CJ$38, 0) -> 16 | CT20: =IF(CS20<CG20, "↑", IF(CS20>CG20, "↓", "=")) -> = | CU20: =SUM(F20,R20,AD20,AP20,BB20,BN20,BZ20,CL20) -> 24 | CV20: =A20 -> 🍀 | CW20: =B20 -> Christian | CX20: =SUM(CU20,CY20,DD20) -> 38 | CY20: =SUM( IF(AND('MATCH DATES'!$A$2 <= TODAY(), NOW() >= 'MATCH DATES'!$A$2 + TIME(22, 0, 0)), E20, 0), IF(AND('MATCH DATES'!$A$3 <= TODAY(), NOW() >= 'MATCH DATES'!$A$3 + TIME(22, 0, 0)), Q20, 0), IF(AND('MATCH DATES'!$A$4 <= TODAY(), NOW() >= 'MATCH DATES'!$A$4 + TIME(22, 0, 0)), AC20, 0), IF(AND('MATCH DATES'!$A$5 <= TODAY(), NOW() >= 'MATCH DATES'!$A$5 + TIME(22, 0, 0)), AO20, 0), IF(AND('MATCH DATES'!$A$6 <= TODAY(), NOW() >= 'MATCH DATES'!$A$6 + TIME(22, 0, 0)), BA20, 0), IF(AND('MATCH DATES'!$A$7 <= TODAY(), NOW() >= 'MATCH DATES'!$A$7 + TIME(22, 0, 0)), BM20, 0), IF(AND('MATCH DATES'!$A$8 <= TODAY(), NOW() >= 'MATCH DATES'!$A$8 + TIME(22, 0, 0)), BY20, 0), IF(AND('MATCH DATES'!$A$9 <= TODAY(), NOW() >= 'MATCH DATES'!$A$9 + TIME(22, 0, 0)), CK20, 0) ) -> 14 | CZ20: =SUM(G20,S20,AE20,AQ20,BC20,BO20,CA20,CM20) -> 2 | DA20: =SUM(H20,T20,AF20,AR20,BD20,BP20,CB20,CN20) -> 8 | DB20: =SUM( IF(AND('MATCH DATES'!$A$2 <= TODAY(), NOW() >= 'MATCH DATES'!$A$2 + TIME(22, 0, 0)), I20, 0), IF(AND('MATCH DATES'!$A$3 <= TODAY(), NOW() >= 'MATCH DATES'!$A$3 + TIME(22, 0, 0)), U20, 0), IF(AND('MATCH DATES'!$A$4 <= TODAY(), NOW() >= 'MATCH DATES'!$A$4 + TIME(22, 0, 0)), AG20, 0), IF(AND('MATCH DATES'!$A$5 <= TODAY(), NOW() >= 'MATCH DATES'!$A$5 + TIME(22, 0, 0)), AS20, 0), IF(AND('MATCH DATES'!$A$6 <= TODAY(), NOW() >= 'MATCH DATES'!$A$6 + TIME(22, 0, 0)), BE20, 0), IF(AND('MATCH DATES'!$A$7 <= TODAY(), NOW() >= 'MATCH DATES'!$A$7 + TIME(22, 0, 0)), BQ20, 0), IF(AND('MATCH DATES'!$A$8 <= TODAY(), NOW() >= 'MATCH DATES'!$A$8 + TIME(22, 0, 0)), CC20, 0), IF(AND('MATCH DATES'!$A$9 <= TODAY(), NOW() >= 'MATCH DATES'!$A$9 + TIME(22, 0, 0)), CO20, 0) ) -> 4 | DD20: =SUM(K20,W20,AI20,AU20,BG20,BS20,CE20,CQ20) -> 0 | DF20: =SUM(L20,X20,AJ20,AV20,BH20,BT20,CF20,CR20) -> 0
A21: 🍀 | B21: Guille 👨🏻‍🤝‍👨🏾 Mike | C21: ORANGE | D21: =SUM(E21:F21)+K21 -> 4 | E21: =COUNTA(C21)*2 -> 2 | F21: =(G21*2)+(H21*1) -> 2 | G21: =IF(C21<>"", COUNTIFS(MATCH_INPUT!$K$2:$K$5,C21), 0) -> 1 | H21: =IF(C21<>"", COUNTIFS(MATCH_INPUT!$F$2:$F$5, C21, MATCH_INPUT!$K$2:$K$5, "Draw") + COUNTIFS(MATCH_INPUT!$J$2:$J$5, C21, MATCH_INPUT!$K$2:$K$5, "Draw"), 0) -> 0 | I21: =IF(C21<>"", COUNTIFS(MATCH_INPUT!$F$2:$F$5, C21, MATCH_INPUT!$K$2:$K$5, "<>"&C21, MATCH_INPUT!$K$2:$K$5, "<>Draw", MATCH_INPUT!$K$2:$K$5, "<>""") + COUNTIFS(MATCH_INPUT!$J$2:$J$5, C21, MATCH_INPUT!$K$2:$K$5, "<>"&C21, MATCH_INPUT!$K$2:$K$5, "<>Draw", MATCH_INPUT!$K$2:$K$5, "<>"""), 0) -> 1 | J21: 1 | M21: =RANK(D21, D$3:D$38, 0) -> 11 | N21: =IF(M21<1, "↑", IF(M21>1, "↓", "=")) -> ↓ | O21: GREEN | P21: =SUM(Q21:R21)+D21+W21 -> 10 | Q21: =COUNTA(O21)*2 -> 2 | R21: =(S21*2)+(T21*1) -> 4 | S21: =IF(O21<>"", COUNTIFS(MATCH_INPUT!$K$6:$K$9,O21), 0) -> 2 | T21: =IF(O21<>"", COUNTIFS(MATCH_INPUT!$F$6:$F$9, O21, MATCH_INPUT!$K$6:$K$9, "Draw") + COUNTIFS(MATCH_INPUT!$J$6:$J$9, O21, MATCH_INPUT!$K$6:$K$9, "Draw"), 0) -> 0 | U21: =IF(O21<>"", COUNTIFS(MATCH_INPUT!$F$6:$F$9, O21, MATCH_INPUT!$K$6:$K$9, "<>"&O21, MATCH_INPUT!$K$6:$K$9, "<>Draw", MATCH_INPUT!$K$6:$K$9, "<>""") + COUNTIFS(MATCH_INPUT!$J$6:$J$9, O21, MATCH_INPUT!$K$6:$K$9, "<>"&O21, MATCH_INPUT!$K$6:$K$9, "<>Draw", MATCH_INPUT!$K$6:$K$9, "<>"""), 0) -> 0 | Y21: =RANK(P21, P$3:P$38, 0) -> 7 | Z21: =IF(Y21<M21, "↑", IF(Y21>M21, "↓", "=")) -> ↑ | AA21: ORANGE | AB21: =SUM(AC21:AD21)+P21+AI21 -> 15 | AC21: =COUNTA(AA21)*2 -> 2 | AD21: =SUM(AE21*2)+(AF21*1) -> 3 | AE21: =IF(AA21<>"", COUNTIFS(MATCH_INPUT!$K$10:$K$13,AA21), 0) -> 1 | AF21: =IF(AA21<>"", COUNTIFS(MATCH_INPUT!$F$10:$F$13, AA21, MATCH_INPUT!$K$10:$K$13, "Draw") + COUNTIFS(MATCH_INPUT!$J$10:$J$13, AA21, MATCH_INPUT!$K$10:$K$13, "Draw"), 0) -> 1 | AG21: =IF(AA21<>"", COUNTIFS(MATCH_INPUT!$F$10:$F$13, AA21, MATCH_INPUT!$K$10:$K$13, "<>"&AA21, MATCH_INPUT!$K$10:$K$13, "<>Draw", MATCH_INPUT!$K$10:$K$13, "<>""") + COUNTIFS(MATCH_INPUT!$J$10:$J$13, AA21, MATCH_INPUT!$K$10:$K$13, "<>"&AA21, MATCH_INPUT!$K$10:$K$13, "<>Draw", MATCH_INPUT!$K$10:$K$13, "<>"""), 0) -> 0 | AK21: =RANK(AB21, AB$3:AB$38, 0) -> 3 | AL21: =IF(AK21<Y21, "↑", IF(AK21>Y21, "↓", "=")) -> ↑ | AM21: GREEN | AN21: =SUM(AO21:AP21)+AB21+AU21 -> 18 | AO21: =COUNTA(AM21)*2 -> 2 | AP21: =SUM(AQ21*2)+(AR21*1) -> 1 | AQ21: =IF(AM21<>"", COUNTIFS(MATCH_INPUT!$K$14:$K$17,AM21), 0) -> 0 | AR21: =IF(AM21<>"", COUNTIFS(MATCH_INPUT!$F$14:$F$17, AM21, MATCH_INPUT!$K$14:$K$17, "Draw") + COUNTIFS(MATCH_INPUT!$J$14:$J$17, AM21, MATCH_INPUT!$K$14:$K$17, "Draw"), 0) -> 1 | AS21: =IF(AM21<>"", COUNTIFS(MATCH_INPUT!$F$14:$F$17, AM21, MATCH_INPUT!$K$14:$K$17, "<>"&AM21, MATCH_INPUT!$K$14:$K$17, "<>Draw", MATCH_INPUT!$K$14:$K$17, "<>""") + COUNTIFS(MATCH_INPUT!$J$14:$J$17, AM21, MATCH_INPUT!$K$14:$K$17, "<>"&AM21, MATCH_INPUT!$K$14:$K$17, "<>Draw", MATCH_INPUT!$K$14:$K$17, "<>"""), 0) -> 1 | AT21: 1 | AW21: =RANK(AN21, AN$3:AN$38, 0) -> 4 | AX21: =IF(AW21<AK21, "↑", IF(AW21>AK21, "↓", "=")) -> ↓ | AY21: GREEN | AZ21: =SUM(BA21:BB21)+BG21+AN21 -> 25 | BA21: =COUNTA(AY21)*2 -> 2 | BB21: =SUM(BC21*2) + (BD21*1) + SUMIFS(MATCH_INPUT!$G$18:$G$21, MATCH_INPUT!$F$18:$F$21, AY21) + SUMIFS(MATCH_INPUT!$I$18:$I$21, MATCH_INPUT!$J$18:$J$21, AY21) -> 5 | BC21: =IF(AY21<>"", COUNTIFS(MATCH_INPUT!$K$18:$K$21,AY21), 0) -> 1 | BD21: =IF(AY21<>"", COUNTIFS(MATCH_INPUT!$F$18:$F$21, AY21, MATCH_INPUT!$K$18:$K$21, "Draw") + COUNTIFS(MATCH_INPUT!$J$18:$J$21, AY21, MATCH_INPUT!$K$18:$K$21, "Draw"), 0) -> 0 | BE21: =IF(AY21<>"", COUNTIFS(MATCH_INPUT!$F$18:$F$21, AY21, MATCH_INPUT!$K$18:$K$21, "<>"&AY21, MATCH_INPUT!$K$18:$K$21, "<>Draw", MATCH_INPUT!$K$18:$K$21, "<>""") + COUNTIFS(MATCH_INPUT!$J$18:$J$21, AY21, MATCH_INPUT!$K$18:$K$21, "<>"&AY21, MATCH_INPUT!$K$18:$K$21, "<>Draw", MATCH_INPUT!$K$18:$K$21, "<>"""), 0) -> 1 | BI21: =RANK(AZ21, AZ$3:AZ$38, 0) -> 8 | BJ21: =IF(BI21<AW21, "↑", IF(BI21>AW21, "↓", "=")) -> ↓ | BK21: ORANGE | BL21: =SUM(BM21:BN21)+BS21+AZ21 -> 27 | BM21: =COUNTA(BK21)*2 -> 2 | BN21: =SUM(BO21*2) + (BP21*1) + SUMIFS(MATCH_INPUT!$G$22:$G$25, MATCH_INPUT!$F$22:$F$25, BK21) + SUMIFS(MATCH_INPUT!$I$22:$I$25, MATCH_INPUT!$J$22:$J$25, BK21) -> 0 | BO21: =IF(BK21<>"", COUNTIFS(MATCH_INPUT!$K$22:$K$25,BK21), 0) -> 0 | BP21: =IF(BK21<>"", COUNTIFS(MATCH_INPUT!$F$22:$F$25, BK21, MATCH_INPUT!$K$22:$K$25, "Draw") + COUNTIFS(MATCH_INPUT!$J$22:$J$25, BK21, MATCH_INPUT!$K$22:$K$25, "Draw"), 0) -> 0 | BQ21: =IF(BK21<>"", COUNTIFS(MATCH_INPUT!$F$22:$F$25, BK21, MATCH_INPUT!$K$22:$K$25, "<>"&BK21, MATCH_INPUT!$K$22:$K$25, "<>Draw", MATCH_INPUT!$K$22:$K$25, "<>""") + COUNTIFS(MATCH_INPUT!$J$22:$J$25, BK21, MATCH_INPUT!$K$22:$K$25, "<>"&BK21, MATCH_INPUT!$K$22:$K$25, "<>Draw", MATCH_INPUT!$K$22:$K$25, "<>"""), 0) -> 2 | BU21: =RANK(BL21, BL$3:BL$38, 0) -> 19 | BV21: =IF(BU21<BI21, "↑", IF(BU21>BI21, "↓", "=")) -> ↓ | BX21: =SUM(BY21:BZ21)+CE21+BL21 -> 27 | BY21: =COUNTA(BW21)*2 -> 0 | BZ21: =SUM(CA21*2)+(CB21*1) + SUMIFS(MATCH_INPUT!$G$26:$G$29, MATCH_INPUT!$F$26:$F$29, BW21) + SUMIFS(MATCH_INPUT!$I$26:$I$29, MATCH_INPUT!$J$26:$J$29, BW21) -> 0 | CA21: =IF(BW21<>"", COUNTIFS(MATCH_INPUT!$K$26:$K$29,BW21), 0) -> 0 | CB21: =IF(BW21<>"", COUNTIFS(MATCH_INPUT!$F$26:$F$29, BW21, MATCH_INPUT!$K$26:$K$29, "Draw") + COUNTIFS(MATCH_INPUT!$J$26:$J$29, BW21, MATCH_INPUT!$K$26:$K$29, "Draw"), 0) -> 0 | CC21: =IF(BW21<>"", COUNTIFS(MATCH_INPUT!$F$26:$F$29, BW21, MATCH_INPUT!$K$26:$K$29, "<>"&BW21, MATCH_INPUT!$K$26:$K$29, "<>Draw", MATCH_INPUT!$K$26:$K$29, "<>""") + COUNTIFS(MATCH_INPUT!$J$26:$J$29, BW21, MATCH_INPUT!$K$26:$K$29, "<>"&BW21, MATCH_INPUT!$K$26:$K$29, "<>Draw", MATCH_INPUT!$K$26:$K$29, "<>"""), 0) -> 0 | CG21: =RANK(BX21, BX$3:BX$38, 0) -> 28 | CH21: =IF(CG21<BU21, "↑", IF(CG21>BU21, "↓", "=")) -> ↓ | CI21: ORANGE | CJ21: =SUM(CK21:CL21)+CQ21+BX21 -> 37 | CK21: =COUNTA(CI21)*2 -> 2 | CL21: =SUM(CM21*2)+(CN21*1) + SUMIFS(MATCH_INPUT!$G$30:$G$33, MATCH_INPUT!$F$30:$F$33, CI21) + SUMIFS(MATCH_INPUT!$I$30:$I$33, MATCH_INPUT!$J$30:$J$33, CI21) -> 7 | CM21: =IF(CI21<>"", COUNTIFS(MATCH_INPUT!$K$30:$K$33,CI21), 0) -> 2 | CN21: =IF(CI21<>"", COUNTIFS(MATCH_INPUT!$F$30:$F$33, CI21, MATCH_INPUT!$K$30:$K$33, "Draw") + COUNTIFS(MATCH_INPUT!$J$30:$J$33, CI21, MATCH_INPUT!$K$30:$K$33, "Draw"), 0) -> 0 | CO21: =IF(CI21<>"", COUNTIFS(MATCH_INPUT!$F$30:$F$33, CI21, MATCH_INPUT!$K$30:$K$33, "<>"&CI21, MATCH_INPUT!$K$30:$K$33, "<>Draw", MATCH_INPUT!$K$30:$K$33, "<>""") + COUNTIFS(MATCH_INPUT!$J$30:$J$33, CI21, MATCH_INPUT!$K$30:$K$33, "<>"&CI21, MATCH_INPUT!$K$30:$K$33, "<>Draw", MATCH_INPUT!$K$30:$K$33, "<>"""), 0) -> 0 | CQ21: 1 | CR21: 2 | CS21: =RANK(CJ21, CJ$3:CJ$38, 0) -> 19 | CT21: =IF(CS21<CG21, "↑", IF(CS21>CG21, "↓", "=")) -> ↑ | CU21: =SUM(F21,R21,AD21,AP21,BB21,BN21,BZ21,CL21) -> 22 | CV21: =A21 -> 🍀 | CW21: =B21 -> Guille 👨🏻‍🤝‍👨🏾 Mike | CX21: =SUM(CU21,CY21,DD21) -> 37 | CY21: =SUM( IF(AND('MATCH DATES'!$A$2 <= TODAY(), NOW() >= 'MATCH DATES'!$A$2 + TIME(22, 0, 0)), E21, 0), IF(AND('MATCH DATES'!$A$3 <= TODAY(), NOW() >= 'MATCH DATES'!$A$3 + TIME(22, 0, 0)), Q21, 0), IF(AND('MATCH DATES'!$A$4 <= TODAY(), NOW() >= 'MATCH DATES'!$A$4 + TIME(22, 0, 0)), AC21, 0), IF(AND('MATCH DATES'!$A$5 <= TODAY(), NOW() >= 'MATCH DATES'!$A$5 + TIME(22, 0, 0)), AO21, 0), IF(AND('MATCH DATES'!$A$6 <= TODAY(), NOW() >= 'MATCH DATES'!$A$6 + TIME(22, 0, 0)), BA21, 0), IF(AND('MATCH DATES'!$A$7 <= TODAY(), NOW() >= 'MATCH DATES'!$A$7 + TIME(22, 0, 0)), BM21, 0), IF(AND('MATCH DATES'!$A$8 <= TODAY(), NOW() >= 'MATCH DATES'!$A$8 + TIME(22, 0, 0)), BY21, 0), IF(AND('MATCH DATES'!$A$9 <= TODAY(), NOW() >= 'MATCH DATES'!$A$9 + TIME(22, 0, 0)), CK21, 0) ) -> 14 | CZ21: =SUM(G21,S21,AE21,AQ21,BC21,BO21,CA21,CM21) -> 7 | DA21: =SUM(H21,T21,AF21,AR21,BD21,BP21,CB21,CN21) -> 2 | DB21: =SUM( IF(AND('MATCH DATES'!$A$2 <= TODAY(), NOW() >= 'MATCH DATES'!$A$2 + TIME(22, 0, 0)), I21, 0), IF(AND('MATCH DATES'!$A$3 <= TODAY(), NOW() >= 'MATCH DATES'!$A$3 + TIME(22, 0, 0)), U21, 0), IF(AND('MATCH DATES'!$A$4 <= TODAY(), NOW() >= 'MATCH DATES'!$A$4 + TIME(22, 0, 0)), AG21, 0), IF(AND('MATCH DATES'!$A$5 <= TODAY(), NOW() >= 'MATCH DATES'!$A$5 + TIME(22, 0, 0)), AS21, 0), IF(AND('MATCH DATES'!$A$6 <= TODAY(), NOW() >= 'MATCH DATES'!$A$6 + TIME(22, 0, 0)), BE21, 0), IF(AND('MATCH DATES'!$A$7 <= TODAY(), NOW() >= 'MATCH DATES'!$A$7 + TIME(22, 0, 0)), BQ21, 0), IF(AND('MATCH DATES'!$A$8 <= TODAY(), NOW() >= 'MATCH DATES'!$A$8 + TIME(22, 0, 0)), CC21, 0), IF(AND('MATCH DATES'!$A$9 <= TODAY(), NOW() >= 'MATCH DATES'!$A$9 + TIME(22, 0, 0)), CO21, 0) ) -> 5 | DD21: =SUM(K21,W21,AI21,AU21,BG21,BS21,CE21,CQ21) -> 1 | DF21: =SUM(L21,X21,AJ21,AV21,BH21,BT21,CF21,CR21) -> 2
A22: 🍀 | B22: Nicky | C22: ORANGE | D22: =SUM(E22:F22)+K22 -> 4 | E22: =COUNTA(C22)*2 -> 2 | F22: =(G22*2)+(H22*1) -> 2 | G22: =IF(C22<>"", COUNTIFS(MATCH_INPUT!$K$2:$K$5,C22), 0) -> 1 | H22: =IF(C22<>"", COUNTIFS(MATCH_INPUT!$F$2:$F$5, C22, MATCH_INPUT!$K$2:$K$5, "Draw") + COUNTIFS(MATCH_INPUT!$J$2:$J$5, C22, MATCH_INPUT!$K$2:$K$5, "Draw"), 0) -> 0 | I22: =IF(C22<>"", COUNTIFS(MATCH_INPUT!$F$2:$F$5, C22, MATCH_INPUT!$K$2:$K$5, "<>"&C22, MATCH_INPUT!$K$2:$K$5, "<>Draw", MATCH_INPUT!$K$2:$K$5, "<>""") + COUNTIFS(MATCH_INPUT!$J$2:$J$5, C22, MATCH_INPUT!$K$2:$K$5, "<>"&C22, MATCH_INPUT!$K$2:$K$5, "<>Draw", MATCH_INPUT!$K$2:$K$5, "<>"""), 0) -> 1 | M22: =RANK(D22, D$3:D$38, 0) -> 11 | N22: =IF(M22<1, "↑", IF(M22>1, "↓", "=")) -> ↓ | O22: BLUE | P22: =SUM(Q22:R22)+D22+W22 -> 9 | Q22: =COUNTA(O22)*2 -> 2 | R22: =(S22*2)+(T22*1) -> 3 | S22: =IF(O22<>"", COUNTIFS(MATCH_INPUT!$K$6:$K$9,O22), 0) -> 1 | T22: =IF(O22<>"", COUNTIFS(MATCH_INPUT!$F$6:$F$9, O22, MATCH_INPUT!$K$6:$K$9, "Draw") + COUNTIFS(MATCH_INPUT!$J$6:$J$9, O22, MATCH_INPUT!$K$6:$K$9, "Draw"), 0) -> 1 | U22: =IF(O22<>"", COUNTIFS(MATCH_INPUT!$F$6:$F$9, O22, MATCH_INPUT!$K$6:$K$9, "<>"&O22, MATCH_INPUT!$K$6:$K$9, "<>Draw", MATCH_INPUT!$K$6:$K$9, "<>""") + COUNTIFS(MATCH_INPUT!$J$6:$J$9, O22, MATCH_INPUT!$K$6:$K$9, "<>"&O22, MATCH_INPUT!$K$6:$K$9, "<>Draw", MATCH_INPUT!$K$6:$K$9, "<>"""), 0) -> 0 | V22: 1 | Y22: =RANK(P22, P$3:P$38, 0) -> 10 | Z22: =IF(Y22<M22, "↑", IF(Y22>M22, "↓", "=")) -> ↑ | AA22: GREEN | AB22: =SUM(AC22:AD22)+P22+AI22 -> 13 | AC22: =COUNTA(AA22)*2 -> 2 | AD22: =SUM(AE22*2)+(AF22*1) -> 2 | AE22: =IF(AA22<>"", COUNTIFS(MATCH_INPUT!$K$10:$K$13,AA22), 0) -> 0 | AF22: =IF(AA22<>"", COUNTIFS(MATCH_INPUT!$F$10:$F$13, AA22, MATCH_INPUT!$K$10:$K$13, "Draw") + COUNTIFS(MATCH_INPUT!$J$10:$J$13, AA22, MATCH_INPUT!$K$10:$K$13, "Draw"), 0) -> 2 | AG22: =IF(AA22<>"", COUNTIFS(MATCH_INPUT!$F$10:$F$13, AA22, MATCH_INPUT!$K$10:$K$13, "<>"&AA22, MATCH_INPUT!$K$10:$K$13, "<>Draw", MATCH_INPUT!$K$10:$K$13, "<>""") + COUNTIFS(MATCH_INPUT!$J$10:$J$13, AA22, MATCH_INPUT!$K$10:$K$13, "<>"&AA22, MATCH_INPUT!$K$10:$K$13, "<>Draw", MATCH_INPUT!$K$10:$K$13, "<>"""), 0) -> 0 | AK22: =RANK(AB22, AB$3:AB$38, 0) -> 9 | AL22: =IF(AK22<Y22, "↑", IF(AK22>Y22, "↓", "=")) -> ↑ | AM22: ORANGE | AN22: =SUM(AO22:AP22)+AB22+AU22 -> 17 | AO22: =COUNTA(AM22)*2 -> 2 | AP22: =SUM(AQ22*2)+(AR22*1) -> 2 | AQ22: =IF(AM22<>"", COUNTIFS(MATCH_INPUT!$K$14:$K$17,AM22), 0) -> 0 | AR22: =IF(AM22<>"", COUNTIFS(MATCH_INPUT!$F$14:$F$17, AM22, MATCH_INPUT!$K$14:$K$17, "Draw") + COUNTIFS(MATCH_INPUT!$J$14:$J$17, AM22, MATCH_INPUT!$K$14:$K$17, "Draw"), 0) -> 2 | AS22: =IF(AM22<>"", COUNTIFS(MATCH_INPUT!$F$14:$F$17, AM22, MATCH_INPUT!$K$14:$K$17, "<>"&AM22, MATCH_INPUT!$K$14:$K$17, "<>Draw", MATCH_INPUT!$K$14:$K$17, "<>""") + COUNTIFS(MATCH_INPUT!$J$14:$J$17, AM22, MATCH_INPUT!$K$14:$K$17, "<>"&AM22, MATCH_INPUT!$K$14:$K$17, "<>Draw", MATCH_INPUT!$K$14:$K$17, "<>"""), 0) -> 0 | AW22: =RANK(AN22, AN$3:AN$38, 0) -> 9 | AX22: =IF(AW22<AK22, "↑", IF(AW22>AK22, "↓", "=")) -> = | AY22: GREEN | AZ22: =SUM(BA22:BB22)+BG22+AN22 -> 24 | BA22: =COUNTA(AY22)*2 -> 2 | BB22: =SUM(BC22*2) + (BD22*1) + SUMIFS(MATCH_INPUT!$G$18:$G$21, MATCH_INPUT!$F$18:$F$21, AY22) + SUMIFS(MATCH_INPUT!$I$18:$I$21, MATCH_INPUT!$J$18:$J$21, AY22) -> 5 | BC22: =IF(AY22<>"", COUNTIFS(MATCH_INPUT!$K$18:$K$21,AY22), 0) -> 1 | BD22: =IF(AY22<>"", COUNTIFS(MATCH_INPUT!$F$18:$F$21, AY22, MATCH_INPUT!$K$18:$K$21, "Draw") + COUNTIFS(MATCH_INPUT!$J$18:$J$21, AY22, MATCH_INPUT!$K$18:$K$21, "Draw"), 0) -> 0 | BE22: =IF(AY22<>"", COUNTIFS(MATCH_INPUT!$F$18:$F$21, AY22, MATCH_INPUT!$K$18:$K$21, "<>"&AY22, MATCH_INPUT!$K$18:$K$21, "<>Draw", MATCH_INPUT!$K$18:$K$21, "<>""") + COUNTIFS(MATCH_INPUT!$J$18:$J$21, AY22, MATCH_INPUT!$K$18:$K$21, "<>"&AY22, MATCH_INPUT!$K$18:$K$21, "<>Draw", MATCH_INPUT!$K$18:$K$21, "<>"""), 0) -> 1 | BF22: 1 | BI22: =RANK(AZ22, AZ$3:AZ$38, 0) -> 11 | BJ22: =IF(BI22<AW22, "↑", IF(BI22>AW22, "↓", "=")) -> ↓ | BK22: BLUE | BL22: =SUM(BM22:BN22)+BS22+AZ22 -> 32 | BM22: =COUNTA(BK22)*2 -> 2 | BN22: =SUM(BO22*2) + (BP22*1) + SUMIFS(MATCH_INPUT!$G$22:$G$25, MATCH_INPUT!$F$22:$F$25, BK22) + SUMIFS(MATCH_INPUT!$I$22:$I$25, MATCH_INPUT!$J$22:$J$25, BK22) -> 6 | BO22: =IF(BK22<>"", COUNTIFS(MATCH_INPUT!$K$22:$K$25,BK22), 0) -> 1 | BP22: =IF(BK22<>"", COUNTIFS(MATCH_INPUT!$F$22:$F$25, BK22, MATCH_INPUT!$K$22:$K$25, "Draw") + COUNTIFS(MATCH_INPUT!$J$22:$J$25, BK22, MATCH_INPUT!$K$22:$K$25, "Draw"), 0) -> 1 | BQ22: =IF(BK22<>"", COUNTIFS(MATCH_INPUT!$F$22:$F$25, BK22, MATCH_INPUT!$K$22:$K$25, "<>"&BK22, MATCH_INPUT!$K$22:$K$25, "<>Draw", MATCH_INPUT!$K$22:$K$25, "<>""") + COUNTIFS(MATCH_INPUT!$J$22:$J$25, BK22, MATCH_INPUT!$K$22:$K$25, "<>"&BK22, MATCH_INPUT!$K$22:$K$25, "<>Draw", MATCH_INPUT!$K$22:$K$25, "<>"""), 0) -> 0 | BR22: 2 | BU22: =RANK(BL22, BL$3:BL$38, 0) -> 6 | BV22: =IF(BU22<BI22, "↑", IF(BU22>BI22, "↓", "=")) -> ↑ | BW22: GREEN | BX22: =SUM(BY22:BZ22)+CE22+BL22 -> 37 | BY22: =COUNTA(BW22)*2 -> 2 | BZ22: =SUM(CA22*2)+(CB22*1) + SUMIFS(MATCH_INPUT!$G$26:$G$29, MATCH_INPUT!$F$26:$F$29, BW22) + SUMIFS(MATCH_INPUT!$I$26:$I$29, MATCH_INPUT!$J$26:$J$29, BW22) -> 3 | CA22: =IF(BW22<>"", COUNTIFS(MATCH_INPUT!$K$26:$K$29,BW22), 0) -> 0 | CB22: =IF(BW22<>"", COUNTIFS(MATCH_INPUT!$F$26:$F$29, BW22, MATCH_INPUT!$K$26:$K$29, "Draw") + COUNTIFS(MATCH_INPUT!$J$26:$J$29, BW22, MATCH_INPUT!$K$26:$K$29, "Draw"), 0) -> 2 | CC22: =IF(BW22<>"", COUNTIFS(MATCH_INPUT!$F$26:$F$29, BW22, MATCH_INPUT!$K$26:$K$29, "<>"&BW22, MATCH_INPUT!$K$26:$K$29, "<>Draw", MATCH_INPUT!$K$26:$K$29, "<>""") + COUNTIFS(MATCH_INPUT!$J$26:$J$29, BW22, MATCH_INPUT!$K$26:$K$29, "<>"&BW22, MATCH_INPUT!$K$26:$K$29, "<>Draw", MATCH_INPUT!$K$26:$K$29, "<>"""), 0) -> 0 | CG22: =RANK(BX22, BX$3:BX$38, 0) -> 8 | CH22: =IF(CG22<BU22, "↑", IF(CG22>BU22, "↓", "=")) -> ↓ | CJ22: =SUM(CK22:CL22)+CQ22+BX22 -> 37 | CK22: =COUNTA(CI22)*2 -> 0 | CL22: =SUM(CM22*2)+(CN22*1) + SUMIFS(MATCH_INPUT!$G$30:$G$33, MATCH_INPUT!$F$30:$F$33, CI22) + SUMIFS(MATCH_INPUT!$I$30:$I$33, MATCH_INPUT!$J$30:$J$33, CI22) -> 0 | CM22: =IF(CI22<>"", COUNTIFS(MATCH_INPUT!$K$30:$K$33,CI22), 0) -> 0 | CN22: =IF(CI22<>"", COUNTIFS(MATCH_INPUT!$F$30:$F$33, CI22, MATCH_INPUT!$K$30:$K$33, "Draw") + COUNTIFS(MATCH_INPUT!$J$30:$J$33, CI22, MATCH_INPUT!$K$30:$K$33, "Draw"), 0) -> 0 | CO22: =IF(CI22<>"", COUNTIFS(MATCH_INPUT!$F$30:$F$33, CI22, MATCH_INPUT!$K$30:$K$33, "<>"&CI22, MATCH_INPUT!$K$30:$K$33, "<>Draw", MATCH_INPUT!$K$30:$K$33, "<>""") + COUNTIFS(MATCH_INPUT!$J$30:$J$33, CI22, MATCH_INPUT!$K$30:$K$33, "<>"&CI22, MATCH_INPUT!$K$30:$K$33, "<>Draw", MATCH_INPUT!$K$30:$K$33, "<>"""), 0) -> 0 | CS22: =RANK(CJ22, CJ$3:CJ$38, 0) -> 19 | CT22: =IF(CS22<CG22, "↑", IF(CS22>CG22, "↓", "=")) -> ↓ | CU22: =SUM(F22,R22,AD22,AP22,BB22,BN22,BZ22,CL22) -> 23 | CV22: =A22 -> 🍀 | CW22: =B22 -> Nicky | CX22: =SUM(CU22,CY22,DD22) -> 37 | CY22: =SUM( IF(AND('MATCH DATES'!$A$2 <= TODAY(), NOW() >= 'MATCH DATES'!$A$2 + TIME(22, 0, 0)), E22, 0), IF(AND('MATCH DATES'!$A$3 <= TODAY(), NOW() >= 'MATCH DATES'!$A$3 + TIME(22, 0, 0)), Q22, 0), IF(AND('MATCH DATES'!$A$4 <= TODAY(), NOW() >= 'MATCH DATES'!$A$4 + TIME(22, 0, 0)), AC22, 0), IF(AND('MATCH DATES'!$A$5 <= TODAY(), NOW() >= 'MATCH DATES'!$A$5 + TIME(22, 0, 0)), AO22, 0), IF(AND('MATCH DATES'!$A$6 <= TODAY(), NOW() >= 'MATCH DATES'!$A$6 + TIME(22, 0, 0)), BA22, 0), IF(AND('MATCH DATES'!$A$7 <= TODAY(), NOW() >= 'MATCH DATES'!$A$7 + TIME(22, 0, 0)), BM22, 0), IF(AND('MATCH DATES'!$A$8 <= TODAY(), NOW() >= 'MATCH DATES'!$A$8 + TIME(22, 0, 0)), BY22, 0), IF(AND('MATCH DATES'!$A$9 <= TODAY(), NOW() >= 'MATCH DATES'!$A$9 + TIME(22, 0, 0)), CK22, 0) ) -> 14 | CZ22: =SUM(G22,S22,AE22,AQ22,BC22,BO22,CA22,CM22) -> 4 | DA22: =SUM(H22,T22,AF22,AR22,BD22,BP22,CB22,CN22) -> 8 | DB22: =SUM( IF(AND('MATCH DATES'!$A$2 <= TODAY(), NOW() >= 'MATCH DATES'!$A$2 + TIME(22, 0, 0)), I22, 0), IF(AND('MATCH DATES'!$A$3 <= TODAY(), NOW() >= 'MATCH DATES'!$A$3 + TIME(22, 0, 0)), U22, 0), IF(AND('MATCH DATES'!$A$4 <= TODAY(), NOW() >= 'MATCH DATES'!$A$4 + TIME(22, 0, 0)), AG22, 0), IF(AND('MATCH DATES'!$A$5 <= TODAY(), NOW() >= 'MATCH DATES'!$A$5 + TIME(22, 0, 0)), AS22, 0), IF(AND('MATCH DATES'!$A$6 <= TODAY(), NOW() >= 'MATCH DATES'!$A$6 + TIME(22, 0, 0)), BE22, 0), IF(AND('MATCH DATES'!$A$7 <= TODAY(), NOW() >= 'MATCH DATES'!$A$7 + TIME(22, 0, 0)), BQ22, 0), IF(AND('MATCH DATES'!$A$8 <= TODAY(), NOW() >= 'MATCH DATES'!$A$8 + TIME(22, 0, 0)), CC22, 0), IF(AND('MATCH DATES'!$A$9 <= TODAY(), NOW() >= 'MATCH DATES'!$A$9 + TIME(22, 0, 0)), CO22, 0) ) -> 2 | DD22: =SUM(K22,W22,AI22,AU22,BG22,BS22,CE22,CQ22) -> 0 | DF22: =SUM(L22,X22,AJ22,AV22,BH22,BT22,CF22,CR22) -> 0
A23: 🍀 | B23: Jordan | C23: MAGENTA | D23: =SUM(E23:F23)+K23 -> 4 | E23: =COUNTA(C23)*2 -> 2 | F23: =(G23*2)+(H23*1) -> 2 | G23: =IF(C23<>"", COUNTIFS(MATCH_INPUT!$K$2:$K$5,C23), 0) -> 1 | H23: =IF(C23<>"", COUNTIFS(MATCH_INPUT!$F$2:$F$5, C23, MATCH_INPUT!$K$2:$K$5, "Draw") + COUNTIFS(MATCH_INPUT!$J$2:$J$5, C23, MATCH_INPUT!$K$2:$K$5, "Draw"), 0) -> 0 | I23: =IF(C23<>"", COUNTIFS(MATCH_INPUT!$F$2:$F$5, C23, MATCH_INPUT!$K$2:$K$5, "<>"&C23, MATCH_INPUT!$K$2:$K$5, "<>Draw", MATCH_INPUT!$K$2:$K$5, "<>""") + COUNTIFS(MATCH_INPUT!$J$2:$J$5, C23, MATCH_INPUT!$K$2:$K$5, "<>"&C23, MATCH_INPUT!$K$2:$K$5, "<>Draw", MATCH_INPUT!$K$2:$K$5, "<>"""), 0) -> 1 | M23: =RANK(D23, D$3:D$38, 0) -> 11 | N23: =IF(M23<1, "↑", IF(M23>1, "↓", "=")) -> ↓ | O23: ORANGE | P23: =SUM(Q23:R23)+D23+W23 -> 6 | Q23: =COUNTA(O23)*2 -> 2 | R23: =(S23*2)+(T23*1) -> 0 | S23: =IF(O23<>"", COUNTIFS(MATCH_INPUT!$K$6:$K$9,O23), 0) -> 0 | T23: =IF(O23<>"", COUNTIFS(MATCH_INPUT!$F$6:$F$9, O23, MATCH_INPUT!$K$6:$K$9, "Draw") + COUNTIFS(MATCH_INPUT!$J$6:$J$9, O23, MATCH_INPUT!$K$6:$K$9, "Draw"), 0) -> 0 | U23: =IF(O23<>"", COUNTIFS(MATCH_INPUT!$F$6:$F$9, O23, MATCH_INPUT!$K$6:$K$9, "<>"&O23, MATCH_INPUT!$K$6:$K$9, "<>Draw", MATCH_INPUT!$K$6:$K$9, "<>""") + COUNTIFS(MATCH_INPUT!$J$6:$J$9, O23, MATCH_INPUT!$K$6:$K$9, "<>"&O23, MATCH_INPUT!$K$6:$K$9, "<>Draw", MATCH_INPUT!$K$6:$K$9, "<>"""), 0) -> 2 | Y23: =RANK(P23, P$3:P$38, 0) -> 25 | Z23: =IF(Y23<M23, "↑", IF(Y23>M23, "↓", "=")) -> ↓ | AA23: GREEN | AB23: =SUM(AC23:AD23)+P23+AI23 -> 10 | AC23: =COUNTA(AA23)*2 -> 2 | AD23: =SUM(AE23*2)+(AF23*1) -> 2 | AE23: =IF(AA23<>"", COUNTIFS(MATCH_INPUT!$K$10:$K$13,AA23), 0) -> 0 | AF23: =IF(AA23<>"", COUNTIFS(MATCH_INPUT!$F$10:$F$13, AA23, MATCH_INPUT!$K$10:$K$13, "Draw") + COUNTIFS(MATCH_INPUT!$J$10:$J$13, AA23, MATCH_INPUT!$K$10:$K$13, "Draw"), 0) -> 2 | AG23: =IF(AA23<>"", COUNTIFS(MATCH_INPUT!$F$10:$F$13, AA23, MATCH_INPUT!$K$10:$K$13, "<>"&AA23, MATCH_INPUT!$K$10:$K$13, "<>Draw", MATCH_INPUT!$K$10:$K$13, "<>""") + COUNTIFS(MATCH_INPUT!$J$10:$J$13, AA23, MATCH_INPUT!$K$10:$K$13, "<>"&AA23, MATCH_INPUT!$K$10:$K$13, "<>Draw", MATCH_INPUT!$K$10:$K$13, "<>"""), 0) -> 0 | AK23: =RANK(AB23, AB$3:AB$38, 0) -> 24 | AL23: =IF(AK23<Y23, "↑", IF(AK23>Y23, "↓", "=")) -> ↑ | AM23: MAGENTA | AN23: =SUM(AO23:AP23)+AB23+AU23 -> 16 | AO23: =COUNTA(AM23)*2 -> 2 | AP23: =SUM(AQ23*2)+(AR23*1) -> 4 | AQ23: =IF(AM23<>"", COUNTIFS(MATCH_INPUT!$K$14:$K$17,AM23), 0) -> 2 | AR23: =IF(AM23<>"", COUNTIFS(MATCH_INPUT!$F$14:$F$17, AM23, MATCH_INPUT!$K$14:$K$17, "Draw") + COUNTIFS(MATCH_INPUT!$J$14:$J$17, AM23, MATCH_INPUT!$K$14:$K$17, "Draw"), 0) -> 0 | AS23: =IF(AM23<>"", COUNTIFS(MATCH_INPUT!$F$14:$F$17, AM23, MATCH_INPUT!$K$14:$K$17, "<>"&AM23, MATCH_INPUT!$K$14:$K$17, "<>Draw", MATCH_INPUT!$K$14:$K$17, "<>""") + COUNTIFS(MATCH_INPUT!$J$14:$J$17, AM23, MATCH_INPUT!$K$14:$K$17, "<>"&AM23, MATCH_INPUT!$K$14:$K$17, "<>Draw", MATCH_INPUT!$K$14:$K$17, "<>"""), 0) -> 0 | AW23: =RANK(AN23, AN$3:AN$38, 0) -> 15 | AX23: =IF(AW23<AK23, "↑", IF(AW23>AK23, "↓", "=")) -> ↑ | AY23: GREEN | AZ23: =SUM(BA23:BB23)+BG23+AN23 -> 23 | BA23: =COUNTA(AY23)*2 -> 2 | BB23: =SUM(BC23*2) + (BD23*1) + SUMIFS(MATCH_INPUT!$G$18:$G$21, MATCH_INPUT!$F$18:$F$21, AY23) + SUMIFS(MATCH_INPUT!$I$18:$I$21, MATCH_INPUT!$J$18:$J$21, AY23) -> 5 | BC23: =IF(AY23<>"", COUNTIFS(MATCH_INPUT!$K$18:$K$21,AY23), 0) -> 1 | BD23: =IF(AY23<>"", COUNTIFS(MATCH_INPUT!$F$18:$F$21, AY23, MATCH_INPUT!$K$18:$K$21, "Draw") + COUNTIFS(MATCH_INPUT!$J$18:$J$21, AY23, MATCH_INPUT!$K$18:$K$21, "Draw"), 0) -> 0 | BE23: =IF(AY23<>"", COUNTIFS(MATCH_INPUT!$F$18:$F$21, AY23, MATCH_INPUT!$K$18:$K$21, "<>"&AY23, MATCH_INPUT!$K$18:$K$21, "<>Draw", MATCH_INPUT!$K$18:$K$21, "<>""") + COUNTIFS(MATCH_INPUT!$J$18:$J$21, AY23, MATCH_INPUT!$K$18:$K$21, "<>"&AY23, MATCH_INPUT!$K$18:$K$21, "<>Draw", MATCH_INPUT!$K$18:$K$21, "<>"""), 0) -> 1 | BF23: 1 | BI23: =RANK(AZ23, AZ$3:AZ$38, 0) -> 14 | BJ23: =IF(BI23<AW23, "↑", IF(BI23>AW23, "↓", "=")) -> ↑ | BK23: ORANGE | BL23: =SUM(BM23:BN23)+BS23+AZ23 -> 25 | BM23: =COUNTA(BK23)*2 -> 2 | BN23: =SUM(BO23*2) + (BP23*1) + SUMIFS(MATCH_INPUT!$G$22:$G$25, MATCH_INPUT!$F$22:$F$25, BK23) + SUMIFS(MATCH_INPUT!$I$22:$I$25, MATCH_INPUT!$J$22:$J$25, BK23) -> 0 | BO23: =IF(BK23<>"", COUNTIFS(MATCH_INPUT!$K$22:$K$25,BK23), 0) -> 0 | BP23: =IF(BK23<>"", COUNTIFS(MATCH_INPUT!$F$22:$F$25, BK23, MATCH_INPUT!$K$22:$K$25, "Draw") + COUNTIFS(MATCH_INPUT!$J$22:$J$25, BK23, MATCH_INPUT!$K$22:$K$25, "Draw"), 0) -> 0 | BQ23: =IF(BK23<>"", COUNTIFS(MATCH_INPUT!$F$22:$F$25, BK23, MATCH_INPUT!$K$22:$K$25, "<>"&BK23, MATCH_INPUT!$K$22:$K$25, "<>Draw", MATCH_INPUT!$K$22:$K$25, "<>""") + COUNTIFS(MATCH_INPUT!$J$22:$J$25, BK23, MATCH_INPUT!$K$22:$K$25, "<>"&BK23, MATCH_INPUT!$K$22:$K$25, "<>Draw", MATCH_INPUT!$K$22:$K$25, "<>"""), 0) -> 2 | BU23: =RANK(BL23, BL$3:BL$38, 0) -> 26 | BV23: =IF(BU23<BI23, "↑", IF(BU23>BI23, "↓", "=")) -> ↓ | BW23: GREEN | BX23: =SUM(BY23:BZ23)+CE23+BL23 -> 30 | BY23: =COUNTA(BW23)*2 -> 2 | BZ23: =SUM(CA23*2)+(CB23*1) + SUMIFS(MATCH_INPUT!$G$26:$G$29, MATCH_INPUT!$F$26:$F$29, BW23) + SUMIFS(MATCH_INPUT!$I$26:$I$29, MATCH_INPUT!$J$26:$J$29, BW23) -> 3 | CA23: =IF(BW23<>"", COUNTIFS(MATCH_INPUT!$K$26:$K$29,BW23), 0) -> 0 | CB23: =IF(BW23<>"", COUNTIFS(MATCH_INPUT!$F$26:$F$29, BW23, MATCH_INPUT!$K$26:$K$29, "Draw") + COUNTIFS(MATCH_INPUT!$J$26:$J$29, BW23, MATCH_INPUT!$K$26:$K$29, "Draw"), 0) -> 2 | CC23: =IF(BW23<>"", COUNTIFS(MATCH_INPUT!$F$26:$F$29, BW23, MATCH_INPUT!$K$26:$K$29, "<>"&BW23, MATCH_INPUT!$K$26:$K$29, "<>Draw", MATCH_INPUT!$K$26:$K$29, "<>""") + COUNTIFS(MATCH_INPUT!$J$26:$J$29, BW23, MATCH_INPUT!$K$26:$K$29, "<>"&BW23, MATCH_INPUT!$K$26:$K$29, "<>Draw", MATCH_INPUT!$K$26:$K$29, "<>"""), 0) -> 0 | CG23: =RANK(BX23, BX$3:BX$38, 0) -> 27 | CH23: =IF(CG23<BU23, "↑", IF(CG23>BU23, "↓", "=")) -> ↓ | CI23: GREEN | CJ23: =SUM(CK23:CL23)+CQ23+BX23 -> 36 | CK23: =COUNTA(CI23)*2 -> 2 | CL23: =SUM(CM23*2)+(CN23*1) + SUMIFS(MATCH_INPUT!$G$30:$G$33, MATCH_INPUT!$F$30:$F$33, CI23) + SUMIFS(MATCH_INPUT!$I$30:$I$33, MATCH_INPUT!$J$30:$J$33, CI23) -> 4 | CM23: =IF(CI23<>"", COUNTIFS(MATCH_INPUT!$K$30:$K$33,CI23), 0) -> 1 | CN23: =IF(CI23<>"", COUNTIFS(MATCH_INPUT!$F$30:$F$33, CI23, MATCH_INPUT!$K$30:$K$33, "Draw") + COUNTIFS(MATCH_INPUT!$J$30:$J$33, CI23, MATCH_INPUT!$K$30:$K$33, "Draw"), 0) -> 0 | CO23: =IF(CI23<>"", COUNTIFS(MATCH_INPUT!$F$30:$F$33, CI23, MATCH_INPUT!$K$30:$K$33, "<>"&CI23, MATCH_INPUT!$K$30:$K$33, "<>Draw", MATCH_INPUT!$K$30:$K$33, "<>""") + COUNTIFS(MATCH_INPUT!$J$30:$J$33, CI23, MATCH_INPUT!$K$30:$K$33, "<>"&CI23, MATCH_INPUT!$K$30:$K$33, "<>Draw", MATCH_INPUT!$K$30:$K$33, "<>"""), 0) -> 1 | CS23: =RANK(CJ23, CJ$3:CJ$38, 0) -> 21 | CT23: =IF(CS23<CG23, "↑", IF(CS23>CG23, "↓", "=")) -> ↑ | CU23: =SUM(F23,R23,AD23,AP23,BB23,BN23,BZ23,CL23) -> 20 | CV23: =A23 -> 🍀 | CW23: =B23 -> Jordan | CX23: =SUM(CU23,CY23,DD23) -> 36 | CY23: =SUM( IF(AND('MATCH DATES'!$A$2 <= TODAY(), NOW() >= 'MATCH DATES'!$A$2 + TIME(22, 0, 0)), E23, 0), IF(AND('MATCH DATES'!$A$3 <= TODAY(), NOW() >= 'MATCH DATES'!$A$3 + TIME(22, 0, 0)), Q23, 0), IF(AND('MATCH DATES'!$A$4 <= TODAY(), NOW() >= 'MATCH DATES'!$A$4 + TIME(22, 0, 0)), AC23, 0), IF(AND('MATCH DATES'!$A$5 <= TODAY(), NOW() >= 'MATCH DATES'!$A$5 + TIME(22, 0, 0)), AO23, 0), IF(AND('MATCH DATES'!$A$6 <= TODAY(), NOW() >= 'MATCH DATES'!$A$6 + TIME(22, 0, 0)), BA23, 0), IF(AND('MATCH DATES'!$A$7 <= TODAY(), NOW() >= 'MATCH DATES'!$A$7 + TIME(22, 0, 0)), BM23, 0), IF(AND('MATCH DATES'!$A$8 <= TODAY(), NOW() >= 'MATCH DATES'!$A$8 + TIME(22, 0, 0)), BY23, 0), IF(AND('MATCH DATES'!$A$9 <= TODAY(), NOW() >= 'MATCH DATES'!$A$9 + TIME(22, 0, 0)), CK23, 0) ) -> 16 | CZ23: =SUM(G23,S23,AE23,AQ23,BC23,BO23,CA23,CM23) -> 5 | DA23: =SUM(H23,T23,AF23,AR23,BD23,BP23,CB23,CN23) -> 4 | DB23: =SUM( IF(AND('MATCH DATES'!$A$2 <= TODAY(), NOW() >= 'MATCH DATES'!$A$2 + TIME(22, 0, 0)), I23, 0), IF(AND('MATCH DATES'!$A$3 <= TODAY(), NOW() >= 'MATCH DATES'!$A$3 + TIME(22, 0, 0)), U23, 0), IF(AND('MATCH DATES'!$A$4 <= TODAY(), NOW() >= 'MATCH DATES'!$A$4 + TIME(22, 0, 0)), AG23, 0), IF(AND('MATCH DATES'!$A$5 <= TODAY(), NOW() >= 'MATCH DATES'!$A$5 + TIME(22, 0, 0)), AS23, 0), IF(AND('MATCH DATES'!$A$6 <= TODAY(), NOW() >= 'MATCH DATES'!$A$6 + TIME(22, 0, 0)), BE23, 0), IF(AND('MATCH DATES'!$A$7 <= TODAY(), NOW() >= 'MATCH DATES'!$A$7 + TIME(22, 0, 0)), BQ23, 0), IF(AND('MATCH DATES'!$A$8 <= TODAY(), NOW() >= 'MATCH DATES'!$A$8 + TIME(22, 0, 0)), CC23, 0), IF(AND('MATCH DATES'!$A$9 <= TODAY(), NOW() >= 'MATCH DATES'!$A$9 + TIME(22, 0, 0)), CO23, 0) ) -> 7 | DD23: =SUM(K23,W23,AI23,AU23,BG23,BS23,CE23,CQ23) -> 0 | DF23: =SUM(L23,X23,AJ23,AV23,BH23,BT23,CF23,CR23) -> 0
A24: 🍀 | B24: Jose Sarza | C24: MAGENTA | D24: =SUM(E24:F24)+K24 -> 4 | E24: =COUNTA(C24)*2 -> 2 | F24: =(G24*2)+(H24*1) -> 2 | G24: =IF(C24<>"", COUNTIFS(MATCH_INPUT!$K$2:$K$5,C24), 0) -> 1 | H24: =IF(C24<>"", COUNTIFS(MATCH_INPUT!$F$2:$F$5, C24, MATCH_INPUT!$K$2:$K$5, "Draw") + COUNTIFS(MATCH_INPUT!$J$2:$J$5, C24, MATCH_INPUT!$K$2:$K$5, "Draw"), 0) -> 0 | I24: =IF(C24<>"", COUNTIFS(MATCH_INPUT!$F$2:$F$5, C24, MATCH_INPUT!$K$2:$K$5, "<>"&C24, MATCH_INPUT!$K$2:$K$5, "<>Draw", MATCH_INPUT!$K$2:$K$5, "<>""") + COUNTIFS(MATCH_INPUT!$J$2:$J$5, C24, MATCH_INPUT!$K$2:$K$5, "<>"&C24, MATCH_INPUT!$K$2:$K$5, "<>Draw", MATCH_INPUT!$K$2:$K$5, "<>"""), 0) -> 1 | M24: =RANK(D24, D$3:D$38, 0) -> 11 | N24: =IF(M24<1, "↑", IF(M24>1, "↓", "=")) -> ↓ | O24: ORANGE | P24: =SUM(Q24:R24)+D24+W24 -> 6 | Q24: =COUNTA(O24)*2 -> 2 | R24: =(S24*2)+(T24*1) -> 0 | S24: =IF(O24<>"", COUNTIFS(MATCH_INPUT!$K$6:$K$9,O24), 0) -> 0 | T24: =IF(O24<>"", COUNTIFS(MATCH_INPUT!$F$6:$F$9, O24, MATCH_INPUT!$K$6:$K$9, "Draw") + COUNTIFS(MATCH_INPUT!$J$6:$J$9, O24, MATCH_INPUT!$K$6:$K$9, "Draw"), 0) -> 0 | U24: =IF(O24<>"", COUNTIFS(MATCH_INPUT!$F$6:$F$9, O24, MATCH_INPUT!$K$6:$K$9, "<>"&O24, MATCH_INPUT!$K$6:$K$9, "<>Draw", MATCH_INPUT!$K$6:$K$9, "<>""") + COUNTIFS(MATCH_INPUT!$J$6:$J$9, O24, MATCH_INPUT!$K$6:$K$9, "<>"&O24, MATCH_INPUT!$K$6:$K$9, "<>Draw", MATCH_INPUT!$K$6:$K$9, "<>"""), 0) -> 2 | Y24: =RANK(P24, P$3:P$38, 0) -> 25 | Z24: =IF(Y24<M24, "↑", IF(Y24>M24, "↓", "=")) -> ↓ | AA24: BLUE | AB24: =SUM(AC24:AD24)+P24+AI24 -> 10 | AC24: =COUNTA(AA24)*2 -> 2 | AD24: =SUM(AE24*2)+(AF24*1) -> 2 | AE24: =IF(AA24<>"", COUNTIFS(MATCH_INPUT!$K$10:$K$13,AA24), 0) -> 0 | AF24: =IF(AA24<>"", COUNTIFS(MATCH_INPUT!$F$10:$F$13, AA24, MATCH_INPUT!$K$10:$K$13, "Draw") + COUNTIFS(MATCH_INPUT!$J$10:$J$13, AA24, MATCH_INPUT!$K$10:$K$13, "Draw"), 0) -> 2 | AG24: =IF(AA24<>"", COUNTIFS(MATCH_INPUT!$F$10:$F$13, AA24, MATCH_INPUT!$K$10:$K$13, "<>"&AA24, MATCH_INPUT!$K$10:$K$13, "<>Draw", MATCH_INPUT!$K$10:$K$13, "<>""") + COUNTIFS(MATCH_INPUT!$J$10:$J$13, AA24, MATCH_INPUT!$K$10:$K$13, "<>"&AA24, MATCH_INPUT!$K$10:$K$13, "<>Draw", MATCH_INPUT!$K$10:$K$13, "<>"""), 0) -> 0 | AK24: =RANK(AB24, AB$3:AB$38, 0) -> 24 | AL24: =IF(AK24<Y24, "↑", IF(AK24>Y24, "↓", "=")) -> ↑ | AN24: =SUM(AO24:AP24)+AB24+AU24 -> 10 | AO24: =COUNTA(AM24)*2 -> 0 | AP24: =SUM(AQ24*2)+(AR24*1) -> 0 | AQ24: =IF(AM24<>"", COUNTIFS(MATCH_INPUT!$K$14:$K$17,AM24), 0) -> 0 | AR24: =IF(AM24<>"", COUNTIFS(MATCH_INPUT!$F$14:$F$17, AM24, MATCH_INPUT!$K$14:$K$17, "Draw") + COUNTIFS(MATCH_INPUT!$J$14:$J$17, AM24, MATCH_INPUT!$K$14:$K$17, "Draw"), 0) -> 0 | AS24: =IF(AM24<>"", COUNTIFS(MATCH_INPUT!$F$14:$F$17, AM24, MATCH_INPUT!$K$14:$K$17, "<>"&AM24, MATCH_INPUT!$K$14:$K$17, "<>Draw", MATCH_INPUT!$K$14:$K$17, "<>""") + COUNTIFS(MATCH_INPUT!$J$14:$J$17, AM24, MATCH_INPUT!$K$14:$K$17, "<>"&AM24, MATCH_INPUT!$K$14:$K$17, "<>Draw", MATCH_INPUT!$K$14:$K$17, "<>"""), 0) -> 0 | AW24: =RANK(AN24, AN$3:AN$38, 0) -> 33 | AX24: =IF(AW24<AK24, "↑", IF(AW24>AK24, "↓", "=")) -> ↓ | AY24: MAGENTA | AZ24: =SUM(BA24:BB24)+BG24+AN24 -> 16 | BA24: =COUNTA(AY24)*2 -> 2 | BB24: =SUM(BC24*2) + (BD24*1) + SUMIFS(MATCH_INPUT!$G$18:$G$21, MATCH_INPUT!$F$18:$F$21, AY24) + SUMIFS(MATCH_INPUT!$I$18:$I$21, MATCH_INPUT!$J$18:$J$21, AY24) -> 4 | BC24: =IF(AY24<>"", COUNTIFS(MATCH_INPUT!$K$18:$K$21,AY24), 0) -> 0 | BD24: =IF(AY24<>"", COUNTIFS(MATCH_INPUT!$F$18:$F$21, AY24, MATCH_INPUT!$K$18:$K$21, "Draw") + COUNTIFS(MATCH_INPUT!$J$18:$J$21, AY24, MATCH_INPUT!$K$18:$K$21, "Draw"), 0) -> 1 | BE24: =IF(AY24<>"", COUNTIFS(MATCH_INPUT!$F$18:$F$21, AY24, MATCH_INPUT!$K$18:$K$21, "<>"&AY24, MATCH_INPUT!$K$18:$K$21, "<>Draw", MATCH_INPUT!$K$18:$K$21, "<>""") + COUNTIFS(MATCH_INPUT!$J$18:$J$21, AY24, MATCH_INPUT!$K$18:$K$21, "<>"&AY24, MATCH_INPUT!$K$18:$K$21, "<>Draw", MATCH_INPUT!$K$18:$K$21, "<>"""), 0) -> 1 | BI24: =RANK(AZ24, AZ$3:AZ$38, 0) -> 32 | BJ24: =IF(BI24<AW24, "↑", IF(BI24>AW24, "↓", "=")) -> ↑ | BK24: MAGENTA | BL24: =SUM(BM24:BN24)+BS24+AZ24 -> 22 | BM24: =COUNTA(BK24)*2 -> 2 | BN24: =SUM(BO24*2) + (BP24*1) + SUMIFS(MATCH_INPUT!$G$22:$G$25, MATCH_INPUT!$F$22:$F$25, BK24) + SUMIFS(MATCH_INPUT!$I$22:$I$25, MATCH_INPUT!$J$22:$J$25, BK24) -> 4 | BO24: =IF(BK24<>"", COUNTIFS(MATCH_INPUT!$K$22:$K$25,BK24), 0) -> 0 | BP24: =IF(BK24<>"", COUNTIFS(MATCH_INPUT!$F$22:$F$25, BK24, MATCH_INPUT!$K$22:$K$25, "Draw") + COUNTIFS(MATCH_INPUT!$J$22:$J$25, BK24, MATCH_INPUT!$K$22:$K$25, "Draw"), 0) -> 2 | BQ24: =IF(BK24<>"", COUNTIFS(MATCH_INPUT!$F$22:$F$25, BK24, MATCH_INPUT!$K$22:$K$25, "<>"&BK24, MATCH_INPUT!$K$22:$K$25, "<>Draw", MATCH_INPUT!$K$22:$K$25, "<>""") + COUNTIFS(MATCH_INPUT!$J$22:$J$25, BK24, MATCH_INPUT!$K$22:$K$25, "<>"&BK24, MATCH_INPUT!$K$22:$K$25, "<>Draw", MATCH_INPUT!$K$22:$K$25, "<>"""), 0) -> 0 | BU24: =RANK(BL24, BL$3:BL$38, 0) -> 31 | BV24: =IF(BU24<BI24, "↑", IF(BU24>BI24, "↓", "=")) -> ↑ | BW24: GREEN | BX24: =SUM(BY24:BZ24)+CE24+BL24 -> 27 | BY24: =COUNTA(BW24)*2 -> 2 | BZ24: =SUM(CA24*2)+(CB24*1) + SUMIFS(MATCH_INPUT!$G$26:$G$29, MATCH_INPUT!$F$26:$F$29, BW24) + SUMIFS(MATCH_INPUT!$I$26:$I$29, MATCH_INPUT!$J$26:$J$29, BW24) -> 3 | CA24: =IF(BW24<>"", COUNTIFS(MATCH_INPUT!$K$26:$K$29,BW24), 0) -> 0 | CB24: =IF(BW24<>"", COUNTIFS(MATCH_INPUT!$F$26:$F$29, BW24, MATCH_INPUT!$K$26:$K$29, "Draw") + COUNTIFS(MATCH_INPUT!$J$26:$J$29, BW24, MATCH_INPUT!$K$26:$K$29, "Draw"), 0) -> 2 | CC24: =IF(BW24<>"", COUNTIFS(MATCH_INPUT!$F$26:$F$29, BW24, MATCH_INPUT!$K$26:$K$29, "<>"&BW24, MATCH_INPUT!$K$26:$K$29, "<>Draw", MATCH_INPUT!$K$26:$K$29, "<>""") + COUNTIFS(MATCH_INPUT!$J$26:$J$29, BW24, MATCH_INPUT!$K$26:$K$29, "<>"&BW24, MATCH_INPUT!$K$26:$K$29, "<>Draw", MATCH_INPUT!$K$26:$K$29, "<>"""), 0) -> 0 | CG24: =RANK(BX24, BX$3:BX$38, 0) -> 28 | CH24: =IF(CG24<BU24, "↑", IF(CG24>BU24, "↓", "=")) -> ↑ | CI24: ORANGE | CJ24: =SUM(CK24:CL24)+CQ24+BX24 -> 36 | CK24: =COUNTA(CI24)*2 -> 2 | CL24: =SUM(CM24*2)+(CN24*1) + SUMIFS(MATCH_INPUT!$G$30:$G$33, MATCH_INPUT!$F$30:$F$33, CI24) + SUMIFS(MATCH_INPUT!$I$30:$I$33, MATCH_INPUT!$J$30:$J$33, CI24) -> 7 | CM24: =IF(CI24<>"", COUNTIFS(MATCH_INPUT!$K$30:$K$33,CI24), 0) -> 2 | CN24: =IF(CI24<>"", COUNTIFS(MATCH_INPUT!$F$30:$F$33, CI24, MATCH_INPUT!$K$30:$K$33, "Draw") + COUNTIFS(MATCH_INPUT!$J$30:$J$33, CI24, MATCH_INPUT!$K$30:$K$33, "Draw"), 0) -> 0 | CO24: =IF(CI24<>"", COUNTIFS(MATCH_INPUT!$F$30:$F$33, CI24, MATCH_INPUT!$K$30:$K$33, "<>"&CI24, MATCH_INPUT!$K$30:$K$33, "<>Draw", MATCH_INPUT!$K$30:$K$33, "<>""") + COUNTIFS(MATCH_INPUT!$J$30:$J$33, CI24, MATCH_INPUT!$K$30:$K$33, "<>"&CI24, MATCH_INPUT!$K$30:$K$33, "<>Draw", MATCH_INPUT!$K$30:$K$33, "<>"""), 0) -> 0 | CS24: =RANK(CJ24, CJ$3:CJ$38, 0) -> 21 | CT24: =IF(CS24<CG24, "↑", IF(CS24>CG24, "↓", "=")) -> ↑ | CU24: =SUM(F24,R24,AD24,AP24,BB24,BN24,BZ24,CL24) -> 22 | CV24: =A24 -> 🍀 | CW24: =B24 -> Jose Sarza | CX24: =SUM(CU24,CY24,DD24) -> 36 | CY24: =SUM( IF(AND('MATCH DATES'!$A$2 <= TODAY(), NOW() >= 'MATCH DATES'!$A$2 + TIME(22, 0, 0)), E24, 0), IF(AND('MATCH DATES'!$A$3 <= TODAY(), NOW() >= 'MATCH DATES'!$A$3 + TIME(22, 0, 0)), Q24, 0), IF(AND('MATCH DATES'!$A$4 <= TODAY(), NOW() >= 'MATCH DATES'!$A$4 + TIME(22, 0, 0)), AC24, 0), IF(AND('MATCH DATES'!$A$5 <= TODAY(), NOW() >= 'MATCH DATES'!$A$5 + TIME(22, 0, 0)), AO24, 0), IF(AND('MATCH DATES'!$A$6 <= TODAY(), NOW() >= 'MATCH DATES'!$A$6 + TIME(22, 0, 0)), BA24, 0), IF(AND('MATCH DATES'!$A$7 <= TODAY(), NOW() >= 'MATCH DATES'!$A$7 + TIME(22, 0, 0)), BM24, 0), IF(AND('MATCH DATES'!$A$8 <= TODAY(), NOW() >= 'MATCH DATES'!$A$8 + TIME(22, 0, 0)), BY24, 0), IF(AND('MATCH DATES'!$A$9 <= TODAY(), NOW() >= 'MATCH DATES'!$A$9 + TIME(22, 0, 0)), CK24, 0) ) -> 14 | CZ24: =SUM(G24,S24,AE24,AQ24,BC24,BO24,CA24,CM24) -> 3 | DA24: =SUM(H24,T24,AF24,AR24,BD24,BP24,CB24,CN24) -> 7 | DB24: =SUM( IF(AND('MATCH DATES'!$A$2 <= TODAY(), NOW() >= 'MATCH DATES'!$A$2 + TIME(22, 0, 0)), I24, 0), IF(AND('MATCH DATES'!$A$3 <= TODAY(), NOW() >= 'MATCH DATES'!$A$3 + TIME(22, 0, 0)), U24, 0), IF(AND('MATCH DATES'!$A$4 <= TODAY(), NOW() >= 'MATCH DATES'!$A$4 + TIME(22, 0, 0)), AG24, 0), IF(AND('MATCH DATES'!$A$5 <= TODAY(), NOW() >= 'MATCH DATES'!$A$5 + TIME(22, 0, 0)), AS24, 0), IF(AND('MATCH DATES'!$A$6 <= TODAY(), NOW() >= 'MATCH DATES'!$A$6 + TIME(22, 0, 0)), BE24, 0), IF(AND('MATCH DATES'!$A$7 <= TODAY(), NOW() >= 'MATCH DATES'!$A$7 + TIME(22, 0, 0)), BQ24, 0), IF(AND('MATCH DATES'!$A$8 <= TODAY(), NOW() >= 'MATCH DATES'!$A$8 + TIME(22, 0, 0)), CC24, 0), IF(AND('MATCH DATES'!$A$9 <= TODAY(), NOW() >= 'MATCH DATES'!$A$9 + TIME(22, 0, 0)), CO24, 0) ) -> 4 | DD24: =SUM(K24,W24,AI24,AU24,BG24,BS24,CE24,CQ24) -> 0 | DF24: =SUM(L24,X24,AJ24,AV24,BH24,BT24,CF24,CR24) -> 0
